unit,iter,solver,time_us
0,0,stdDP,407.163
0,0,extDP,273.493
0,0,MILP,720.055
0,1200,stdDP,684.938
0,1200,extDP,427.831
0,1200,MILP,977.314
0,1500,stdDP,637.235
0,1500,extDP,426.428
0,1500,MILP,950.091
0,1800,stdDP,624.451
0,1800,extDP,405.855
0,1800,MILP,892.292
0,2100,stdDP,582.043
0,2100,extDP,385.292
0,2100,MILP,971.614
0,2400,stdDP,591.772
0,2400,extDP,422.774
0,2400,MILP,954.976
0,2700,stdDP,589.992
0,2700,extDP,378.496
0,2700,MILP,924.703
0,300,stdDP,659.257
0,300,extDP,442.895
0,300,MILP,1031.38
0,3000,stdDP,268.865
0,3000,extDP,156.068
0,3000,MILP,522.838
0,3300,stdDP,457.419
0,3300,extDP,277.676
0,3300,MILP,718.787
0,3600,stdDP,464.004
0,3600,extDP,154.4
0,3600,MILP,577.07
0,3900,stdDP,466.268
0,3900,extDP,161.891
0,3900,MILP,461.381
0,4200,stdDP,259.777
0,4200,extDP,146.742
0,4200,MILP,432.257
0,4500,stdDP,237.16
0,4500,extDP,283.453
0,4500,MILP,531.965
0,4800,stdDP,434.071
0,4800,extDP,150.487
0,4800,MILP,447.895
0,5100,stdDP,458.996
0,5100,extDP,147.074
0,5100,MILP,449.384
0,5400,stdDP,257.303
0,5400,extDP,247.416
0,5400,MILP,546.92
0,5700,stdDP,233.038
0,5700,extDP,276.181
0,5700,MILP,426.82
0,600,stdDP,274.832
0,600,extDP,155.18
0,600,MILP,433.833
0,6000,stdDP,280.917
0,6000,extDP,190.798
0,6000,MILP,491.541
0,6300,stdDP,250.598
0,6300,extDP,156.738
0,6300,MILP,511.402
0,6600,stdDP,323.047
0,6600,extDP,144.724
0,6600,MILP,447.342
0,6900,stdDP,245.586
0,6900,extDP,168.103
0,6900,MILP,591.572
0,7200,stdDP,415.238
0,7200,extDP,150.55
0,7200,MILP,672.055
0,7500,stdDP,449.262
0,7500,extDP,269.535
0,7500,MILP,449.728
0,7800,stdDP,261.159
0,7800,extDP,193.688
0,7800,MILP,447.579
0,8100,stdDP,433.765
0,8100,extDP,344.549
0,8100,MILP,653.893
0,8400,stdDP,326.022
0,8400,extDP,315.827
0,8400,MILP,505.361
0,8700,stdDP,242.045
0,8700,extDP,143.923
0,8700,MILP,421.695
0,900,stdDP,239.559
0,900,extDP,170.525
0,900,MILP,610.909
0,9000,stdDP,251.574
0,9000,extDP,247.444
0,9000,MILP,431.405
0,9300,stdDP,468.602
0,9300,extDP,317.392
0,9300,MILP,434.067
0,9600,stdDP,277.538
0,9600,extDP,149.827
0,9600,MILP,689.365
0,9900,stdDP,390.315
0,9900,extDP,154.9
0,9900,MILP,438.34
1,0,stdDP,245.125
1,0,extDP,121.114
1,0,MILP,523.945
1,1200,stdDP,244.974
1,1200,extDP,57.93
1,1200,MILP,509.471
1,1500,stdDP,442.043
1,1500,extDP,101.351
1,1500,MILP,648.812
1,1800,stdDP,464.28
1,1800,extDP,122.457
1,1800,MILP,674.865
1,2100,stdDP,482.943
1,2100,extDP,130.116
1,2100,MILP,393.819
1,2400,stdDP,505.862
1,2400,extDP,118.843
1,2400,MILP,421.102
1,2700,stdDP,427.995
1,2700,extDP,59.08
1,2700,MILP,569.766
1,300,stdDP,414.079
1,300,extDP,54.526
1,300,MILP,526.771
1,3000,stdDP,451.094
1,3000,extDP,110.81
1,3000,MILP,873.631
1,3300,stdDP,655.909
1,3300,extDP,185.183
1,3300,MILP,984.781
1,3600,stdDP,668.645
1,3600,extDP,169.991
1,3600,MILP,1010.62
1,3900,stdDP,752.202
1,3900,extDP,198.237
1,3900,MILP,747.105
1,4200,stdDP,600.093
1,4200,extDP,171.284
1,4200,MILP,778.45
1,4500,stdDP,596.004
1,4500,extDP,153.682
1,4500,MILP,813.803
1,4800,stdDP,576.292
1,4800,extDP,156.597
1,4800,MILP,877.951
1,5100,stdDP,645.937
1,5100,extDP,171.192
1,5100,MILP,880.007
1,5400,stdDP,635.468
1,5400,extDP,198.367
1,5400,MILP,913.347
1,5700,stdDP,632.541
1,5700,extDP,192.211
1,5700,MILP,908.398
1,600,stdDP,662.474
1,600,extDP,191.453
1,600,MILP,971.768
1,6000,stdDP,665.46
1,6000,extDP,187.943
1,6000,MILP,914.853
1,6300,stdDP,465.476
1,6300,extDP,86.496
1,6300,MILP,965.073
1,6600,stdDP,644.014
1,6600,extDP,162.258
1,6600,MILP,942.167
1,6900,stdDP,620.766
1,6900,extDP,179.066
1,6900,MILP,938.447
1,7200,stdDP,972.977
1,7200,extDP,220.489
1,7200,MILP,1230.95
1,7500,stdDP,894.37
1,7500,extDP,219.395
1,7500,MILP,1156.5
1,7800,stdDP,648.923
1,7800,extDP,175.568
1,7800,MILP,930.852
1,8100,stdDP,681.482
1,8100,extDP,193.362
1,8100,MILP,911.024
1,8400,stdDP,663.207
1,8400,extDP,163.253
1,8400,MILP,890.723
1,8700,stdDP,664.892
1,8700,extDP,204.998
1,8700,MILP,904.865
1,900,stdDP,708.611
1,900,extDP,216.536
1,900,MILP,1088.55
1,9000,stdDP,775.727
1,9000,extDP,201.35
1,9000,MILP,763.232
1,9300,stdDP,917.666
1,9300,extDP,301.579
1,9300,MILP,1777.21
1,9600,stdDP,1420.58
1,9600,extDP,367.297
1,9600,MILP,2038.21
1,9900,stdDP,1500.43
1,9900,extDP,402.912
1,9900,MILP,2223.93
10,0,stdDP,1020.44
10,0,extDP,3490.01
10,0,MILP,3647.52
10,1200,stdDP,1134.09
10,1200,extDP,4082.55
10,1200,MILP,3925.1
10,1500,stdDP,1263.17
10,1500,extDP,4191.64
10,1500,MILP,3844.2
10,1800,stdDP,1283.16
10,1800,extDP,4702.36
10,1800,MILP,4276.24
10,2100,stdDP,1451.22
10,2100,extDP,4595.74
10,2100,MILP,4375.79
10,2400,stdDP,1412.59
10,2400,extDP,4491.17
10,2400,MILP,3870.06
10,2700,stdDP,1227.47
10,2700,extDP,4155.63
10,2700,MILP,3900.88
10,300,stdDP,1303.49
10,300,extDP,4144.9
10,300,MILP,4435.41
10,3000,stdDP,1169.5
10,3000,extDP,3404.13
10,3000,MILP,3064.14
10,3300,stdDP,896.637
10,3300,extDP,3061.45
10,3300,MILP,2895.02
10,3600,stdDP,890.714
10,3600,extDP,2980.52
10,3600,MILP,2879.06
10,3900,stdDP,906.843
10,3900,extDP,3001.91
10,3900,MILP,2875.15
10,4200,stdDP,908.655
10,4200,extDP,2953.01
10,4200,MILP,2866.38
10,4500,stdDP,892.43
10,4500,extDP,3002.31
10,4500,MILP,2885.68
10,4800,stdDP,905.055
10,4800,extDP,2865.36
10,4800,MILP,2861.57
10,5100,stdDP,897.033
10,5100,extDP,2910.58
10,5100,MILP,2824.53
10,5400,stdDP,900.259
10,5400,extDP,2972.66
10,5400,MILP,2984.82
10,5700,stdDP,958.338
10,5700,extDP,2983.41
10,5700,MILP,2838.17
10,600,stdDP,910.114
10,600,extDP,3009.83
10,600,MILP,2879.36
10,6000,stdDP,908.661
10,6000,extDP,3012.21
10,6000,MILP,2906.34
10,6300,stdDP,960.457
10,6300,extDP,3437.49
10,6300,MILP,2970.79
10,6600,stdDP,904.263
10,6600,extDP,2955.71
10,6600,MILP,2842.56
10,6900,stdDP,899.062
10,6900,extDP,3171.67
10,6900,MILP,2935.59
10,7200,stdDP,939.862
10,7200,extDP,3527.64
10,7200,MILP,2950.16
10,7500,stdDP,936.271
10,7500,extDP,1725.33
10,7500,MILP,3027.51
10,7800,stdDP,938.659
10,7800,extDP,3362.35
10,7800,MILP,3663.4
10,8100,stdDP,1180.9
10,8100,extDP,3269.89
10,8100,MILP,2911.59
10,8400,stdDP,521.473
10,8400,extDP,1712.62
10,8400,MILP,1976.21
10,8700,stdDP,537.856
10,8700,extDP,3038.14
10,8700,MILP,2907.76
10,900,stdDP,946.988
10,900,extDP,2799.28
10,900,MILP,2842.33
10,9000,stdDP,930.335
10,9000,extDP,3125.48
10,9000,MILP,3130.11
10,9300,stdDP,925.131
10,9300,extDP,2990
10,9300,MILP,2677.23
10,9600,stdDP,844.971
10,9600,extDP,2622.41
10,9600,MILP,2434
10,9900,stdDP,812.209
10,9900,extDP,2653.52
10,9900,MILP,2477.16
11,0,stdDP,1136.3
11,0,extDP,1510.4
11,0,MILP,1898.13
11,1200,stdDP,1116.5
11,1200,extDP,1514.28
11,1200,MILP,1820.92
11,1500,stdDP,1010.26
11,1500,extDP,1345.23
11,1500,MILP,1615.88
11,1800,stdDP,860.143
11,1800,extDP,1085.45
11,1800,MILP,1436.62
11,2100,stdDP,729.042
11,2100,extDP,1045.71
11,2100,MILP,1359.67
11,2400,stdDP,723.416
11,2400,extDP,982.91
11,2400,MILP,978.738
11,2700,stdDP,390.821
11,2700,extDP,626.372
11,2700,MILP,593.913
11,300,stdDP,299.053
11,300,extDP,418.329
11,300,MILP,1247.86
11,3000,stdDP,764.741
11,3000,extDP,1034.67
11,3000,MILP,911.247
11,3300,stdDP,526.093
11,3300,extDP,701.696
11,3300,MILP,943.899
11,3600,stdDP,546.969
11,3600,extDP,779.884
11,3600,MILP,933.166
11,3900,stdDP,525.238
11,3900,extDP,747.258
11,3900,MILP,950.617
11,4200,stdDP,548.111
11,4200,extDP,876.024
11,4200,MILP,953.925
11,4500,stdDP,541.142
11,4500,extDP,740.541
11,4500,MILP,934.352
11,4800,stdDP,526.099
11,4800,extDP,767.378
11,4800,MILP,1068.67
11,5100,stdDP,565.426
11,5100,extDP,707.994
11,5100,MILP,968.97
11,5400,stdDP,596.403
11,5400,extDP,797.946
11,5400,MILP,1235.04
11,5700,stdDP,793.844
11,5700,extDP,1051.53
11,5700,MILP,1195.7
11,600,stdDP,444.96
11,600,extDP,653.406
11,600,MILP,806.635
11,6000,stdDP,455.233
11,6000,extDP,623.385
11,6000,MILP,801.018
11,6300,stdDP,478.428
11,6300,extDP,649.465
11,6300,MILP,794.306
11,6600,stdDP,463.064
11,6600,extDP,603.941
11,6600,MILP,841.569
11,6900,stdDP,476.265
11,6900,extDP,630.654
11,6900,MILP,852.307
11,7200,stdDP,665.866
11,7200,extDP,926.943
11,7200,MILP,1244.98
11,7500,stdDP,482.813
11,7500,extDP,450.66
11,7500,MILP,1090.91
11,7800,stdDP,499.556
11,7800,extDP,711.006
11,7800,MILP,807.997
11,8100,stdDP,474.086
11,8100,extDP,649.503
11,8100,MILP,825.701
11,8400,stdDP,554.206
11,8400,extDP,821.941
11,8400,MILP,972.788
11,8700,stdDP,653.732
11,8700,extDP,892.291
11,8700,MILP,615.406
11,900,stdDP,435.472
11,900,extDP,626.261
11,900,MILP,716.223
11,9000,stdDP,436.435
11,9000,extDP,304.14
11,9000,MILP,768.023
11,9300,stdDP,372.61
11,9300,extDP,822.057
11,9300,MILP,1631.51
11,9600,stdDP,653.626
11,9600,extDP,1137.93
11,9600,MILP,842.934
11,9900,stdDP,445.423
11,9900,extDP,716.841
11,9900,MILP,785.771
12,0,stdDP,285.977
12,0,extDP,769.516
12,0,MILP,895.03
12,1200,stdDP,291.623
12,1200,extDP,726.513
12,1200,MILP,869.75
12,1500,stdDP,261.47
12,1500,extDP,792.586
12,1500,MILP,1258.07
12,1800,stdDP,456.435
12,1800,extDP,1048.28
12,1800,MILP,1266.55
12,2100,stdDP,406.492
12,2100,extDP,1017.75
12,2100,MILP,1148.11
12,2400,stdDP,358.279
12,2400,extDP,883.534
12,2400,MILP,1071.58
12,2700,stdDP,234.018
12,2700,extDP,357.267
12,2700,MILP,543.718
12,300,stdDP,181.409
12,300,extDP,709.641
12,300,MILP,835.317
12,3000,stdDP,285.736
12,3000,extDP,463.781
12,3000,MILP,832.864
12,3300,stdDP,278.738
12,3300,extDP,783.858
12,3300,MILP,636.864
12,3600,stdDP,139.103
12,3600,extDP,617.633
12,3600,MILP,558.92
12,3900,stdDP,136.226
12,3900,extDP,340.891
12,3900,MILP,516.205
12,4200,stdDP,146.748
12,4200,extDP,410.979
12,4200,MILP,503.03
12,4500,stdDP,147.922
12,4500,extDP,362.484
12,4500,MILP,607.943
12,4800,stdDP,144.708
12,4800,extDP,433.388
12,4800,MILP,679.842
12,5100,stdDP,162.572
12,5100,extDP,453.453
12,5100,MILP,560.786
12,5400,stdDP,166.809
12,5400,extDP,417.341
12,5400,MILP,786.66
12,5700,stdDP,133.58
12,5700,extDP,409.597
12,5700,MILP,640.945
12,600,stdDP,163.716
12,600,extDP,447.506
12,600,MILP,537.464
12,6000,stdDP,178.257
12,6000,extDP,532.782
12,6000,MILP,738.264
12,6300,stdDP,252.713
12,6300,extDP,405.323
12,6300,MILP,565.168
12,6600,stdDP,242.515
12,6600,extDP,438.343
12,6600,MILP,547.771
12,6900,stdDP,135.395
12,6900,extDP,398.009
12,6900,MILP,545.944
12,7200,stdDP,151.091
12,7200,extDP,377.903
12,7200,MILP,496.486
12,7500,stdDP,252.588
12,7500,extDP,473.105
12,7500,MILP,576.12
12,7800,stdDP,145.3
12,7800,extDP,352.33
12,7800,MILP,627.548
12,8100,stdDP,169.234
12,8100,extDP,627.348
12,8100,MILP,598.697
12,8400,stdDP,167.928
12,8400,extDP,414.58
12,8400,MILP,619.215
12,8700,stdDP,171.445
12,8700,extDP,420.132
12,8700,MILP,695.85
12,900,stdDP,153.659
12,900,extDP,477.608
12,900,MILP,548.928
12,9000,stdDP,139.366
12,9000,extDP,355.527
12,9000,MILP,670.656
12,9300,stdDP,184.292
12,9300,extDP,630.105
12,9300,MILP,817.612
12,9600,stdDP,237.838
12,9600,extDP,506.722
12,9600,MILP,677.718
12,9900,stdDP,150.258
12,9900,extDP,525.667
12,9900,MILP,565.768
13,0,stdDP,292.888
13,0,extDP,435.579
13,0,MILP,886.644
13,1200,stdDP,170.016
13,1200,extDP,459.178
13,1200,MILP,671.333
13,1500,stdDP,146.043
13,1500,extDP,423.601
13,1500,MILP,627.475
13,1800,stdDP,136.061
13,1800,extDP,330.782
13,1800,MILP,692.175
13,2100,stdDP,176.944
13,2100,extDP,391.445
13,2100,MILP,686.669
13,2400,stdDP,145.921
13,2400,extDP,618.365
13,2400,MILP,593.447
13,2700,stdDP,182.204
13,2700,extDP,344.987
13,2700,MILP,684.73
13,300,stdDP,141.62
13,300,extDP,362.645
13,300,MILP,781.394
13,3000,stdDP,183.973
13,3000,extDP,315.348
13,3000,MILP,793.876
13,3300,stdDP,146.137
13,3300,extDP,452.588
13,3300,MILP,603.255
13,3600,stdDP,268.661
13,3600,extDP,330.353
13,3600,MILP,508.426
13,3900,stdDP,139.176
13,3900,extDP,517.179
13,3900,MILP,550.487
13,4200,stdDP,151.262
13,4200,extDP,320.089
13,4200,MILP,617.837
13,4500,stdDP,183.967
13,4500,extDP,360.228
13,4500,MILP,546.909
13,4800,stdDP,153.389
13,4800,extDP,296.438
13,4800,MILP,503.358
13,5100,stdDP,219.362
13,5100,extDP,336.91
13,5100,MILP,780.134
13,5400,stdDP,147.529
13,5400,extDP,329.123
13,5400,MILP,513.92
13,5700,stdDP,137
13,5700,extDP,323.77
13,5700,MILP,511.66
13,600,stdDP,140.698
13,600,extDP,322.634
13,600,MILP,517.937
13,6000,stdDP,394.679
13,6000,extDP,927.363
13,6000,MILP,1167.51
13,6300,stdDP,399.673
13,6300,extDP,1023.48
13,6300,MILP,1157.99
13,6600,stdDP,176.842
13,6600,extDP,394.49
13,6600,MILP,864.251
13,6900,stdDP,279.443
13,6900,extDP,692.597
13,6900,MILP,900.402
13,7200,stdDP,283.07
13,7200,extDP,698.276
13,7200,MILP,899.814
13,7500,stdDP,264.37
13,7500,extDP,392.682
13,7500,MILP,882.007
13,7800,stdDP,174.925
13,7800,extDP,396.817
13,7800,MILP,551.725
13,8100,stdDP,160.806
13,8100,extDP,526.224
13,8100,MILP,511.761
13,8400,stdDP,140.137
13,8400,extDP,330.689
13,8400,MILP,515.025
13,8700,stdDP,245.37
13,8700,extDP,358.148
13,8700,MILP,524.211
13,900,stdDP,166.183
13,900,extDP,305.853
13,900,MILP,540.811
13,9000,stdDP,140.591
13,9000,extDP,352.06
13,9000,MILP,588.454
13,9300,stdDP,138.166
13,9300,extDP,317.663
13,9300,MILP,703.995
13,9600,stdDP,255.26
13,9600,extDP,329.423
13,9600,MILP,1061.98
13,9900,stdDP,362.118
13,9900,extDP,806.581
13,9900,MILP,1126.12
14,0,stdDP,545.226
14,0,extDP,607.632
14,0,MILP,985.308
14,1200,stdDP,497.813
14,1200,extDP,573.315
14,1200,MILP,998.107
14,1500,stdDP,500.445
14,1500,extDP,569.282
14,1500,MILP,977.415
14,1800,stdDP,485.987
14,1800,extDP,577.011
14,1800,MILP,1167.53
14,2100,stdDP,606.117
14,2100,extDP,560.189
14,2100,MILP,987.785
14,2400,stdDP,581.927
14,2400,extDP,602.254
14,2400,MILP,1006.35
14,2700,stdDP,552.217
14,2700,extDP,619.608
14,2700,MILP,1031.04
14,300,stdDP,540.877
14,300,extDP,654.263
14,300,MILP,1122.01
14,3000,stdDP,543.737
14,3000,extDP,604.912
14,3000,MILP,953.787
14,3300,stdDP,552.119
14,3300,extDP,747.735
14,3300,MILP,1133.72
14,3600,stdDP,584.749
14,3600,extDP,703.16
14,3600,MILP,1115.29
14,3900,stdDP,565.815
14,3900,extDP,680.52
14,3900,MILP,1111.12
14,4200,stdDP,619.443
14,4200,extDP,628.374
14,4200,MILP,1004.09
14,4500,stdDP,487.8
14,4500,extDP,623.884
14,4500,MILP,988.614
14,4800,stdDP,520.16
14,4800,extDP,560.561
14,4800,MILP,980.397
14,5100,stdDP,523.034
14,5100,extDP,557.733
14,5100,MILP,973.136
14,5400,stdDP,539.357
14,5400,extDP,683.565
14,5400,MILP,1083.26
14,5700,stdDP,512.247
14,5700,extDP,606.618
14,5700,MILP,1028.76
14,600,stdDP,551.692
14,600,extDP,719.784
14,600,MILP,1153.57
14,6000,stdDP,617
14,6000,extDP,780.93
14,6000,MILP,1336.82
14,6300,stdDP,634.904
14,6300,extDP,718.273
14,6300,MILP,825.933
14,6600,stdDP,228.039
14,6600,extDP,358.904
14,6600,MILP,487.723
14,6900,stdDP,228.871
14,6900,extDP,283.573
14,6900,MILP,507.34
14,7200,stdDP,361.469
14,7200,extDP,422.817
14,7200,MILP,760.359
14,7500,stdDP,397.989
14,7500,extDP,346.285
14,7500,MILP,506.304
14,7800,stdDP,239.334
14,7800,extDP,308.715
14,7800,MILP,703.394
14,8100,stdDP,206.147
14,8100,extDP,282.382
14,8100,MILP,584.646
14,8400,stdDP,207.704
14,8400,extDP,259.087
14,8400,MILP,469.832
14,8700,stdDP,193.014
14,8700,extDP,230.132
14,8700,MILP,446.673
14,900,stdDP,192.904
14,900,extDP,358.905
14,900,MILP,724.719
14,9000,stdDP,247.382
14,9000,extDP,268.704
14,9000,MILP,582.059
14,9300,stdDP,197.552
14,9300,extDP,272.391
14,9300,MILP,519.267
14,9600,stdDP,356.817
14,9600,extDP,216.805
14,9600,MILP,511.288
14,9900,stdDP,245.551
14,9900,extDP,405.007
14,9900,MILP,628.393
15,0,stdDP,379.72
15,0,extDP,80.759
15,0,MILP,494.309
15,1200,stdDP,436.29
15,1200,extDP,57.334
15,1200,MILP,506.409
15,1500,stdDP,435.35
15,1500,extDP,93.22
15,1500,MILP,660.868
15,1800,stdDP,262.157
15,1800,extDP,63.124
15,1800,MILP,628.093
15,2100,stdDP,328.977
15,2100,extDP,55.334
15,2100,MILP,429.73
15,2400,stdDP,256.126
15,2400,extDP,107.997
15,2400,MILP,400.365
15,2700,stdDP,408.188
15,2700,extDP,55.363
15,2700,MILP,583.709
15,300,stdDP,427.822
15,300,extDP,56.858
15,300,MILP,575.433
15,3000,stdDP,245.478
15,3000,extDP,108.971
15,3000,MILP,386.957
15,3300,stdDP,408.971
15,3300,extDP,54.927
15,3300,MILP,412.424
15,3600,stdDP,247.318
15,3600,extDP,55.291
15,3600,MILP,486.138
15,3900,stdDP,440.288
15,3900,extDP,95.296
15,3900,MILP,499.163
15,4200,stdDP,230.264
15,4200,extDP,107.011
15,4200,MILP,426.36
15,4500,stdDP,288.018
15,4500,extDP,101.734
15,4500,MILP,481.316
15,4800,stdDP,416.504
15,4800,extDP,55.077
15,4800,MILP,456.59
15,5100,stdDP,229.399
15,5100,extDP,73.941
15,5100,MILP,386.186
15,5400,stdDP,242.693
15,5400,extDP,55.272
15,5400,MILP,410.154
15,5700,stdDP,236.31
15,5700,extDP,56.907
15,5700,MILP,403.07
15,600,stdDP,345.406
15,600,extDP,119.691
15,600,MILP,403.48
15,6000,stdDP,271.862
15,6000,extDP,55.219
15,6000,MILP,371.244
15,6300,stdDP,232.1
15,6300,extDP,54.599
15,6300,MILP,385.095
15,6600,stdDP,241.166
15,6600,extDP,54.774
15,6600,MILP,369.542
15,6900,stdDP,234.566
15,6900,extDP,55.079
15,6900,MILP,377.024
15,7200,stdDP,233.364
15,7200,extDP,90.305
15,7200,MILP,403.844
15,7500,stdDP,248.163
15,7500,extDP,76.148
15,7500,MILP,437.752
15,7800,stdDP,429.215
15,7800,extDP,55.056
15,7800,MILP,410.82
15,8100,stdDP,229.504
15,8100,extDP,96.603
15,8100,MILP,546.367
15,8400,stdDP,415.012
15,8400,extDP,59.465
15,8400,MILP,570.298
15,8700,stdDP,443.694
15,8700,extDP,63.554
15,8700,MILP,690.864
15,900,stdDP,499.484
15,900,extDP,130.377
15,900,MILP,642.638
15,9000,stdDP,465.931
15,9000,extDP,107.877
15,9000,MILP,644.471
15,9300,stdDP,509.963
15,9300,extDP,109.817
15,9300,MILP,682.1
15,9600,stdDP,521.349
15,9600,extDP,137.494
15,9600,MILP,506.342
15,9900,stdDP,438.606
15,9900,extDP,60.363
15,9900,MILP,588.533
16,0,stdDP,288.083
16,0,extDP,1118.96
16,0,MILP,681.739
16,1200,stdDP,337.609
16,1200,extDP,1535.8
16,1200,MILP,1117.68
16,1500,stdDP,390.09
16,1500,extDP,1275.49
16,1500,MILP,1247.16
16,1800,stdDP,476.397
16,1800,extDP,1726.85
16,1800,MILP,1263.08
16,2100,stdDP,376.401
16,2100,extDP,1797.84
16,2100,MILP,1930.22
16,2400,stdDP,476.524
16,2400,extDP,1711.88
16,2400,MILP,1407.85
16,2700,stdDP,421.721
16,2700,extDP,1547.62
16,2700,MILP,1489.14
16,300,stdDP,473.141
16,300,extDP,1703.65
16,300,MILP,1538.98
16,3000,stdDP,506.173
16,3000,extDP,1662.62
16,3000,MILP,1633.05
16,3300,stdDP,549.596
16,3300,extDP,1499.83
16,3300,MILP,1149.63
16,3600,stdDP,375.088
16,3600,extDP,1241.96
16,3600,MILP,1130.42
16,3900,stdDP,351.295
16,3900,extDP,1243.07
16,3900,MILP,1021.11
16,4200,stdDP,316.082
16,4200,extDP,1235.46
16,4200,MILP,1123.83
16,4500,stdDP,331.502
16,4500,extDP,1169.05
16,4500,MILP,1088.34
16,4800,stdDP,334.992
16,4800,extDP,1261.21
16,4800,MILP,1115.4
16,5100,stdDP,376.017
16,5100,extDP,1219.41
16,5100,MILP,1103.04
16,5400,stdDP,315.408
16,5400,extDP,1167.81
16,5400,MILP,1105.05
16,5700,stdDP,337.349
16,5700,extDP,1225.21
16,5700,MILP,1084.67
16,600,stdDP,320.865
16,600,extDP,1077.87
16,600,MILP,1040.06
16,6000,stdDP,321.624
16,6000,extDP,1083.64
16,6000,MILP,974.186
16,6300,stdDP,304.549
16,6300,extDP,1057.48
16,6300,MILP,966.935
16,6600,stdDP,311.939
16,6600,extDP,1224.83
16,6600,MILP,1083.01
16,6900,stdDP,330.924
16,6900,extDP,1227.82
16,6900,MILP,979.078
16,7200,stdDP,309.29
16,7200,extDP,1078.08
16,7200,MILP,957.982
16,7500,stdDP,309.196
16,7500,extDP,1130.02
16,7500,MILP,1110.96
16,7800,stdDP,347.819
16,7800,extDP,1173.88
16,7800,MILP,1063.61
16,8100,stdDP,336.914
16,8100,extDP,1250.15
16,8100,MILP,1102.11
16,8400,stdDP,366.774
16,8400,extDP,1284.17
16,8400,MILP,1097.66
16,8700,stdDP,321.135
16,8700,extDP,1236.42
16,8700,MILP,1121.06
16,900,stdDP,360.649
16,900,extDP,1206.03
16,900,MILP,1096.89
16,9000,stdDP,343.72
16,9000,extDP,794.626
16,9000,MILP,977.27
16,9300,stdDP,188.856
16,9300,extDP,913.396
16,9300,MILP,1053.17
16,9600,stdDP,197.098
16,9600,extDP,842.972
16,9600,MILP,1007.32
16,9900,stdDP,193.532
16,9900,extDP,1517.71
16,9900,MILP,1140.46
17,0,stdDP,506.969
17,0,extDP,3377.82
17,0,MILP,1124.56
17,1200,stdDP,456.155
17,1200,extDP,1556.98
17,1200,MILP,991.869
17,1500,stdDP,395.435
17,1500,extDP,1424.48
17,1500,MILP,1028.01
17,1800,stdDP,458.092
17,1800,extDP,1589.74
17,1800,MILP,1164.39
17,2100,stdDP,455.135
17,2100,extDP,1778.7
17,2100,MILP,756.555
17,2400,stdDP,272.198
17,2400,extDP,1103.9
17,2400,MILP,1028.36
17,2700,stdDP,228.279
17,2700,extDP,2261.96
17,2700,MILP,1849.05
17,300,stdDP,657.314
17,300,extDP,3122.31
17,300,MILP,1525.92
17,3000,stdDP,622.564
17,3000,extDP,2186.41
17,3000,MILP,1386.29
17,3300,stdDP,609.314
17,3300,extDP,2096.74
17,3300,MILP,1453.66
17,3600,stdDP,632.78
17,3600,extDP,2297.05
17,3600,MILP,1488.76
17,3900,stdDP,628.684
17,3900,extDP,2324.35
17,3900,MILP,1567.37
17,4200,stdDP,955.031
17,4200,extDP,2335.27
17,4200,MILP,1749.02
17,4500,stdDP,454.866
17,4500,extDP,4641.43
17,4500,MILP,1461
17,4800,stdDP,244.314
17,4800,extDP,1362.48
17,4800,MILP,863.131
17,5100,stdDP,259.164
17,5100,extDP,1553.82
17,5100,MILP,935.715
17,5400,stdDP,408.977
17,5400,extDP,1072.57
17,5400,MILP,910.303
17,5700,stdDP,379.895
17,5700,extDP,1538.53
17,5700,MILP,1021.39
17,600,stdDP,422.134
17,600,extDP,1481.93
17,600,MILP,748.223
17,6000,stdDP,211.324
17,6000,extDP,825.338
17,6000,MILP,616.117
17,6300,stdDP,206.144
17,6300,extDP,832.788
17,6300,MILP,635.282
17,6600,stdDP,372.768
17,6600,extDP,1102.22
17,6600,MILP,759.743
17,6900,stdDP,375.384
17,6900,extDP,1386.75
17,6900,MILP,935.763
17,7200,stdDP,217.869
17,7200,extDP,1192.73
17,7200,MILP,1009.88
17,7500,stdDP,469.277
17,7500,extDP,1725.53
17,7500,MILP,1073.23
17,7800,stdDP,421.683
17,7800,extDP,1481.07
17,7800,MILP,1026.44
17,8100,stdDP,413.123
17,8100,extDP,2438.61
17,8100,MILP,1505.35
17,8400,stdDP,637.326
17,8400,extDP,2468.04
17,8400,MILP,1411.94
17,8700,stdDP,700.821
17,8700,extDP,1612.29
17,8700,MILP,1072.62
17,900,stdDP,570.04
17,900,extDP,1591.42
17,900,MILP,1064.6
17,9000,stdDP,425.897
17,9000,extDP,1541.52
17,9000,MILP,1115.57
17,9300,stdDP,446.868
17,9300,extDP,1062.85
17,9300,MILP,698.197
17,9600,stdDP,275.787
17,9600,extDP,1011.9
17,9600,MILP,650.001
17,9900,stdDP,390.13
17,9900,extDP,1017.96
17,9900,MILP,1088.05
18,0,stdDP,431.917
18,0,extDP,270.676
18,0,MILP,753.096
18,1200,stdDP,446.574
18,1200,extDP,406.011
18,1200,MILP,893.698
18,1500,stdDP,438.636
18,1500,extDP,413.542
18,1500,MILP,734.627
18,1800,stdDP,465.926
18,1800,extDP,395.681
18,1800,MILP,910.338
18,2100,stdDP,494.041
18,2100,extDP,377.172
18,2100,MILP,817.476
18,2400,stdDP,485.837
18,2400,extDP,383.277
18,2400,MILP,822.942
18,2700,stdDP,483.892
18,2700,extDP,405.46
18,2700,MILP,795.895
18,300,stdDP,522.66
18,300,extDP,371.856
18,300,MILP,888.693
18,3000,stdDP,253.815
18,3000,extDP,202.95
18,3000,MILP,798.969
18,3300,stdDP,458.28
18,3300,extDP,377.424
18,3300,MILP,808.933
18,3600,stdDP,479.368
18,3600,extDP,249.839
18,3600,MILP,1552.35
18,3900,stdDP,555.769
18,3900,extDP,436.598
18,3900,MILP,638.416
18,4200,stdDP,497.335
18,4200,extDP,334.202
18,4200,MILP,494.427
18,4500,stdDP,433.129
18,4500,extDP,359.696
18,4500,MILP,528.436
18,4800,stdDP,244.526
18,4800,extDP,255.551
18,4800,MILP,1067.28
18,5100,stdDP,655.534
18,5100,extDP,560.094
18,5100,MILP,825.023
18,5400,stdDP,485.525
18,5400,extDP,515.063
18,5400,MILP,1094.23
18,5700,stdDP,686.316
18,5700,extDP,573.64
18,5700,MILP,1093.1
18,600,stdDP,727.069
18,600,extDP,595.79
18,600,MILP,972.257
18,6000,stdDP,521.303
18,6000,extDP,405.221
18,6000,MILP,787.184
18,6300,stdDP,469.465
18,6300,extDP,434.25
18,6300,MILP,782.549
18,6600,stdDP,456.08
18,6600,extDP,370.597
18,6600,MILP,894.813
18,6900,stdDP,491.946
18,6900,extDP,371.108
18,6900,MILP,803.133
18,7200,stdDP,457.27
18,7200,extDP,369.079
18,7200,MILP,805.323
18,7500,stdDP,286.223
18,7500,extDP,410.848
18,7500,MILP,879.499
18,7800,stdDP,849.497
18,7800,extDP,577.756
18,7800,MILP,1037
18,8100,stdDP,631.244
18,8100,extDP,474.949
18,8100,MILP,793.001
18,8400,stdDP,521.327
18,8400,extDP,390.772
18,8400,MILP,776.008
18,8700,stdDP,484.445
18,8700,extDP,395.585
18,8700,MILP,835.113
18,900,stdDP,481.671
18,900,extDP,348.715
18,900,MILP,773.76
18,9000,stdDP,436.72
18,9000,extDP,388.642
18,9000,MILP,753.015
18,9300,stdDP,471.672
18,9300,extDP,377.266
18,9300,MILP,736.998
18,9600,stdDP,580.093
18,9600,extDP,392.485
18,9600,MILP,773.919
18,9900,stdDP,451.863
18,9900,extDP,347.524
18,9900,MILP,741.393
19,0,stdDP,412.398
19,0,extDP,121.109
19,0,MILP,685.167
19,1200,stdDP,516.649
19,1200,extDP,146.398
19,1200,MILP,730.985
19,1500,stdDP,456.537
19,1500,extDP,134.325
19,1500,MILP,766.828
19,1800,stdDP,479.785
19,1800,extDP,132.14
19,1800,MILP,658.637
19,2100,stdDP,494.715
19,2100,extDP,125.325
19,2100,MILP,692.515
19,2400,stdDP,452.987
19,2400,extDP,125.8
19,2400,MILP,651.896
19,2700,stdDP,398.772
19,2700,extDP,117.427
19,2700,MILP,1402.33
19,300,stdDP,643.306
19,300,extDP,172.401
19,300,MILP,850.841
19,3000,stdDP,556.422
19,3000,extDP,168.007
19,3000,MILP,892.674
19,3300,stdDP,523.475
19,3300,extDP,163.847
19,3300,MILP,869.385
19,3600,stdDP,606.073
19,3600,extDP,158.568
19,3600,MILP,622.693
19,3900,stdDP,391.473
19,3900,extDP,111.128
19,3900,MILP,616.637
19,4200,stdDP,376.705
19,4200,extDP,57.383
19,4200,MILP,641.636
19,4500,stdDP,382.425
19,4500,extDP,124.783
19,4500,MILP,676.648
19,4800,stdDP,406.861
19,4800,extDP,119.405
19,4800,MILP,802.389
19,5100,stdDP,400.286
19,5100,extDP,120.488
19,5100,MILP,644.095
19,5400,stdDP,574.652
19,5400,extDP,136.369
19,5400,MILP,827.956
19,5700,stdDP,464.411
19,5700,extDP,124.418
19,5700,MILP,717.098
19,600,stdDP,440.874
19,600,extDP,125.912
19,600,MILP,678.68
19,6000,stdDP,402.899
19,6000,extDP,111.105
19,6000,MILP,634.191
19,6300,stdDP,408.61
19,6300,extDP,110.104
19,6300,MILP,618.017
19,6600,stdDP,431.366
19,6600,extDP,115.32
19,6600,MILP,607.615
19,6900,stdDP,360.772
19,6900,extDP,99.163
19,6900,MILP,796.78
19,7200,stdDP,563.514
19,7200,extDP,234.887
19,7200,MILP,816.999
19,7500,stdDP,601.212
19,7500,extDP,171.724
19,7500,MILP,838.809
19,7800,stdDP,637.571
19,7800,extDP,168.881
19,7800,MILP,805.757
19,8100,stdDP,530.329
19,8100,extDP,151.525
19,8100,MILP,812.315
19,8400,stdDP,566.778
19,8400,extDP,158.599
19,8400,MILP,915.957
19,8700,stdDP,1255.12
19,8700,extDP,166.664
19,8700,MILP,708.73
19,900,stdDP,546.662
19,900,extDP,182.701
19,900,MILP,884.489
19,9000,stdDP,627.625
19,9000,extDP,163.245
19,9000,MILP,1278.41
19,9300,stdDP,586.7
19,9300,extDP,151.719
19,9300,MILP,828.896
19,9600,stdDP,514.524
19,9600,extDP,166.119
19,9600,MILP,813.746
19,9900,stdDP,538.851
19,9900,extDP,170.376
19,9900,MILP,817.168
2,0,stdDP,127.657
2,0,extDP,824.398
2,0,MILP,1087.6
2,1200,stdDP,294.452
2,1200,extDP,956.05
2,1200,MILP,929.358
2,1500,stdDP,259.92
2,1500,extDP,843.253
2,1500,MILP,1254.05
2,1800,stdDP,338.706
2,1800,extDP,1251.04
2,1800,MILP,944.935
2,2100,stdDP,246.918
2,2100,extDP,904.765
2,2100,MILP,724.644
2,2400,stdDP,134.028
2,2400,extDP,1128.12
2,2400,MILP,699.593
2,2700,stdDP,233.691
2,2700,extDP,731.577
2,2700,MILP,769.484
2,300,stdDP,126.178
2,300,extDP,610.879
2,300,MILP,707.517
2,3000,stdDP,164.87
2,3000,extDP,1174.51
2,3000,MILP,1750.33
2,3300,stdDP,353.254
2,3300,extDP,1345.56
2,3300,MILP,1308.26
2,3600,stdDP,356.595
2,3600,extDP,1335.98
2,3600,MILP,977.953
2,3900,stdDP,254.023
2,3900,extDP,918.041
2,3900,MILP,924.926
2,4200,stdDP,233.433
2,4200,extDP,819.152
2,4200,MILP,905.918
2,4500,stdDP,239.688
2,4500,extDP,996.465
2,4500,MILP,962.836
2,4800,stdDP,244.054
2,4800,extDP,865.573
2,4800,MILP,884.662
2,5100,stdDP,244.793
2,5100,extDP,891.576
2,5100,MILP,926.587
2,5400,stdDP,230.855
2,5400,extDP,841.403
2,5400,MILP,922.249
2,5700,stdDP,240.744
2,5700,extDP,824.756
2,5700,MILP,904.415
2,600,stdDP,245.023
2,600,extDP,916.108
2,600,MILP,984.912
2,6000,stdDP,256.265
2,6000,extDP,934.802
2,6000,MILP,940.389
2,6300,stdDP,266.472
2,6300,extDP,921.28
2,6300,MILP,923.778
2,6600,stdDP,236.416
2,6600,extDP,837.018
2,6600,MILP,954.872
2,6900,stdDP,235.348
2,6900,extDP,977.143
2,6900,MILP,936.11
2,7200,stdDP,316.438
2,7200,extDP,917.979
2,7200,MILP,950.136
2,7500,stdDP,270.855
2,7500,extDP,863.181
2,7500,MILP,926.413
2,7800,stdDP,255.279
2,7800,extDP,791.371
2,7800,MILP,804.229
2,8100,stdDP,216.404
2,8100,extDP,793.493
2,8100,MILP,814.743
2,8400,stdDP,223.995
2,8400,extDP,767.165
2,8400,MILP,813.741
2,8700,stdDP,223.973
2,8700,extDP,777.53
2,8700,MILP,848.496
2,900,stdDP,226.557
2,900,extDP,765.462
2,900,MILP,828.275
2,9000,stdDP,228.874
2,9000,extDP,851.572
2,9000,MILP,953.96
2,9300,stdDP,329.055
2,9300,extDP,1174.61
2,9300,MILP,860.106
2,9600,stdDP,330.967
2,9600,extDP,501.669
2,9600,MILP,841.655
2,9900,stdDP,245.288
2,9900,extDP,674.501
2,9900,MILP,862.546
20,0,stdDP,262.962
20,0,extDP,1126.68
20,0,MILP,1205.05
20,1200,stdDP,463.989
20,1200,extDP,1117.56
20,1200,MILP,1196.59
20,1500,stdDP,472.57
20,1500,extDP,1074
20,1500,MILP,1136.24
20,1800,stdDP,396.162
20,1800,extDP,1075.77
20,1800,MILP,896.746
20,2100,stdDP,482.299
20,2100,extDP,1167.58
20,2100,MILP,1213.72
20,2400,stdDP,475.438
20,2400,extDP,1139.85
20,2400,MILP,1527.71
20,2700,stdDP,518.676
20,2700,extDP,1213.9
20,2700,MILP,1190.67
20,300,stdDP,442.252
20,300,extDP,1050.08
20,300,MILP,1092.69
20,3000,stdDP,433.188
20,3000,extDP,1002.75
20,3000,MILP,784.884
20,3300,stdDP,296.781
20,3300,extDP,1000.66
20,3300,MILP,1185.63
20,3600,stdDP,408.406
20,3600,extDP,1352.33
20,3600,MILP,1429.05
20,3900,stdDP,497.482
20,3900,extDP,1223.61
20,3900,MILP,1148.31
20,4200,stdDP,457.544
20,4200,extDP,1017.5
20,4200,MILP,1073.23
20,4500,stdDP,431.478
20,4500,extDP,1035.05
20,4500,MILP,1146.58
20,4800,stdDP,544.736
20,4800,extDP,1085.48
20,4800,MILP,921.666
20,5100,stdDP,323.799
20,5100,extDP,848.391
20,5100,MILP,882.54
20,5400,stdDP,314.935
20,5400,extDP,746.255
20,5400,MILP,841.651
20,5700,stdDP,333.427
20,5700,extDP,895.59
20,5700,MILP,773.945
20,600,stdDP,290.32
20,600,extDP,511.369
20,600,MILP,866.74
20,6000,stdDP,160.41
20,6000,extDP,1095.35
20,6000,MILP,1076.5
20,6300,stdDP,340.825
20,6300,extDP,944.702
20,6300,MILP,1125.57
20,6600,stdDP,449.13
20,6600,extDP,1311.33
20,6600,MILP,927.716
20,6900,stdDP,439.916
20,6900,extDP,1125.21
20,6900,MILP,1080.31
20,7200,stdDP,453.427
20,7200,extDP,1069.44
20,7200,MILP,1983.21
20,7500,stdDP,451.481
20,7500,extDP,1183.67
20,7500,MILP,1178.36
20,7800,stdDP,426.663
20,7800,extDP,1015.78
20,7800,MILP,1101
20,8100,stdDP,432.7
20,8100,extDP,1254.52
20,8100,MILP,1443.97
20,8400,stdDP,347.15
20,8400,extDP,772.69
20,8400,MILP,926.143
20,8700,stdDP,447.16
20,8700,extDP,1151.8
20,8700,MILP,1141.35
20,900,stdDP,444.796
20,900,extDP,1137.16
20,900,MILP,918.874
20,9000,stdDP,336.519
20,9000,extDP,949.576
20,9000,MILP,867.778
20,9300,stdDP,328.766
20,9300,extDP,819.524
20,9300,MILP,819.063
20,9600,stdDP,320.362
20,9600,extDP,798.895
20,9600,MILP,850.509
20,9900,stdDP,338.305
20,9900,extDP,919.279
20,9900,MILP,889.063
21,0,stdDP,418.44
21,0,extDP,457.674
21,0,MILP,816.618
21,1200,stdDP,410.926
21,1200,extDP,532.34
21,1200,MILP,4755.15
21,1500,stdDP,417.319
21,1500,extDP,475.926
21,1500,MILP,1115.93
21,1800,stdDP,595.701
21,1800,extDP,681.266
21,1800,MILP,1120.28
21,2100,stdDP,591.452
21,2100,extDP,685.746
21,2100,MILP,1119.84
21,2400,stdDP,617.753
21,2400,extDP,760.094
21,2400,MILP,1131.04
21,2700,stdDP,597.613
21,2700,extDP,714.552
21,2700,MILP,1183.53
21,300,stdDP,603.323
21,300,extDP,762.923
21,300,MILP,1108.6
21,3000,stdDP,646.305
21,3000,extDP,679.915
21,3000,MILP,985.019
21,3300,stdDP,563.293
21,3300,extDP,668.648
21,3300,MILP,1054.1
21,3600,stdDP,524.879
21,3600,extDP,629.147
21,3600,MILP,1033.99
21,3900,stdDP,536.289
21,3900,extDP,563.844
21,3900,MILP,983.771
21,4200,stdDP,447.163
21,4200,extDP,590.809
21,4200,MILP,969.912
21,4500,stdDP,539.049
21,4500,extDP,704.477
21,4500,MILP,1028.36
21,4800,stdDP,543.716
21,4800,extDP,624.602
21,4800,MILP,990.04
21,5100,stdDP,517.805
21,5100,extDP,622.192
21,5100,MILP,1120.77
21,5400,stdDP,592.582
21,5400,extDP,680.054
21,5400,MILP,1020.37
21,5700,stdDP,521.858
21,5700,extDP,432.59
21,5700,MILP,1034.65
21,600,stdDP,587.024
21,600,extDP,698.039
21,600,MILP,1103.04
21,6000,stdDP,558.811
21,6000,extDP,694.087
21,6000,MILP,1007.99
21,6300,stdDP,572.983
21,6300,extDP,700.224
21,6300,MILP,1082.21
21,6600,stdDP,569.645
21,6600,extDP,657.998
21,6600,MILP,1082.16
21,6900,stdDP,555.825
21,6900,extDP,645.87
21,6900,MILP,1109.38
21,7200,stdDP,582.873
21,7200,extDP,665.65
21,7200,MILP,1137.03
21,7500,stdDP,535.712
21,7500,extDP,732.883
21,7500,MILP,1144.33
21,7800,stdDP,554.329
21,7800,extDP,648.126
21,7800,MILP,1051.04
21,8100,stdDP,556.536
21,8100,extDP,632.174
21,8100,MILP,1105.41
21,8400,stdDP,708.49
21,8400,extDP,669.827
21,8400,MILP,1079.36
21,8700,stdDP,616.079
21,8700,extDP,689.032
21,8700,MILP,1181.06
21,900,stdDP,592.317
21,900,extDP,760.03
21,900,MILP,1065.42
21,9000,stdDP,570.623
21,9000,extDP,641.993
21,9000,MILP,1117.52
21,9300,stdDP,442.318
21,9300,extDP,635.58
21,9300,MILP,895.257
21,9600,stdDP,592.298
21,9600,extDP,676.86
21,9600,MILP,1368.24
21,9900,stdDP,545.359
21,9900,extDP,709.491
21,9900,MILP,789.014
22,0,stdDP,511.791
22,0,extDP,150.337
22,0,MILP,815.793
22,1200,stdDP,429.91
22,1200,extDP,115.532
22,1200,MILP,727.275
22,1500,stdDP,607.946
22,1500,extDP,185.059
22,1500,MILP,786.694
22,1800,stdDP,273.024
22,1800,extDP,124.484
22,1800,MILP,593.453
22,2100,stdDP,428.838
22,2100,extDP,118.226
22,2100,MILP,669.485
22,2400,stdDP,463.156
22,2400,extDP,146.646
22,2400,MILP,622.127
22,2700,stdDP,424.666
22,2700,extDP,113.262
22,2700,MILP,704.745
22,300,stdDP,441.972
22,300,extDP,121.764
22,300,MILP,673.181
22,3000,stdDP,465.447
22,3000,extDP,114.968
22,3000,MILP,646.955
22,3300,stdDP,415.612
22,3300,extDP,114.57
22,3300,MILP,651.807
22,3600,stdDP,452.034
22,3600,extDP,113.734
22,3600,MILP,868.095
22,3900,stdDP,408.691
22,3900,extDP,127.46
22,3900,MILP,638.787
22,4200,stdDP,440.025
22,4200,extDP,112.759
22,4200,MILP,673.022
22,4500,stdDP,407.437
22,4500,extDP,105.526
22,4500,MILP,641.909
22,4800,stdDP,236.898
22,4800,extDP,61.082
22,4800,MILP,451.71
22,5100,stdDP,228.322
22,5100,extDP,64.795
22,5100,MILP,921.632
22,5400,stdDP,626.477
22,5400,extDP,119.218
22,5400,MILP,909.487
22,5700,stdDP,763.191
22,5700,extDP,206.309
22,5700,MILP,1111.08
22,600,stdDP,646.304
22,600,extDP,211.075
22,600,MILP,934.573
22,6000,stdDP,555.993
22,6000,extDP,165.617
22,6000,MILP,1093.64
22,6300,stdDP,531.334
22,6300,extDP,165.081
22,6300,MILP,913.256
22,6600,stdDP,661.478
22,6600,extDP,184.418
22,6600,MILP,934.865
22,6900,stdDP,566.363
22,6900,extDP,194.26
22,6900,MILP,1046.05
22,7200,stdDP,602.393
22,7200,extDP,188.455
22,7200,MILP,889.753
22,7500,stdDP,558.783
22,7500,extDP,161.372
22,7500,MILP,833.105
22,7800,stdDP,610.335
22,7800,extDP,160.736
22,7800,MILP,859.844
22,8100,stdDP,569.249
22,8100,extDP,197.202
22,8100,MILP,1150.62
22,8400,stdDP,596.731
22,8400,extDP,172.757
22,8400,MILP,875.025
22,8700,stdDP,427.751
22,8700,extDP,109.302
22,8700,MILP,695.952
22,900,stdDP,446.901
22,900,extDP,134.696
22,900,MILP,892.94
22,9000,stdDP,443.539
22,9000,extDP,128.603
22,9000,MILP,690.605
22,9300,stdDP,473.365
22,9300,extDP,126.084
22,9300,MILP,806.6
22,9600,stdDP,432.691
22,9600,extDP,128.657
22,9600,MILP,676.821
22,9900,stdDP,448.406
22,9900,extDP,122.975
22,9900,MILP,657.436
23,0,stdDP,415.029
23,0,extDP,115.674
23,0,MILP,630.063
23,1200,stdDP,424.158
23,1200,extDP,119.393
23,1200,MILP,650.839
23,1500,stdDP,421.725
23,1500,extDP,117.806
23,1500,MILP,638.485
23,1800,stdDP,439.722
23,1800,extDP,137.366
23,1800,MILP,660.135
23,2100,stdDP,459.291
23,2100,extDP,125.431
23,2100,MILP,691.142
23,2400,stdDP,416.112
23,2400,extDP,123.83
23,2400,MILP,888.274
23,2700,stdDP,415.851
23,2700,extDP,101.769
23,2700,MILP,593.118
23,300,stdDP,385.868
23,300,extDP,98.897
23,300,MILP,664.955
23,3000,stdDP,424.641
23,3000,extDP,97.778
23,3000,MILP,845.269
23,3300,stdDP,404.11
23,3300,extDP,108.129
23,3300,MILP,680.812
23,3600,stdDP,466.828
23,3600,extDP,132.044
23,3600,MILP,665.113
23,3900,stdDP,478.632
23,3900,extDP,148.193
23,3900,MILP,770.194
23,4200,stdDP,445.445
23,4200,extDP,132.87
23,4200,MILP,704.902
23,4500,stdDP,481.313
23,4500,extDP,153.601
23,4500,MILP,705.122
23,4800,stdDP,430.042
23,4800,extDP,126.538
23,4800,MILP,576.518
23,5100,stdDP,447.993
23,5100,extDP,106.284
23,5100,MILP,439.55
23,5400,stdDP,220.961
23,5400,extDP,101.926
23,5400,MILP,658.759
23,5700,stdDP,471.482
23,5700,extDP,134.181
23,5700,MILP,790.799
23,600,stdDP,578.759
23,600,extDP,199.277
23,600,MILP,1014.93
23,6000,stdDP,664.342
23,6000,extDP,193.334
23,6000,MILP,872.019
23,6300,stdDP,655.553
23,6300,extDP,176.095
23,6300,MILP,840.343
23,6600,stdDP,609.506
23,6600,extDP,159.822
23,6600,MILP,893.969
23,6900,stdDP,600.594
23,6900,extDP,173.917
23,6900,MILP,933.505
23,7200,stdDP,539.919
23,7200,extDP,129.37
23,7200,MILP,1960.55
23,7500,stdDP,576.432
23,7500,extDP,172.066
23,7500,MILP,891.427
23,7800,stdDP,832.312
23,7800,extDP,173.113
23,7800,MILP,697.967
23,8100,stdDP,510.701
23,8100,extDP,136.874
23,8100,MILP,720.004
23,8400,stdDP,430.117
23,8400,extDP,128.311
23,8400,MILP,693.653
23,8700,stdDP,443.13
23,8700,extDP,128.181
23,8700,MILP,740.661
23,900,stdDP,452.123
23,900,extDP,63.691
23,900,MILP,930.805
23,9000,stdDP,631.602
23,9000,extDP,180.788
23,9000,MILP,676.782
23,9300,stdDP,453.41
23,9300,extDP,120.744
23,9300,MILP,726.276
23,9600,stdDP,503.14
23,9600,extDP,123.82
23,9600,MILP,937.335
23,9900,stdDP,578.398
23,9900,extDP,161.567
23,9900,MILP,812.337
24,0,stdDP,528.182
24,0,extDP,1861.52
24,0,MILP,1457.15
24,1200,stdDP,519.343
24,1200,extDP,1781.06
24,1200,MILP,1442.3
24,1500,stdDP,577.844
24,1500,extDP,1930.08
24,1500,MILP,1301.37
24,1800,stdDP,456.443
24,1800,extDP,1627.32
24,1800,MILP,1177.36
24,2100,stdDP,431.588
24,2100,extDP,1457.96
24,2100,MILP,1118.22
24,2400,stdDP,292.743
24,2400,extDP,1307.03
24,2400,MILP,1030.4
24,2700,stdDP,373.2
24,2700,extDP,1264.25
24,2700,MILP,673.577
24,300,stdDP,358.509
24,300,extDP,1177.78
24,300,MILP,998.905
24,3000,stdDP,561.644
24,3000,extDP,1851.87
24,3000,MILP,1010.78
24,3300,stdDP,391.717
24,3300,extDP,1430.96
24,3300,MILP,1102.97
24,3600,stdDP,443.708
24,3600,extDP,1639.11
24,3600,MILP,1296.75
24,3900,stdDP,491.099
24,3900,extDP,1407.21
24,3900,MILP,1258.91
24,4200,stdDP,380.638
24,4200,extDP,1382.86
24,4200,MILP,1032.3
24,4500,stdDP,378.046
24,4500,extDP,1276.61
24,4500,MILP,1368.19
24,4800,stdDP,531.917
24,4800,extDP,1770.42
24,4800,MILP,1021.16
24,5100,stdDP,193.338
24,5100,extDP,1647.82
24,5100,MILP,1530.1
24,5400,stdDP,550.438
24,5400,extDP,2017.22
24,5400,MILP,1533.21
24,5700,stdDP,592.104
24,5700,extDP,2039.4
24,5700,MILP,1850.81
24,600,stdDP,532.24
24,600,extDP,1894.37
24,600,MILP,1366.79
24,6000,stdDP,568.497
24,6000,extDP,1897.82
24,6000,MILP,1678.09
24,6300,stdDP,551.578
24,6300,extDP,3131.93
24,6300,MILP,1404.17
24,6600,stdDP,502.466
24,6600,extDP,1662.82
24,6600,MILP,1753.95
24,6900,stdDP,595.172
24,6900,extDP,1951.4
24,6900,MILP,1012.65
24,7200,stdDP,395.874
24,7200,extDP,1850.58
24,7200,MILP,1228.21
24,7500,stdDP,553.307
24,7500,extDP,1860.57
24,7500,MILP,1481.27
24,7800,stdDP,504.547
24,7800,extDP,1729.8
24,7800,MILP,1498.33
24,8100,stdDP,527.921
24,8100,extDP,2069.58
24,8100,MILP,678.564
24,8400,stdDP,198.025
24,8400,extDP,1086.6
24,8400,MILP,1035.38
24,8700,stdDP,358.369
24,8700,extDP,836.792
24,8700,MILP,1096.43
24,900,stdDP,402.72
24,900,extDP,1430.76
24,900,MILP,1290.46
24,9000,stdDP,338.904
24,9000,extDP,1374.55
24,9000,MILP,1053.75
24,9300,stdDP,370.673
24,9300,extDP,1270.61
24,9300,MILP,997.185
24,9600,stdDP,398.736
24,9600,extDP,1330.71
24,9600,MILP,1076.45
24,9900,stdDP,378.686
24,9900,extDP,1325.14
24,9900,MILP,1087.69
25,0,stdDP,414.896
25,0,extDP,379.645
25,0,MILP,735.975
25,1200,stdDP,399.802
25,1200,extDP,351.073
25,1200,MILP,809.844
25,1500,stdDP,397.004
25,1500,extDP,339.305
25,1500,MILP,731.593
25,1800,stdDP,435.286
25,1800,extDP,328.464
25,1800,MILP,724.025
25,2100,stdDP,366.418
25,2100,extDP,336.439
25,2100,MILP,735.961
25,2400,stdDP,378.772
25,2400,extDP,328.1
25,2400,MILP,724.925
25,2700,stdDP,379.244
25,2700,extDP,365.062
25,2700,MILP,795.353
25,300,stdDP,326.042
25,300,extDP,345.355
25,300,MILP,807.753
25,3000,stdDP,399.494
25,3000,extDP,358.492
25,3000,MILP,761.03
25,3300,stdDP,408.159
25,3300,extDP,346.026
25,3300,MILP,728.068
25,3600,stdDP,411.566
25,3600,extDP,359.968
25,3600,MILP,721.206
25,3900,stdDP,385.781
25,3900,extDP,326.595
25,3900,MILP,723.636
25,4200,stdDP,379.118
25,4200,extDP,311.662
25,4200,MILP,767.478
25,4500,stdDP,380.186
25,4500,extDP,325.237
25,4500,MILP,765.41
25,4800,stdDP,387.132
25,4800,extDP,312.291
25,4800,MILP,739.835
25,5100,stdDP,384.383
25,5100,extDP,341.865
25,5100,MILP,759.644
25,5400,stdDP,385.325
25,5400,extDP,336.197
25,5400,MILP,746.47
25,5700,stdDP,381.052
25,5700,extDP,322.604
25,5700,MILP,750.09
25,600,stdDP,386.203
25,600,extDP,404.357
25,600,MILP,789.246
25,6000,stdDP,398.133
25,6000,extDP,402.01
25,6000,MILP,775.28
25,6300,stdDP,401.375
25,6300,extDP,348.781
25,6300,MILP,771.075
25,6600,stdDP,425.855
25,6600,extDP,369.533
25,6600,MILP,725.335
25,6900,stdDP,367.455
25,6900,extDP,315.225
25,6900,MILP,821.359
25,7200,stdDP,422.663
25,7200,extDP,352.493
25,7200,MILP,763.418
25,7500,stdDP,404.272
25,7500,extDP,326.368
25,7500,MILP,830.236
25,7800,stdDP,411.598
25,7800,extDP,377.101
25,7800,MILP,790.846
25,8100,stdDP,435.677
25,8100,extDP,358.826
25,8100,MILP,942.27
25,8400,stdDP,417.45
25,8400,extDP,371.928
25,8400,MILP,998.033
25,8700,stdDP,403.726
25,8700,extDP,416.61
25,8700,MILP,911.376
25,900,stdDP,462.784
25,900,extDP,354.814
25,900,MILP,923.985
25,9000,stdDP,465.797
25,9000,extDP,399.95
25,9000,MILP,937.917
25,9300,stdDP,389.444
25,9300,extDP,358.093
25,9300,MILP,758.209
25,9600,stdDP,502.903
25,9600,extDP,512.282
25,9600,MILP,950.731
25,9900,stdDP,609.499
25,9900,extDP,460.574
25,9900,MILP,995.123
26,0,stdDP,463.242
26,0,extDP,185.13
26,0,MILP,947.487
26,1200,stdDP,576.445
26,1200,extDP,340.736
26,1200,MILP,1089.22
26,1500,stdDP,704.412
26,1500,extDP,359.72
26,1500,MILP,1002.68
26,1800,stdDP,683.882
26,1800,extDP,360.06
26,1800,MILP,1003.21
26,2100,stdDP,647.137
26,2100,extDP,400.345
26,2100,MILP,970.442
26,2400,stdDP,694.064
26,2400,extDP,348.272
26,2400,MILP,1039.21
26,2700,stdDP,697.136
26,2700,extDP,343.324
26,2700,MILP,947.402
26,300,stdDP,503.824
26,300,extDP,289.966
26,300,MILP,752.651
26,3000,stdDP,539.802
26,3000,extDP,294.591
26,3000,MILP,806.369
26,3300,stdDP,614.936
26,3300,extDP,308.329
26,3300,MILP,987.627
26,3600,stdDP,554.485
26,3600,extDP,249.451
26,3600,MILP,756.299
26,3900,stdDP,579.181
26,3900,extDP,326.034
26,3900,MILP,853.92
26,4200,stdDP,574.949
26,4200,extDP,281.925
26,4200,MILP,805.118
26,4500,stdDP,566.898
26,4500,extDP,242.462
26,4500,MILP,728.49
26,4800,stdDP,539.969
26,4800,extDP,258.592
26,4800,MILP,872.847
26,5100,stdDP,544.911
26,5100,extDP,252.621
26,5100,MILP,726.98
26,5400,stdDP,503.376
26,5400,extDP,255.489
26,5400,MILP,825.877
26,5700,stdDP,492.493
26,5700,extDP,279.711
26,5700,MILP,1389.36
26,600,stdDP,752.279
26,600,extDP,388.187
26,600,MILP,957.032
26,6000,stdDP,650.23
26,6000,extDP,388.716
26,6000,MILP,1175.91
26,6300,stdDP,761.859
26,6300,extDP,393.247
26,6300,MILP,1028.93
26,6600,stdDP,735.675
26,6600,extDP,345.912
26,6600,MILP,1130.33
26,6900,stdDP,724.294
26,6900,extDP,344.908
26,6900,MILP,992.232
26,7200,stdDP,785.603
26,7200,extDP,251.569
26,7200,MILP,985.19
26,7500,stdDP,627.023
26,7500,extDP,336.271
26,7500,MILP,925.421
26,7800,stdDP,765.47
26,7800,extDP,338.923
26,7800,MILP,950.583
26,8100,stdDP,637.079
26,8100,extDP,332.015
26,8100,MILP,974.259
26,8400,stdDP,658.897
26,8400,extDP,236.179
26,8400,MILP,904.657
26,8700,stdDP,631.172
26,8700,extDP,320.954
26,8700,MILP,1007.79
26,900,stdDP,665.383
26,900,extDP,310.402
26,900,MILP,919.331
26,9000,stdDP,676.565
26,9000,extDP,346.205
26,9000,MILP,877.832
26,9300,stdDP,636.266
26,9300,extDP,255.929
26,9300,MILP,986.265
26,9600,stdDP,454.039
26,9600,extDP,328.135
26,9600,MILP,992.993
26,9900,stdDP,690.252
26,9900,extDP,377.707
26,9900,MILP,1118.51
27,0,stdDP,405.703
27,0,extDP,1224.81
27,0,MILP,815.685
27,1200,stdDP,294.671
27,1200,extDP,740.681
27,1200,MILP,913.217
27,1500,stdDP,311.123
27,1500,extDP,655.151
27,1500,MILP,869.726
27,1800,stdDP,288.326
27,1800,extDP,676.763
27,1800,MILP,929.383
27,2100,stdDP,276.616
27,2100,extDP,651.41
27,2100,MILP,937.969
27,2400,stdDP,275.375
27,2400,extDP,670.194
27,2400,MILP,819.095
27,2700,stdDP,267.442
27,2700,extDP,589.962
27,2700,MILP,850.489
27,300,stdDP,275.634
27,300,extDP,628.596
27,300,MILP,801.087
27,3000,stdDP,299.892
27,3000,extDP,684.188
27,3000,MILP,848.966
27,3300,stdDP,306.904
27,3300,extDP,760.418
27,3300,MILP,2900.64
27,3600,stdDP,274.922
27,3600,extDP,643.274
27,3600,MILP,814.352
27,3900,stdDP,275.711
27,3900,extDP,710.966
27,3900,MILP,795.215
27,4200,stdDP,302.282
27,4200,extDP,718.626
27,4200,MILP,838.171
27,4500,stdDP,305.856
27,4500,extDP,747.773
27,4500,MILP,925.648
27,4800,stdDP,280.825
27,4800,extDP,770.709
27,4800,MILP,1022.06
27,5100,stdDP,303.717
27,5100,extDP,667.092
27,5100,MILP,880.359
27,5400,stdDP,288.493
27,5400,extDP,675.79
27,5400,MILP,904.195
27,5700,stdDP,315.199
27,5700,extDP,758.698
27,5700,MILP,916.498
27,600,stdDP,337.225
27,600,extDP,721.134
27,600,MILP,895.542
27,6000,stdDP,301.437
27,6000,extDP,710.108
27,6000,MILP,1087.56
27,6300,stdDP,319.213
27,6300,extDP,687.041
27,6300,MILP,950.575
27,6600,stdDP,296.329
27,6600,extDP,685.992
27,6600,MILP,910.886
27,6900,stdDP,314.702
27,6900,extDP,675.224
27,6900,MILP,892.809
27,7200,stdDP,329.961
27,7200,extDP,719.31
27,7200,MILP,870.244
27,7500,stdDP,290.001
27,7500,extDP,711.58
27,7500,MILP,868.992
27,7800,stdDP,291.512
27,7800,extDP,670.229
27,7800,MILP,887.665
27,8100,stdDP,273.729
27,8100,extDP,651.343
27,8100,MILP,864.67
27,8400,stdDP,323.025
27,8400,extDP,794.888
27,8400,MILP,901.152
27,8700,stdDP,293.123
27,8700,extDP,674.142
27,8700,MILP,884.1
27,900,stdDP,322.367
27,900,extDP,783.555
27,900,MILP,940.495
27,9000,stdDP,333.267
27,9000,extDP,679.434
27,9000,MILP,908.717
27,9300,stdDP,291.136
27,9300,extDP,679.471
27,9300,MILP,914.542
27,9600,stdDP,310.976
27,9600,extDP,819.678
27,9600,MILP,886.917
27,9900,stdDP,289.715
27,9900,extDP,674.163
27,9900,MILP,884.316
28,0,stdDP,484.002
28,0,extDP,325.493
28,0,MILP,788.292
28,1200,stdDP,557.798
28,1200,extDP,323.522
28,1200,MILP,827.795
28,1500,stdDP,515.57
28,1500,extDP,311.353
28,1500,MILP,747.854
28,1800,stdDP,491.688
28,1800,extDP,326.823
28,1800,MILP,761.941
28,2100,stdDP,545.103
28,2100,extDP,330.938
28,2100,MILP,740.241
28,2400,stdDP,503.016
28,2400,extDP,318.715
28,2400,MILP,834.564
28,2700,stdDP,478.139
28,2700,extDP,336.259
28,2700,MILP,2735.42
28,300,stdDP,518.873
28,300,extDP,363.909
28,300,MILP,774.171
28,3000,stdDP,530.171
28,3000,extDP,328.634
28,3000,MILP,726.184
28,3300,stdDP,515.469
28,3300,extDP,370.198
28,3300,MILP,785.394
28,3600,stdDP,549.499
28,3600,extDP,342.919
28,3600,MILP,804.518
28,3900,stdDP,458.244
28,3900,extDP,299.826
28,3900,MILP,681.657
28,4200,stdDP,476.13
28,4200,extDP,321.057
28,4200,MILP,5493.1
28,4500,stdDP,472.778
28,4500,extDP,364.838
28,4500,MILP,868.144
28,4800,stdDP,504.053
28,4800,extDP,314.501
28,4800,MILP,756.89
28,5100,stdDP,495.299
28,5100,extDP,304.931
28,5100,MILP,730.13
28,5400,stdDP,614.629
28,5400,extDP,354.565
28,5400,MILP,792.588
28,5700,stdDP,505.319
28,5700,extDP,312.484
28,5700,MILP,738.787
28,600,stdDP,510.952
28,600,extDP,320.084
28,600,MILP,730.003
28,6000,stdDP,549.498
28,6000,extDP,323.175
28,6000,MILP,737.943
28,6300,stdDP,464.47
28,6300,extDP,312.592
28,6300,MILP,690.451
28,6600,stdDP,467.38
28,6600,extDP,301.283
28,6600,MILP,686.34
28,6900,stdDP,523.062
28,6900,extDP,312.566
28,6900,MILP,707.219
28,7200,stdDP,497.795
28,7200,extDP,322.781
28,7200,MILP,747.296
28,7500,stdDP,491.691
28,7500,extDP,306.039
28,7500,MILP,750.605
28,7800,stdDP,522.862
28,7800,extDP,337.754
28,7800,MILP,764.095
28,8100,stdDP,506.043
28,8100,extDP,334.324
28,8100,MILP,740.917
28,8400,stdDP,538.106
28,8400,extDP,324.106
28,8400,MILP,751.882
28,8700,stdDP,490.164
28,8700,extDP,328.428
28,8700,MILP,773.345
28,900,stdDP,501.556
28,900,extDP,337.899
28,900,MILP,779.866
28,9000,stdDP,525.604
28,9000,extDP,343.787
28,9000,MILP,797.492
28,9300,stdDP,513.4
28,9300,extDP,351.295
28,9300,MILP,740.482
28,9600,stdDP,510.692
28,9600,extDP,370.633
28,9600,MILP,757.978
28,9900,stdDP,552.641
28,9900,extDP,342.895
28,9900,MILP,761.275
29,0,stdDP,499.455
29,0,extDP,1712.87
29,0,MILP,1126.99
29,1200,stdDP,509.114
29,1200,extDP,1794.09
29,1200,MILP,1114.68
29,1500,stdDP,472.352
29,1500,extDP,1589.87
29,1500,MILP,1049.66
29,1800,stdDP,425.202
29,1800,extDP,1511.21
29,1800,MILP,1043.72
29,2100,stdDP,438.145
29,2100,extDP,1513.87
29,2100,MILP,987.208
29,2400,stdDP,410.334
29,2400,extDP,1457.69
29,2400,MILP,1096.74
29,2700,stdDP,432.471
29,2700,extDP,1663.39
29,2700,MILP,1073.73
29,300,stdDP,458.128
29,300,extDP,1638.72
29,300,MILP,980.96
29,3000,stdDP,441.169
29,3000,extDP,1548.8
29,3000,MILP,1033.11
29,3300,stdDP,681.888
29,3300,extDP,2126.59
29,3300,MILP,1285.82
29,3600,stdDP,428.645
29,3600,extDP,4577.83
29,3600,MILP,1390.98
29,3900,stdDP,700.484
29,3900,extDP,5436.34
29,3900,MILP,3553.78
29,4200,stdDP,695.124
29,4200,extDP,5262.81
29,4200,MILP,3086.39
29,4500,stdDP,442.622
29,4500,extDP,5385.83
29,4500,MILP,4089.24
29,4800,stdDP,430.155
29,4800,extDP,1647.67
29,4800,MILP,1105.01
29,5100,stdDP,421.652
29,5100,extDP,1524.63
29,5100,MILP,1059.29
29,5400,stdDP,481.439
29,5400,extDP,2036.53
29,5400,MILP,1042.95
29,5700,stdDP,452.339
29,5700,extDP,1639.06
29,5700,MILP,1138.27
29,600,stdDP,544.363
29,600,extDP,1730.89
29,600,MILP,1142.54
29,6000,stdDP,863.987
29,6000,extDP,1595.4
29,6000,MILP,1214.38
29,6300,stdDP,503.168
29,6300,extDP,1906.65
29,6300,MILP,1328.76
29,6600,stdDP,493.767
29,6600,extDP,1608.61
29,6600,MILP,1164.12
29,6900,stdDP,498.014
29,6900,extDP,1744.86
29,6900,MILP,1276.55
29,7200,stdDP,496.36
29,7200,extDP,1834.86
29,7200,MILP,1117.12
29,7500,stdDP,501.694
29,7500,extDP,1726.45
29,7500,MILP,1549.76
29,7800,stdDP,447.542
29,7800,extDP,1800.39
29,7800,MILP,1105.53
29,8100,stdDP,498.585
29,8100,extDP,1651.31
29,8100,MILP,1157
29,8400,stdDP,479.594
29,8400,extDP,1700.57
29,8400,MILP,1125.44
29,8700,stdDP,467.543
29,8700,extDP,1740.87
29,8700,MILP,1352.79
29,900,stdDP,473.687
29,900,extDP,1879.87
29,900,MILP,1092.12
29,9000,stdDP,442.537
29,9000,extDP,1722.88
29,9000,MILP,1085.84
29,9300,stdDP,467.125
29,9300,extDP,1800.46
29,9300,MILP,1050.44
29,9600,stdDP,464.55
29,9600,extDP,1590.89
29,9600,MILP,1113
29,9900,stdDP,473.7
29,9900,extDP,1630.27
29,9900,MILP,1106.4
3,0,stdDP,468.666
3,0,extDP,116.758
3,0,MILP,643.402
3,1200,stdDP,456.604
3,1200,extDP,128.663
3,1200,MILP,661.587
3,1500,stdDP,437.625
3,1500,extDP,125.236
3,1500,MILP,679
3,1800,stdDP,447.401
3,1800,extDP,116.586
3,1800,MILP,702.431
3,2100,stdDP,433.171
3,2100,extDP,123.216
3,2100,MILP,690.888
3,2400,stdDP,431.721
3,2400,extDP,139.776
3,2400,MILP,715.699
3,2700,stdDP,469.658
3,2700,extDP,143.548
3,2700,MILP,688.291
3,300,stdDP,450.694
3,300,extDP,126.263
3,300,MILP,638.983
3,3000,stdDP,434.274
3,3000,extDP,123.302
3,3000,MILP,679.461
3,3300,stdDP,472.21
3,3300,extDP,139.292
3,3300,MILP,707.946
3,3600,stdDP,468.5
3,3600,extDP,131.201
3,3600,MILP,1622.43
3,3900,stdDP,438.722
3,3900,extDP,139.34
3,3900,MILP,694.906
3,4200,stdDP,450.633
3,4200,extDP,135.15
3,4200,MILP,689.336
3,4500,stdDP,450.401
3,4500,extDP,138.429
3,4500,MILP,709.51
3,4800,stdDP,439.393
3,4800,extDP,131.985
3,4800,MILP,614.044
3,5100,stdDP,419.144
3,5100,extDP,117.446
3,5100,MILP,681.073
3,5400,stdDP,499.176
3,5400,extDP,123.789
3,5400,MILP,648.216
3,5700,stdDP,434.133
3,5700,extDP,117.465
3,5700,MILP,685.67
3,600,stdDP,432.846
3,600,extDP,118.502
3,600,MILP,666.236
3,6000,stdDP,416.912
3,6000,extDP,113.28
3,6000,MILP,602.446
3,6300,stdDP,443.941
3,6300,extDP,119.319
3,6300,MILP,670.217
3,6600,stdDP,434.562
3,6600,extDP,122.498
3,6600,MILP,664.034
3,6900,stdDP,405.582
3,6900,extDP,112.756
3,6900,MILP,702.243
3,7200,stdDP,447.701
3,7200,extDP,119.537
3,7200,MILP,654.921
3,7500,stdDP,398.88
3,7500,extDP,115.841
3,7500,MILP,647.172
3,7800,stdDP,429.807
3,7800,extDP,117.33
3,7800,MILP,643.64
3,8100,stdDP,419.527
3,8100,extDP,128.058
3,8100,MILP,642.424
3,8400,stdDP,467.652
3,8400,extDP,112.619
3,8400,MILP,647.313
3,8700,stdDP,446.423
3,8700,extDP,127.558
3,8700,MILP,659.916
3,900,stdDP,434.393
3,900,extDP,131.387
3,900,MILP,691.209
3,9000,stdDP,453.099
3,9000,extDP,136.942
3,9000,MILP,670.663
3,9300,stdDP,474.715
3,9300,extDP,129.286
3,9300,MILP,675.06
3,9600,stdDP,437.85
3,9600,extDP,129.85
3,9600,MILP,624.806
3,9900,stdDP,398.801
3,9900,extDP,111.859
3,9900,MILP,646.098
30,0,stdDP,398.172
30,0,extDP,569.54
30,0,MILP,839.656
30,1200,stdDP,432.587
30,1200,extDP,580.042
30,1200,MILP,872.219
30,1500,stdDP,385.418
30,1500,extDP,641.985
30,1500,MILP,829.616
30,1800,stdDP,410.627
30,1800,extDP,581.854
30,1800,MILP,842.293
30,2100,stdDP,390.177
30,2100,extDP,591.628
30,2100,MILP,841.345
30,2400,stdDP,382.196
30,2400,extDP,595.452
30,2400,MILP,882.117
30,2700,stdDP,395.445
30,2700,extDP,612.255
30,2700,MILP,831.77
30,300,stdDP,378.764
30,300,extDP,600.679
30,300,MILP,959.258
30,3000,stdDP,353.303
30,3000,extDP,570.549
30,3000,MILP,810.597
30,3300,stdDP,438.43
30,3300,extDP,550.249
30,3300,MILP,842.02
30,3600,stdDP,396.082
30,3600,extDP,650.843
30,3600,MILP,823.444
30,3900,stdDP,377.099
30,3900,extDP,594.818
30,3900,MILP,837.244
30,4200,stdDP,380.35
30,4200,extDP,543.654
30,4200,MILP,852.415
30,4500,stdDP,357.487
30,4500,extDP,553.18
30,4500,MILP,812.071
30,4800,stdDP,395.804
30,4800,extDP,562.553
30,4800,MILP,783.206
30,5100,stdDP,365.523
30,5100,extDP,563.837
30,5100,MILP,864.82
30,5400,stdDP,383.447
30,5400,extDP,554.877
30,5400,MILP,842.259
30,5700,stdDP,355.934
30,5700,extDP,603.022
30,5700,MILP,856.547
30,600,stdDP,380.534
30,600,extDP,613.064
30,600,MILP,803.851
30,6000,stdDP,373.64
30,6000,extDP,583.627
30,6000,MILP,884.729
30,6300,stdDP,391.693
30,6300,extDP,591.046
30,6300,MILP,1010.19
30,6600,stdDP,457.994
30,6600,extDP,646.07
30,6600,MILP,865.366
30,6900,stdDP,387.73
30,6900,extDP,600.198
30,6900,MILP,851.995
30,7200,stdDP,392.172
30,7200,extDP,1027.36
30,7200,MILP,815.347
30,7500,stdDP,434.941
30,7500,extDP,592.099
30,7500,MILP,841.161
30,7800,stdDP,376.12
30,7800,extDP,639.711
30,7800,MILP,870.887
30,8100,stdDP,401.36
30,8100,extDP,659.567
30,8100,MILP,822.153
30,8400,stdDP,386.427
30,8400,extDP,577.161
30,8400,MILP,966.461
30,8700,stdDP,395.164
30,8700,extDP,605.228
30,8700,MILP,820.935
30,900,stdDP,366.12
30,900,extDP,530.213
30,900,MILP,883.971
30,9000,stdDP,392.202
30,9000,extDP,622.598
30,9000,MILP,1231.37
30,9300,stdDP,396.311
30,9300,extDP,611.825
30,9300,MILP,817.188
30,9600,stdDP,404.696
30,9600,extDP,637.568
30,9600,MILP,826.901
30,9900,stdDP,398.344
30,9900,extDP,688.79
30,9900,MILP,820.488
31,0,stdDP,459.479
31,0,extDP,264.048
31,0,MILP,749.601
31,1200,stdDP,523.02
31,1200,extDP,259.35
31,1200,MILP,788.131
31,1500,stdDP,521.259
31,1500,extDP,251.103
31,1500,MILP,764.122
31,1800,stdDP,492.453
31,1800,extDP,246.1
31,1800,MILP,741.901
31,2100,stdDP,489.057
31,2100,extDP,271.121
31,2100,MILP,776.149
31,2400,stdDP,482.071
31,2400,extDP,241.597
31,2400,MILP,752.483
31,2700,stdDP,534.134
31,2700,extDP,280.053
31,2700,MILP,866.464
31,300,stdDP,492.156
31,300,extDP,273.91
31,300,MILP,1253.16
31,3000,stdDP,526.722
31,3000,extDP,245.221
31,3000,MILP,738.131
31,3300,stdDP,489.72
31,3300,extDP,248.838
31,3300,MILP,801.991
31,3600,stdDP,517.118
31,3600,extDP,258.145
31,3600,MILP,744.819
31,3900,stdDP,496.904
31,3900,extDP,251.94
31,3900,MILP,729.611
31,4200,stdDP,493.784
31,4200,extDP,275.52
31,4200,MILP,726.777
31,4500,stdDP,665.242
31,4500,extDP,243.924
31,4500,MILP,946.809
31,4800,stdDP,588.044
31,4800,extDP,252.858
31,4800,MILP,772.864
31,5100,stdDP,513.277
31,5100,extDP,285.055
31,5100,MILP,855.818
31,5400,stdDP,518.775
31,5400,extDP,236.822
31,5400,MILP,789.943
31,5700,stdDP,489.309
31,5700,extDP,261.635
31,5700,MILP,730.351
31,600,stdDP,484.166
31,600,extDP,286.375
31,600,MILP,740.65
31,6000,stdDP,493.5
31,6000,extDP,260.18
31,6000,MILP,752.615
31,6300,stdDP,493.55
31,6300,extDP,253.853
31,6300,MILP,784.422
31,6600,stdDP,482.074
31,6600,extDP,248.849
31,6600,MILP,765.234
31,6900,stdDP,514.554
31,6900,extDP,254.23
31,6900,MILP,743.952
31,7200,stdDP,471.989
31,7200,extDP,266.975
31,7200,MILP,748.068
31,7500,stdDP,501.46
31,7500,extDP,267.907
31,7500,MILP,758.185
31,7800,stdDP,483.398
31,7800,extDP,241.174
31,7800,MILP,757.306
31,8100,stdDP,473.223
31,8100,extDP,251.376
31,8100,MILP,776.744
31,8400,stdDP,491.489
31,8400,extDP,280.651
31,8400,MILP,773.246
31,8700,stdDP,485.106
31,8700,extDP,272.389
31,8700,MILP,786.583
31,900,stdDP,539.63
31,900,extDP,272.22
31,900,MILP,751.737
31,9000,stdDP,525.283
31,9000,extDP,278.099
31,9000,MILP,798.809
31,9300,stdDP,511.001
31,9300,extDP,265.018
31,9300,MILP,750.611
31,9600,stdDP,474.276
31,9600,extDP,250.863
31,9600,MILP,780.66
31,9900,stdDP,514.83
31,9900,extDP,271.883
31,9900,MILP,852.134
32,0,stdDP,461.36
32,0,extDP,259.547
32,0,MILP,750.193
32,1200,stdDP,473.004
32,1200,extDP,260.017
32,1200,MILP,761.323
32,1500,stdDP,464.362
32,1500,extDP,275.39
32,1500,MILP,796.11
32,1800,stdDP,446.545
32,1800,extDP,245.317
32,1800,MILP,782.475
32,2100,stdDP,458.816
32,2100,extDP,233.595
32,2100,MILP,755.044
32,2400,stdDP,474.923
32,2400,extDP,246.185
32,2400,MILP,788.678
32,2700,stdDP,457.862
32,2700,extDP,259.04
32,2700,MILP,787.332
32,300,stdDP,482.177
32,300,extDP,267.836
32,300,MILP,739.876
32,3000,stdDP,469.163
32,3000,extDP,260.041
32,3000,MILP,737.326
32,3300,stdDP,461.015
32,3300,extDP,244.036
32,3300,MILP,765.029
32,3600,stdDP,462.738
32,3600,extDP,235.983
32,3600,MILP,753.309
32,3900,stdDP,514.47
32,3900,extDP,247.361
32,3900,MILP,742.594
32,4200,stdDP,496.91
32,4200,extDP,265.405
32,4200,MILP,769.007
32,4500,stdDP,447.249
32,4500,extDP,250.864
32,4500,MILP,800.221
32,4800,stdDP,471.543
32,4800,extDP,249.626
32,4800,MILP,767.876
32,5100,stdDP,441.253
32,5100,extDP,223.909
32,5100,MILP,756.636
32,5400,stdDP,478.518
32,5400,extDP,253.236
32,5400,MILP,760.302
32,5700,stdDP,654.818
32,5700,extDP,379.127
32,5700,MILP,1052.73
32,600,stdDP,649.065
32,600,extDP,361.62
32,600,MILP,1018.93
32,6000,stdDP,639.161
32,6000,extDP,359.275
32,6000,MILP,991.229
32,6300,stdDP,688.41
32,6300,extDP,392.582
32,6300,MILP,1252.58
32,6600,stdDP,807.942
32,6600,extDP,369.713
32,6600,MILP,1096.47
32,6900,stdDP,632.423
32,6900,extDP,342.122
32,6900,MILP,1031.04
32,7200,stdDP,645.878
32,7200,extDP,369.253
32,7200,MILP,797.892
32,7500,stdDP,483.016
32,7500,extDP,254.843
32,7500,MILP,757.492
32,7800,stdDP,465.755
32,7800,extDP,246.799
32,7800,MILP,751.241
32,8100,stdDP,447.393
32,8100,extDP,239.491
32,8100,MILP,771.363
32,8400,stdDP,483.302
32,8400,extDP,238.727
32,8400,MILP,743.442
32,8700,stdDP,460.677
32,8700,extDP,288.402
32,8700,MILP,764.389
32,900,stdDP,464.919
32,900,extDP,236.623
32,900,MILP,746.167
32,9000,stdDP,473.129
32,9000,extDP,241.894
32,9000,MILP,847.841
32,9300,stdDP,467.858
32,9300,extDP,237.843
32,9300,MILP,748.064
32,9600,stdDP,443.458
32,9600,extDP,255.301
32,9600,MILP,742.702
32,9900,stdDP,465.986
32,9900,extDP,237.74
32,9900,MILP,740.382
33,0,stdDP,295.258
33,0,extDP,759.533
33,0,MILP,876.214
33,1200,stdDP,304.134
33,1200,extDP,781.137
33,1200,MILP,926.601
33,1500,stdDP,307.814
33,1500,extDP,748.408
33,1500,MILP,918.903
33,1800,stdDP,293.476
33,1800,extDP,758.249
33,1800,MILP,911.055
33,2100,stdDP,286.694
33,2100,extDP,761.966
33,2100,MILP,924.424
33,2400,stdDP,332.642
33,2400,extDP,812.822
33,2400,MILP,888.421
33,2700,stdDP,290.265
33,2700,extDP,764.428
33,2700,MILP,919.739
33,300,stdDP,294.503
33,300,extDP,810.95
33,300,MILP,921.5
33,3000,stdDP,301.39
33,3000,extDP,746.842
33,3000,MILP,915.222
33,3300,stdDP,292.908
33,3300,extDP,881.516
33,3300,MILP,1050.54
33,3600,stdDP,298.478
33,3600,extDP,751.796
33,3600,MILP,913.834
33,3900,stdDP,293.377
33,3900,extDP,737.332
33,3900,MILP,945.669
33,4200,stdDP,296.601
33,4200,extDP,820.764
33,4200,MILP,898.557
33,4500,stdDP,302.781
33,4500,extDP,751.515
33,4500,MILP,917.169
33,4800,stdDP,300.145
33,4800,extDP,865.108
33,4800,MILP,967.254
33,5100,stdDP,300.524
33,5100,extDP,743.375
33,5100,MILP,1385.54
33,5400,stdDP,296.246
33,5400,extDP,914.796
33,5400,MILP,1122.71
33,5700,stdDP,306.238
33,5700,extDP,832.836
33,5700,MILP,1024.6
33,600,stdDP,322.73
33,600,extDP,852.915
33,600,MILP,933.392
33,6000,stdDP,288.326
33,6000,extDP,761.7
33,6000,MILP,993.225
33,6300,stdDP,290.134
33,6300,extDP,755.11
33,6300,MILP,911.503
33,6600,stdDP,356.078
33,6600,extDP,777.548
33,6600,MILP,910.745
33,6900,stdDP,305.673
33,6900,extDP,888.881
33,6900,MILP,962.746
33,7200,stdDP,296.635
33,7200,extDP,745.59
33,7200,MILP,923.507
33,7500,stdDP,298.355
33,7500,extDP,790.259
33,7500,MILP,910.856
33,7800,stdDP,316.071
33,7800,extDP,897.68
33,7800,MILP,913.037
33,8100,stdDP,294.49
33,8100,extDP,733.062
33,8100,MILP,872.621
33,8400,stdDP,281.127
33,8400,extDP,707.463
33,8400,MILP,981.905
33,8700,stdDP,300.472
33,8700,extDP,825.275
33,8700,MILP,946.676
33,900,stdDP,312.043
33,900,extDP,885.224
33,900,MILP,973.925
33,9000,stdDP,317.049
33,9000,extDP,749.465
33,9000,MILP,955.929
33,9300,stdDP,328.082
33,9300,extDP,841.8
33,9300,MILP,1002.16
33,9600,stdDP,308.931
33,9600,extDP,811.035
33,9600,MILP,965.95
33,9900,stdDP,336.197
33,9900,extDP,1075.27
33,9900,MILP,2384.36
34,0,stdDP,455.237
34,0,extDP,1819.83
34,0,MILP,1327.42
34,1200,stdDP,311.401
34,1200,extDP,1085.65
34,1200,MILP,965.785
34,1500,stdDP,324.07
34,1500,extDP,968.971
34,1500,MILP,1015.02
34,1800,stdDP,315.721
34,1800,extDP,1014.89
34,1800,MILP,1296.18
34,2100,stdDP,305.967
34,2100,extDP,1069.06
34,2100,MILP,1029.49
34,2400,stdDP,319.183
34,2400,extDP,1032.69
34,2400,MILP,1123.25
34,2700,stdDP,301.011
34,2700,extDP,1112.93
34,2700,MILP,1120.99
34,300,stdDP,328.356
34,300,extDP,1109.11
34,300,MILP,1094.49
34,3000,stdDP,321.007
34,3000,extDP,1296.64
34,3000,MILP,2253.97
34,3300,stdDP,313.272
34,3300,extDP,2200.48
34,3300,MILP,1243.86
34,3600,stdDP,335.485
34,3600,extDP,2777.42
34,3600,MILP,1030.53
34,3900,stdDP,385.249
34,3900,extDP,2388.18
34,3900,MILP,1336.04
34,4200,stdDP,430.504
34,4200,extDP,1104.68
34,4200,MILP,1462.46
34,4500,stdDP,328.209
34,4500,extDP,1135.47
34,4500,MILP,1138.63
34,4800,stdDP,457.211
34,4800,extDP,1357.27
34,4800,MILP,1260.44
34,5100,stdDP,448.964
34,5100,extDP,1584.62
34,5100,MILP,6376.86
34,5400,stdDP,464.575
34,5400,extDP,2489.5
34,5400,MILP,1348.88
34,5700,stdDP,310.482
34,5700,extDP,1065.53
34,5700,MILP,994.089
34,600,stdDP,333.482
34,600,extDP,2608.47
34,600,MILP,994.426
34,6000,stdDP,311.136
34,6000,extDP,987.373
34,6000,MILP,972.547
34,6300,stdDP,317.909
34,6300,extDP,972.979
34,6300,MILP,975.945
34,6600,stdDP,337.176
34,6600,extDP,1032.34
34,6600,MILP,965.12
34,6900,stdDP,310.07
34,6900,extDP,1002.81
34,6900,MILP,1070.57
34,7200,stdDP,332.711
34,7200,extDP,1094.15
34,7200,MILP,986.859
34,7500,stdDP,375.959
34,7500,extDP,1072.54
34,7500,MILP,1079.63
34,7800,stdDP,422.643
34,7800,extDP,1418.72
34,7800,MILP,1248.61
34,8100,stdDP,319.372
34,8100,extDP,960.787
34,8100,MILP,999.968
34,8400,stdDP,469.842
34,8400,extDP,1442.18
34,8400,MILP,1405.23
34,8700,stdDP,468.746
34,8700,extDP,1500.55
34,8700,MILP,1029.08
34,900,stdDP,319.299
34,900,extDP,979.057
34,900,MILP,958.858
34,9000,stdDP,312.165
34,9000,extDP,1054.02
34,9000,MILP,1005
34,9300,stdDP,329.479
34,9300,extDP,1055.3
34,9300,MILP,970.286
34,9600,stdDP,314.63
34,9600,extDP,1080.33
34,9600,MILP,1001.41
34,9900,stdDP,351.203
34,9900,extDP,1088.96
34,9900,MILP,1185.07
35,0,stdDP,416.335
35,0,extDP,636.38
35,0,MILP,924.032
35,1200,stdDP,504.965
35,1200,extDP,656.329
35,1200,MILP,861.341
35,1500,stdDP,442.374
35,1500,extDP,3699.98
35,1500,MILP,902.604
35,1800,stdDP,517.504
35,1800,extDP,1533.9
35,1800,MILP,3543.99
35,2100,stdDP,409.329
35,2100,extDP,599.903
35,2100,MILP,818.743
35,2400,stdDP,433.392
35,2400,extDP,2714.29
35,2400,MILP,862.174
35,2700,stdDP,397.505
35,2700,extDP,647.031
35,2700,MILP,875.465
35,300,stdDP,468.672
35,300,extDP,614.781
35,300,MILP,925.679
35,3000,stdDP,403.386
35,3000,extDP,634.234
35,3000,MILP,862.302
35,3300,stdDP,412.896
35,3300,extDP,609.986
35,3300,MILP,997.672
35,3600,stdDP,421.068
35,3600,extDP,692.031
35,3600,MILP,850.867
35,3900,stdDP,415.612
35,3900,extDP,590.333
35,3900,MILP,892.217
35,4200,stdDP,1521.21
35,4200,extDP,2107.43
35,4200,MILP,933.375
35,4500,stdDP,391.516
35,4500,extDP,709.49
35,4500,MILP,937.169
35,4800,stdDP,449.604
35,4800,extDP,623.433
35,4800,MILP,824.963
35,5100,stdDP,394.81
35,5100,extDP,583.843
35,5100,MILP,968.943
35,5400,stdDP,383.79
35,5400,extDP,1759.8
35,5400,MILP,939.013
35,5700,stdDP,431.551
35,5700,extDP,632.065
35,5700,MILP,900.136
35,600,stdDP,381.009
35,600,extDP,609.248
35,600,MILP,899.773
35,6000,stdDP,405.722
35,6000,extDP,582.943
35,6000,MILP,857.851
35,6300,stdDP,416.908
35,6300,extDP,649.626
35,6300,MILP,925.126
35,6600,stdDP,506.746
35,6600,extDP,605.393
35,6600,MILP,962.467
35,6900,stdDP,442.541
35,6900,extDP,775.991
35,6900,MILP,1648.02
35,7200,stdDP,442.164
35,7200,extDP,616.005
35,7200,MILP,4909.35
35,7500,stdDP,424.678
35,7500,extDP,867.021
35,7500,MILP,1254.53
35,7800,stdDP,537.035
35,7800,extDP,785.242
35,7800,MILP,1280.62
35,8100,stdDP,563.638
35,8100,extDP,757.115
35,8100,MILP,1166.27
35,8400,stdDP,546.807
35,8400,extDP,674.439
35,8400,MILP,3288.45
35,8700,stdDP,403.362
35,8700,extDP,675.996
35,8700,MILP,1266.77
35,900,stdDP,572.253
35,900,extDP,793.369
35,900,MILP,1214.93
35,9000,stdDP,563.949
35,9000,extDP,862.109
35,9000,MILP,4209.43
35,9300,stdDP,452.793
35,9300,extDP,630.908
35,9300,MILP,848.94
35,9600,stdDP,431.703
35,9600,extDP,674.59
35,9600,MILP,824.221
35,9900,stdDP,406.033
35,9900,extDP,680.357
35,9900,MILP,909.606
36,0,stdDP,538.775
36,0,extDP,116.255
36,0,MILP,714.986
36,1200,stdDP,498.054
36,1200,extDP,122.895
36,1200,MILP,736.327
36,1500,stdDP,453.017
36,1500,extDP,129.987
36,1500,MILP,1014.42
36,1800,stdDP,664.085
36,1800,extDP,185.11
36,1800,MILP,937.774
36,2100,stdDP,711.043
36,2100,extDP,194.104
36,2100,MILP,943.985
36,2400,stdDP,651.162
36,2400,extDP,170.5
36,2400,MILP,981.055
36,2700,stdDP,694.421
36,2700,extDP,192.147
36,2700,MILP,940.285
36,300,stdDP,773.063
36,300,extDP,212.067
36,300,MILP,933.644
36,3000,stdDP,616.499
36,3000,extDP,165.479
36,3000,MILP,942.697
36,3300,stdDP,645.71
36,3300,extDP,139.17
36,3300,MILP,954.087
36,3600,stdDP,640.312
36,3600,extDP,201.369
36,3600,MILP,945.053
36,3900,stdDP,673.587
36,3900,extDP,186.662
36,3900,MILP,927.362
36,4200,stdDP,673.305
36,4200,extDP,238.336
36,4200,MILP,929.864
36,4500,stdDP,637.307
36,4500,extDP,193.869
36,4500,MILP,931.221
36,4800,stdDP,671.703
36,4800,extDP,195.021
36,4800,MILP,828.075
36,5100,stdDP,682.199
36,5100,extDP,201.716
36,5100,MILP,911.944
36,5400,stdDP,660.481
36,5400,extDP,177.762
36,5400,MILP,989.676
36,5700,stdDP,489.437
36,5700,extDP,138.079
36,5700,MILP,652.359
36,600,stdDP,459.653
36,600,extDP,118.912
36,600,MILP,697.875
36,6000,stdDP,450.84
36,6000,extDP,125.964
36,6000,MILP,680.094
36,6300,stdDP,455.055
36,6300,extDP,135.477
36,6300,MILP,669.36
36,6600,stdDP,470.557
36,6600,extDP,130.716
36,6600,MILP,677.961
36,6900,stdDP,478.79
36,6900,extDP,124.438
36,6900,MILP,730.147
36,7200,stdDP,438.524
36,7200,extDP,127.079
36,7200,MILP,665.758
36,7500,stdDP,477.678
36,7500,extDP,113.09
36,7500,MILP,765.96
36,7800,stdDP,480.03
36,7800,extDP,124.199
36,7800,MILP,687.235
36,8100,stdDP,449.114
36,8100,extDP,129.235
36,8100,MILP,702.604
36,8400,stdDP,456.967
36,8400,extDP,125.244
36,8400,MILP,723.064
36,8700,stdDP,443.157
36,8700,extDP,123.389
36,8700,MILP,656.381
36,900,stdDP,459.006
36,900,extDP,137.844
36,900,MILP,634.634
36,9000,stdDP,450.024
36,9000,extDP,119.919
36,9000,MILP,678.556
36,9300,stdDP,443.679
36,9300,extDP,118.477
36,9300,MILP,653.124
36,9600,stdDP,421.097
36,9600,extDP,119.564
36,9600,MILP,638.709
36,9900,stdDP,404.405
36,9900,extDP,117.378
36,9900,MILP,608.358
37,0,stdDP,321.498
37,0,extDP,978.804
37,0,MILP,912.314
37,1200,stdDP,332.649
37,1200,extDP,1151.29
37,1200,MILP,1011
37,1500,stdDP,638.724
37,1500,extDP,1173.37
37,1500,MILP,1031.09
37,1800,stdDP,369.393
37,1800,extDP,1154.44
37,1800,MILP,989.727
37,2100,stdDP,209.883
37,2100,extDP,1121.82
37,2100,MILP,1015.75
37,2400,stdDP,361.371
37,2400,extDP,1059.38
37,2400,MILP,1033.29
37,2700,stdDP,347.478
37,2700,extDP,1034.29
37,2700,MILP,944.438
37,300,stdDP,365.421
37,300,extDP,1178.02
37,300,MILP,963.94
37,3000,stdDP,361.3
37,3000,extDP,1083.09
37,3000,MILP,1004.71
37,3300,stdDP,355.28
37,3300,extDP,1021.47
37,3300,MILP,985.606
37,3600,stdDP,367.721
37,3600,extDP,1056.17
37,3600,MILP,972.68
37,3900,stdDP,367.469
37,3900,extDP,1032.3
37,3900,MILP,991.001
37,4200,stdDP,355.449
37,4200,extDP,1081.65
37,4200,MILP,998.061
37,4500,stdDP,334.224
37,4500,extDP,999.899
37,4500,MILP,924.156
37,4800,stdDP,337.119
37,4800,extDP,1133.02
37,4800,MILP,966.915
37,5100,stdDP,358.945
37,5100,extDP,1113.22
37,5100,MILP,972.304
37,5400,stdDP,323.302
37,5400,extDP,1215.71
37,5400,MILP,991.488
37,5700,stdDP,413.656
37,5700,extDP,1059.03
37,5700,MILP,1284.61
37,600,stdDP,340.849
37,600,extDP,1123.49
37,600,MILP,1080.79
37,6000,stdDP,342.154
37,6000,extDP,1134.77
37,6000,MILP,995.939
37,6300,stdDP,336.761
37,6300,extDP,1085.52
37,6300,MILP,953.619
37,6600,stdDP,339.106
37,6600,extDP,1119.59
37,6600,MILP,952.692
37,6900,stdDP,335.711
37,6900,extDP,967.07
37,6900,MILP,882.022
37,7200,stdDP,186.777
37,7200,extDP,640.029
37,7200,MILP,545.766
37,7500,stdDP,218.092
37,7500,extDP,579.077
37,7500,MILP,578.271
37,7800,stdDP,294.974
37,7800,extDP,895.753
37,7800,MILP,834.55
37,8100,stdDP,183.328
37,8100,extDP,725.274
37,8100,MILP,596.316
37,8400,stdDP,310.396
37,8400,extDP,584.524
37,8400,MILP,1243.24
37,8700,stdDP,499.317
37,8700,extDP,1473.65
37,8700,MILP,1411.22
37,900,stdDP,525.714
37,900,extDP,1325.13
37,900,MILP,1565.46
37,9000,stdDP,478.919
37,9000,extDP,1568.33
37,9000,MILP,1372.04
37,9300,stdDP,497.893
37,9300,extDP,1677.06
37,9300,MILP,1412.17
37,9600,stdDP,495.241
37,9600,extDP,1472.29
37,9600,MILP,1337.14
37,9900,stdDP,341.638
37,9900,extDP,1377.83
37,9900,MILP,1390.68
38,0,stdDP,637.229
38,0,extDP,390.433
38,0,MILP,1028.07
38,1200,stdDP,490.328
38,1200,extDP,268.421
38,1200,MILP,771.222
38,1500,stdDP,429.887
38,1500,extDP,236.145
38,1500,MILP,969.315
38,1800,stdDP,610.475
38,1800,extDP,312.962
38,1800,MILP,920.44
38,2100,stdDP,609.236
38,2100,extDP,310.705
38,2100,MILP,936.382
38,2400,stdDP,620.559
38,2400,extDP,314.251
38,2400,MILP,962.081
38,2700,stdDP,648.928
38,2700,extDP,341.347
38,2700,MILP,995.079
38,300,stdDP,617.751
38,300,extDP,334.119
38,300,MILP,1052.21
38,3000,stdDP,620.259
38,3000,extDP,391.591
38,3000,MILP,1021.06
38,3300,stdDP,617.375
38,3300,extDP,353.05
38,3300,MILP,1028.55
38,3600,stdDP,675.893
38,3600,extDP,355.494
38,3600,MILP,1026.58
38,3900,stdDP,633.151
38,3900,extDP,446.266
38,3900,MILP,760.677
38,4200,stdDP,437.97
38,4200,extDP,226.785
38,4200,MILP,706.058
38,4500,stdDP,426.297
38,4500,extDP,214.392
38,4500,MILP,684.371
38,4800,stdDP,460.609
38,4800,extDP,231.845
38,4800,MILP,760.714
38,5100,stdDP,275.906
38,5100,extDP,166.436
38,5100,MILP,799.501
38,5400,stdDP,758.133
38,5400,extDP,362.34
38,5400,MILP,982.694
38,5700,stdDP,595.555
38,5700,extDP,317.239
38,5700,MILP,1076.61
38,600,stdDP,661.975
38,600,extDP,478.616
38,600,MILP,757.604
38,6000,stdDP,469.126
38,6000,extDP,233.115
38,6000,MILP,731.65
38,6300,stdDP,440.209
38,6300,extDP,235.436
38,6300,MILP,744.648
38,6600,stdDP,449.95
38,6600,extDP,236.41
38,6600,MILP,765.107
38,6900,stdDP,466.058
38,6900,extDP,229.028
38,6900,MILP,741.726
38,7200,stdDP,430.656
38,7200,extDP,220.13
38,7200,MILP,727.163
38,7500,stdDP,455.927
38,7500,extDP,247.227
38,7500,MILP,751.931
38,7800,stdDP,453.428
38,7800,extDP,234.963
38,7800,MILP,776.295
38,8100,stdDP,490.491
38,8100,extDP,257.669
38,8100,MILP,769.913
38,8400,stdDP,491.571
38,8400,extDP,253.953
38,8400,MILP,484.486
38,8700,stdDP,366.242
38,8700,extDP,124.143
38,8700,MILP,856.77
38,900,stdDP,249.086
38,900,extDP,150.629
38,900,MILP,452.465
38,9000,stdDP,237.707
38,9000,extDP,112.322
38,9000,MILP,472.474
38,9300,stdDP,232.641
38,9300,extDP,129.973
38,9300,MILP,697.901
38,9600,stdDP,466.704
38,9600,extDP,259.116
38,9600,MILP,515.962
38,9900,stdDP,590.942
38,9900,extDP,311.078
38,9900,MILP,979.32
39,0,stdDP,641.752
39,0,extDP,165.08
39,0,MILP,893.103
39,1200,stdDP,642.095
39,1200,extDP,174.891
39,1200,MILP,916.118
39,1500,stdDP,719.719
39,1500,extDP,177.273
39,1500,MILP,946.669
39,1800,stdDP,675.33
39,1800,extDP,182.352
39,1800,MILP,939.055
39,2100,stdDP,696.695
39,2100,extDP,181.846
39,2100,MILP,971.734
39,2400,stdDP,633.297
39,2400,extDP,166.751
39,2400,MILP,697.731
39,2700,stdDP,468.779
39,2700,extDP,125.068
39,2700,MILP,975.846
39,300,stdDP,529.103
39,300,extDP,127.584
39,300,MILP,689.842
39,3000,stdDP,747.837
39,3000,extDP,132.114
39,3000,MILP,674.812
39,3300,stdDP,453.47
39,3300,extDP,117.161
39,3300,MILP,626.293
39,3600,stdDP,526.491
39,3600,extDP,109.743
39,3600,MILP,614.555
39,3900,stdDP,439.258
39,3900,extDP,107.151
39,3900,MILP,591.761
39,4200,stdDP,561.346
39,4200,extDP,117.724
39,4200,MILP,655.098
39,4500,stdDP,455.686
39,4500,extDP,115.956
39,4500,MILP,632.218
39,4800,stdDP,466.464
39,4800,extDP,114.188
39,4800,MILP,626.204
39,5100,stdDP,423.633
39,5100,extDP,119.815
39,5100,MILP,635.437
39,5400,stdDP,439.292
39,5400,extDP,115.861
39,5400,MILP,689.263
39,5700,stdDP,531.374
39,5700,extDP,170.196
39,5700,MILP,923.21
39,600,stdDP,720.362
39,600,extDP,177.494
39,600,MILP,680.262
39,6000,stdDP,501.906
39,6000,extDP,132.232
39,6000,MILP,818.348
39,6300,stdDP,501.977
39,6300,extDP,162.297
39,6300,MILP,678.206
39,6600,stdDP,505.304
39,6600,extDP,119.494
39,6600,MILP,745.797
39,6900,stdDP,583.358
39,6900,extDP,140.61
39,6900,MILP,751.384
39,7200,stdDP,532.159
39,7200,extDP,145.736
39,7200,MILP,786.365
39,7500,stdDP,495.316
39,7500,extDP,117.058
39,7500,MILP,661.246
39,7800,stdDP,495.557
39,7800,extDP,67.944
39,7800,MILP,656.191
39,8100,stdDP,495.997
39,8100,extDP,120.923
39,8100,MILP,663.798
39,8400,stdDP,366.482
39,8400,extDP,116.818
39,8400,MILP,718.788
39,8700,stdDP,488.884
39,8700,extDP,117.609
39,8700,MILP,575.019
39,900,stdDP,703.972
39,900,extDP,183.412
39,900,MILP,941.89
39,9000,stdDP,640.855
39,9000,extDP,167.6
39,9000,MILP,866.052
39,9300,stdDP,636.496
39,9300,extDP,173.603
39,9300,MILP,900.366
39,9600,stdDP,585.728
39,9600,extDP,156.403
39,9600,MILP,871.286
39,9900,stdDP,709.055
39,9900,extDP,189.346
39,9900,MILP,922.967
4,0,stdDP,443.386
4,0,extDP,1644.24
4,0,MILP,1551.11
4,1200,stdDP,397.757
4,1200,extDP,1542.06
4,1200,MILP,782.276
4,1500,stdDP,343.005
4,1500,extDP,865.238
4,1500,MILP,720.362
4,1800,stdDP,399.802
4,1800,extDP,1084.77
4,1800,MILP,733.726
4,2100,stdDP,197.495
4,2100,extDP,806.997
4,2100,MILP,787.111
4,2400,stdDP,238.566
4,2400,extDP,1468.97
4,2400,MILP,775.237
4,2700,stdDP,315.689
4,2700,extDP,939.468
4,2700,MILP,1117.91
4,300,stdDP,365.823
4,300,extDP,1493.88
4,300,MILP,1041.02
4,3000,stdDP,377.481
4,3000,extDP,1513.99
4,3000,MILP,1058.27
4,3300,stdDP,275.87
4,3300,extDP,1281.77
4,3300,MILP,1106.69
4,3600,stdDP,260.901
4,3600,extDP,1153.28
4,3600,MILP,624.54
4,3900,stdDP,178.721
4,3900,extDP,847.271
4,3900,MILP,773.248
4,4200,stdDP,552.159
4,4200,extDP,1991.45
4,4200,MILP,1387.18
4,4500,stdDP,496.321
4,4500,extDP,1755.79
4,4500,MILP,1421.41
4,4800,stdDP,492.164
4,4800,extDP,1743.6
4,4800,MILP,1377.77
4,5100,stdDP,485.428
4,5100,extDP,1882.46
4,5100,MILP,1437.49
4,5400,stdDP,503.383
4,5400,extDP,1358.2
4,5400,MILP,1058.04
4,5700,stdDP,205.038
4,5700,extDP,978.134
4,5700,MILP,1088.76
4,600,stdDP,222.298
4,600,extDP,1915.95
4,600,MILP,1106
4,6000,stdDP,391.982
4,6000,extDP,1751.95
4,6000,MILP,1036.71
4,6300,stdDP,232.95
4,6300,extDP,1471.4
4,6300,MILP,814.849
4,6600,stdDP,198.979
4,6600,extDP,1161.65
4,6600,MILP,1064.48
4,6900,stdDP,202.068
4,6900,extDP,1113.21
4,6900,MILP,1098.82
4,7200,stdDP,221.603
4,7200,extDP,1409.22
4,7200,MILP,1061.15
4,7500,stdDP,370.052
4,7500,extDP,924.481
4,7500,MILP,653.732
4,7800,stdDP,328.169
4,7800,extDP,1224.9
4,7800,MILP,815.879
4,8100,stdDP,343.81
4,8100,extDP,1302.17
4,8100,MILP,654.96
4,8400,stdDP,338.784
4,8400,extDP,936.144
4,8400,MILP,635.783
4,8700,stdDP,269.185
4,8700,extDP,718.78
4,8700,MILP,629.454
4,900,stdDP,176.898
4,900,extDP,931.436
4,900,MILP,961.93
4,9000,stdDP,187.01
4,9000,extDP,820.744
4,9000,MILP,706.735
4,9300,stdDP,181.778
4,9300,extDP,863.853
4,9300,MILP,735.781
4,9600,stdDP,181.843
4,9600,extDP,740.568
4,9600,MILP,696.286
4,9900,stdDP,174.962
4,9900,extDP,827.54
4,9900,MILP,784.215
40,0,stdDP,231.922
40,0,extDP,311.338
40,0,MILP,485.538
40,1200,stdDP,200.189
40,1200,extDP,358.064
40,1200,MILP,637.84
40,1500,stdDP,386.878
40,1500,extDP,345.555
40,1500,MILP,657.465
40,1800,stdDP,295.249
40,1800,extDP,337.11
40,1800,MILP,709.815
40,2100,stdDP,354.312
40,2100,extDP,530.111
40,2100,MILP,806.961
40,2400,stdDP,400.447
40,2400,extDP,578.585
40,2400,MILP,817.941
40,2700,stdDP,251.126
40,2700,extDP,567.943
40,2700,MILP,516.207
40,300,stdDP,268.122
40,300,extDP,307.844
40,300,MILP,477.901
40,3000,stdDP,191.418
40,3000,extDP,285.332
40,3000,MILP,582.3
40,3300,stdDP,197.756
40,3300,extDP,292.339
40,3300,MILP,614.781
40,3600,stdDP,359.935
40,3600,extDP,497.117
40,3600,MILP,776.72
40,3900,stdDP,370.948
40,3900,extDP,539.731
40,3900,MILP,796.69
40,4200,stdDP,369.578
40,4200,extDP,353.151
40,4200,MILP,751.049
40,4500,stdDP,314.57
40,4500,extDP,520.972
40,4500,MILP,672.651
40,4800,stdDP,214.959
40,4800,extDP,508.944
40,4800,MILP,587.16
40,5100,stdDP,312.044
40,5100,extDP,516.759
40,5100,MILP,479.866
40,5400,stdDP,193.333
40,5400,extDP,271.906
40,5400,MILP,544.873
40,5700,stdDP,349.374
40,5700,extDP,405.696
40,5700,MILP,796.674
40,600,stdDP,377.821
40,600,extDP,568.845
40,600,MILP,846.978
40,6000,stdDP,235.313
40,6000,extDP,318.474
40,6000,MILP,541.895
40,6300,stdDP,199.24
40,6300,extDP,522.525
40,6300,MILP,721.761
40,6600,stdDP,391.726
40,6600,extDP,577.613
40,6600,MILP,733.468
40,6900,stdDP,549.169
40,6900,extDP,905.434
40,6900,MILP,796.683
40,7200,stdDP,393.501
40,7200,extDP,629.764
40,7200,MILP,573.829
40,7500,stdDP,450.345
40,7500,extDP,380.168
40,7500,MILP,567.71
40,7800,stdDP,412.098
40,7800,extDP,381.268
40,7800,MILP,749.514
40,8100,stdDP,417.376
40,8100,extDP,437.106
40,8100,MILP,689.942
40,8400,stdDP,221.236
40,8400,extDP,507.444
40,8400,MILP,616.742
40,8700,stdDP,197.011
40,8700,extDP,283.684
40,8700,MILP,500.301
40,900,stdDP,351.352
40,900,extDP,534.079
40,900,MILP,885.239
40,9000,stdDP,402.546
40,9000,extDP,817.774
40,9000,MILP,1169.32
40,9300,stdDP,531.786
40,9300,extDP,882.782
40,9300,MILP,786.549
40,9600,stdDP,592.139
40,9600,extDP,648.466
40,9600,MILP,603.315
40,9900,stdDP,237.348
40,9900,extDP,636.22
40,9900,MILP,779.935
41,0,stdDP,173.309
41,0,extDP,669.576
41,0,MILP,989.703
41,1200,stdDP,171.054
41,1200,extDP,658.326
41,1200,MILP,619.532
41,1500,stdDP,316.023
41,1500,extDP,658.02
41,1500,MILP,884.289
41,1800,stdDP,240.569
41,1800,extDP,971.524
41,1800,MILP,606.246
41,2100,stdDP,180.547
41,2100,extDP,597.206
41,2100,MILP,680.779
41,2400,stdDP,325.036
41,2400,extDP,576.939
41,2400,MILP,686.009
41,2700,stdDP,165.929
41,2700,extDP,689.373
41,2700,MILP,600.881
41,300,stdDP,234.869
41,300,extDP,986.023
41,300,MILP,899.76
41,3000,stdDP,188.091
41,3000,extDP,630.929
41,3000,MILP,627.329
41,3300,stdDP,180.012
41,3300,extDP,651.183
41,3300,MILP,589.19
41,3600,stdDP,236.477
41,3600,extDP,627.312
41,3600,MILP,578.675
41,3900,stdDP,395.782
41,3900,extDP,1288.82
41,3900,MILP,563.104
41,4200,stdDP,192.647
41,4200,extDP,525.98
41,4200,MILP,1037.47
41,4500,stdDP,326.699
41,4500,extDP,1020.72
41,4500,MILP,605.518
41,4800,stdDP,220.415
41,4800,extDP,706.543
41,4800,MILP,911.128
41,5100,stdDP,350.136
41,5100,extDP,1009.14
41,5100,MILP,784.248
41,5400,stdDP,188.384
41,5400,extDP,1030.87
41,5400,MILP,608.81
41,5700,stdDP,326.905
41,5700,extDP,552.984
41,5700,MILP,684.257
41,600,stdDP,193.775
41,600,extDP,583.312
41,600,MILP,542.775
41,6000,stdDP,218.814
41,6000,extDP,739.105
41,6000,MILP,547.426
41,6300,stdDP,181.736
41,6300,extDP,634.541
41,6300,MILP,527.123
41,6600,stdDP,292.17
41,6600,extDP,825.191
41,6600,MILP,807.236
41,6900,stdDP,319.636
41,6900,extDP,719.93
41,6900,MILP,605.129
41,7200,stdDP,182.247
41,7200,extDP,562.013
41,7200,MILP,617.643
41,7500,stdDP,164.084
41,7500,extDP,770.544
41,7500,MILP,748.254
41,7800,stdDP,159.639
41,7800,extDP,855.312
41,7800,MILP,707.389
41,8100,stdDP,214.141
41,8100,extDP,894.798
41,8100,MILP,665.952
41,8400,stdDP,175.488
41,8400,extDP,758.113
41,8400,MILP,789.992
41,8700,stdDP,307.699
41,8700,extDP,627.606
41,8700,MILP,821.434
41,900,stdDP,286.267
41,900,extDP,741.394
41,900,MILP,563.463
41,9000,stdDP,179.434
41,9000,extDP,712.938
41,9000,MILP,764.33
41,9300,stdDP,281.773
41,9300,extDP,869.306
41,9300,MILP,876.834
41,9600,stdDP,327.75
41,9600,extDP,599.386
41,9600,MILP,893.074
41,9900,stdDP,194.852
41,9900,extDP,630.295
41,9900,MILP,692.026
42,0,stdDP,171.303
42,0,extDP,357.266
42,0,MILP,517.939
42,1200,stdDP,204.673
42,1200,extDP,487.461
42,1200,MILP,589.519
42,1500,stdDP,298.829
42,1500,extDP,585.168
42,1500,MILP,561.299
42,1800,stdDP,181.21
42,1800,extDP,657.941
42,1800,MILP,632.595
42,2100,stdDP,310.896
42,2100,extDP,677.327
42,2100,MILP,844.368
42,2400,stdDP,151.454
42,2400,extDP,364.384
42,2400,MILP,926.12
42,2700,stdDP,308.862
42,2700,extDP,649.97
42,2700,MILP,565.308
42,300,stdDP,290.44
42,300,extDP,660.712
42,300,MILP,840.957
42,3000,stdDP,320.153
42,3000,extDP,727.923
42,3000,MILP,884.676
42,3300,stdDP,307.101
42,3300,extDP,679.16
42,3300,MILP,931.246
42,3600,stdDP,301.527
42,3600,extDP,729.07
42,3600,MILP,925.382
42,3900,stdDP,312.065
42,3900,extDP,689.658
42,3900,MILP,917.048
42,4200,stdDP,309.335
42,4200,extDP,716
42,4200,MILP,893.847
42,4500,stdDP,312.919
42,4500,extDP,723.872
42,4500,MILP,872.619
42,4800,stdDP,302.847
42,4800,extDP,724.449
42,4800,MILP,894.945
42,5100,stdDP,314.976
42,5100,extDP,728.303
42,5100,MILP,875.761
42,5400,stdDP,303.817
42,5400,extDP,697.54
42,5400,MILP,895.318
42,5700,stdDP,304.8
42,5700,extDP,815.821
42,5700,MILP,888.563
42,600,stdDP,317.496
42,600,extDP,709.909
42,600,MILP,3940.06
42,6000,stdDP,164.599
42,6000,extDP,403.822
42,6000,MILP,798.219
42,6300,stdDP,165.8
42,6300,extDP,584.085
42,6300,MILP,625.755
42,6600,stdDP,147.049
42,6600,extDP,680.85
42,6600,MILP,757.124
42,6900,stdDP,261.845
42,6900,extDP,441.458
42,6900,MILP,494.555
42,7200,stdDP,189.421
42,7200,extDP,416.791
42,7200,MILP,550.211
42,7500,stdDP,145.517
42,7500,extDP,592.822
42,7500,MILP,569.51
42,7800,stdDP,151.486
42,7800,extDP,339.943
42,7800,MILP,641.08
42,8100,stdDP,225.259
42,8100,extDP,642.596
42,8100,MILP,493.416
42,8400,stdDP,152.267
42,8400,extDP,577.928
42,8400,MILP,504.676
42,8700,stdDP,142.077
42,8700,extDP,438.872
42,8700,MILP,617.337
42,900,stdDP,163.885
42,900,extDP,442.731
42,900,MILP,577.362
42,9000,stdDP,184.18
42,9000,extDP,522.063
42,9000,MILP,625.344
42,9300,stdDP,154.806
42,9300,extDP,390.629
42,9300,MILP,648.736
42,9600,stdDP,289.288
42,9600,extDP,357.383
42,9600,MILP,589.818
42,9900,stdDP,265.1
42,9900,extDP,383.349
42,9900,MILP,552.149
43,0,stdDP,356.53
43,0,extDP,54.47
43,0,MILP,365.097
43,1200,stdDP,199.276
43,1200,extDP,94.371
43,1200,MILP,551.345
43,1500,stdDP,214.144
43,1500,extDP,69.15
43,1500,MILP,377.035
43,1800,stdDP,198.36
43,1800,extDP,55.726
43,1800,MILP,377.696
43,2100,stdDP,205.449
43,2100,extDP,55.264
43,2100,MILP,416.306
43,2400,stdDP,216.914
43,2400,extDP,54.931
43,2400,MILP,374.404
43,2700,stdDP,197.862
43,2700,extDP,55.157
43,2700,MILP,363.075
43,300,stdDP,230.786
43,300,extDP,55.338
43,300,MILP,468.784
43,3000,stdDP,205.467
43,3000,extDP,58.091
43,3000,MILP,403.193
43,3300,stdDP,368.722
43,3300,extDP,55.082
43,3300,MILP,372.745
43,3600,stdDP,239.611
43,3600,extDP,55.643
43,3600,MILP,381.674
43,3900,stdDP,209.252
43,3900,extDP,72.563
43,3900,MILP,373.191
43,4200,stdDP,206.526
43,4200,extDP,55.261
43,4200,MILP,380.28
43,4500,stdDP,205.35
43,4500,extDP,88.646
43,4500,MILP,362.519
43,4800,stdDP,204.294
43,4800,extDP,56.471
43,4800,MILP,415.54
43,5100,stdDP,208.041
43,5100,extDP,106.761
43,5100,MILP,428.347
43,5400,stdDP,375.515
43,5400,extDP,107.882
43,5400,MILP,383.695
43,5700,stdDP,358.112
43,5700,extDP,55.576
43,5700,MILP,589.621
43,600,stdDP,223.641
43,600,extDP,107.008
43,600,MILP,404.018
43,6000,stdDP,215.863
43,6000,extDP,56.809
43,6000,MILP,361.59
43,6300,stdDP,376.381
43,6300,extDP,115.104
43,6300,MILP,593.985
43,6600,stdDP,208.089
43,6600,extDP,112.422
43,6600,MILP,412.82
43,6900,stdDP,305.456
43,6900,extDP,56.347
43,6900,MILP,663.534
43,7200,stdDP,393.293
43,7200,extDP,148.32
43,7200,MILP,721.497
43,7500,stdDP,432.732
43,7500,extDP,129.168
43,7500,MILP,664.832
43,7800,stdDP,425.036
43,7800,extDP,121.009
43,7800,MILP,704.011
43,8100,stdDP,376.59
43,8100,extDP,107.091
43,8100,MILP,439.507
43,8400,stdDP,231.238
43,8400,extDP,76.224
43,8400,MILP,411.143
43,8700,stdDP,216.965
43,8700,extDP,103.163
43,8700,MILP,387.505
43,900,stdDP,202.017
43,900,extDP,55.567
43,900,MILP,396.709
43,9000,stdDP,214.304
43,9000,extDP,88.488
43,9000,MILP,385.624
43,9300,stdDP,199.231
43,9300,extDP,91.053
43,9300,MILP,375.465
43,9600,stdDP,355.463
43,9600,extDP,54.827
43,9600,MILP,482.856
43,9900,stdDP,423.487
43,9900,extDP,100.743
43,9900,MILP,487.307
44,0,stdDP,430.961
44,0,extDP,405.892
44,0,MILP,493.953
44,1200,stdDP,252.061
44,1200,extDP,312.691
44,1200,MILP,484.771
44,1500,stdDP,250.891
44,1500,extDP,326.473
44,1500,MILP,507.016
44,1800,stdDP,213.515
44,1800,extDP,551.687
44,1800,MILP,469.462
44,2100,stdDP,390.286
44,2100,extDP,392.242
44,2100,MILP,540.65
44,2400,stdDP,402.008
44,2400,extDP,331.653
44,2400,MILP,468.472
44,2700,stdDP,210.435
44,2700,extDP,324.664
44,2700,MILP,522.119
44,300,stdDP,216.098
44,300,extDP,331.931
44,300,MILP,587.484
44,3000,stdDP,383.609
44,3000,extDP,298.866
44,3000,MILP,484.032
44,3300,stdDP,222.99
44,3300,extDP,316.335
44,3300,MILP,504.792
44,3600,stdDP,348.453
44,3600,extDP,398.341
44,3600,MILP,564.081
44,3900,stdDP,228.577
44,3900,extDP,278.659
44,3900,MILP,543.398
44,4200,stdDP,252.134
44,4200,extDP,293.964
44,4200,MILP,454.938
44,4500,stdDP,207.831
44,4500,extDP,276.055
44,4500,MILP,499.071
44,4800,stdDP,268.744
44,4800,extDP,295.218
44,4800,MILP,533.791
44,5100,stdDP,312.709
44,5100,extDP,339.015
44,5100,MILP,490.43
44,5400,stdDP,229.625
44,5400,extDP,279.97
44,5400,MILP,485.895
44,5700,stdDP,329.548
44,5700,extDP,315.144
44,5700,MILP,508.246
44,600,stdDP,233.298
44,600,extDP,284.84
44,600,MILP,471.999
44,6000,stdDP,207.57
44,6000,extDP,310.797
44,6000,MILP,742.974
44,6300,stdDP,429.73
44,6300,extDP,355.146
44,6300,MILP,602.752
44,6600,stdDP,269.192
44,6600,extDP,327.999
44,6600,MILP,678.9
44,6900,stdDP,246.002
44,6900,extDP,334.36
44,6900,MILP,742.217
44,7200,stdDP,249.617
44,7200,extDP,345.418
44,7200,MILP,498.143
44,7500,stdDP,404.78
44,7500,extDP,302.65
44,7500,MILP,460.155
44,7800,stdDP,214.225
44,7800,extDP,501.226
44,7800,MILP,464.381
44,8100,stdDP,217.412
44,8100,extDP,274.342
44,8100,MILP,478.914
44,8400,stdDP,215.339
44,8400,extDP,274.247
44,8400,MILP,457.019
44,8700,stdDP,270.414
44,8700,extDP,526.866
44,8700,MILP,476.413
44,900,stdDP,217.629
44,900,extDP,276.609
44,900,MILP,496.514
44,9000,stdDP,366.294
44,9000,extDP,299.99
44,9000,MILP,460.081
44,9300,stdDP,226.709
44,9300,extDP,389.291
44,9300,MILP,448.069
44,9600,stdDP,215.995
44,9600,extDP,271.377
44,9600,MILP,459.711
44,9900,stdDP,386.381
44,9900,extDP,284.295
44,9900,MILP,508.885
45,0,stdDP,172.324
45,0,extDP,366.762
45,0,MILP,517.697
45,1200,stdDP,159.547
45,1200,extDP,424.898
45,1200,MILP,560.015
45,1500,stdDP,291.058
45,1500,extDP,382.246
45,1500,MILP,576.3
45,1800,stdDP,174.833
45,1800,extDP,384.089
45,1800,MILP,520.324
45,2100,stdDP,261.506
45,2100,extDP,382.533
45,2100,MILP,532.056
45,2400,stdDP,192.296
45,2400,extDP,477.042
45,2400,MILP,514.282
45,2700,stdDP,157.553
45,2700,extDP,626.185
45,2700,MILP,605.796
45,300,stdDP,272.845
45,300,extDP,370.808
45,300,MILP,544.161
45,3000,stdDP,162.744
45,3000,extDP,354.405
45,3000,MILP,488.222
45,3300,stdDP,158.659
45,3300,extDP,364.367
45,3300,MILP,509.454
45,3600,stdDP,176.018
45,3600,extDP,374.575
45,3600,MILP,515.702
45,3900,stdDP,160.92
45,3900,extDP,595.814
45,3900,MILP,519.698
45,4200,stdDP,321.46
45,4200,extDP,738.425
45,4200,MILP,713.414
45,4500,stdDP,174.708
45,4500,extDP,435.993
45,4500,MILP,523.946
45,4800,stdDP,157.857
45,4800,extDP,677.883
45,4800,MILP,501.043
45,5100,stdDP,266.511
45,5100,extDP,439.134
45,5100,MILP,525.175
45,5400,stdDP,175.236
45,5400,extDP,442.513
45,5400,MILP,503.665
45,5700,stdDP,159.037
45,5700,extDP,399.186
45,5700,MILP,500.348
45,600,stdDP,159.105
45,600,extDP,353.618
45,600,MILP,496.173
45,6000,stdDP,175.087
45,6000,extDP,375.252
45,6000,MILP,534.125
45,6300,stdDP,160.728
45,6300,extDP,362.101
45,6300,MILP,480.864
45,6600,stdDP,168.228
45,6600,extDP,426.497
45,6600,MILP,511.464
45,6900,stdDP,158.503
45,6900,extDP,356.604
45,6900,MILP,597.344
45,7200,stdDP,177.875
45,7200,extDP,373.107
45,7200,MILP,498.401
45,7500,stdDP,301.812
45,7500,extDP,724.909
45,7500,MILP,505.84
45,7800,stdDP,157.805
45,7800,extDP,545.359
45,7800,MILP,494.744
45,8100,stdDP,184.1
45,8100,extDP,360.36
45,8100,MILP,645.753
45,8400,stdDP,281.461
45,8400,extDP,386.246
45,8400,MILP,592.749
45,8700,stdDP,158.877
45,8700,extDP,357.214
45,8700,MILP,514.725
45,900,stdDP,300.08
45,900,extDP,498.995
45,900,MILP,599.789
45,9000,stdDP,163.186
45,9000,extDP,375.9
45,9000,MILP,497.103
45,9300,stdDP,283.274
45,9300,extDP,730.632
45,9300,MILP,570.966
45,9600,stdDP,184.756
45,9600,extDP,351.097
45,9600,MILP,650.012
45,9900,stdDP,157.743
45,9900,extDP,344.757
45,9900,MILP,503.41
46,0,stdDP,140.387
46,0,extDP,627.933
46,0,MILP,499.517
46,1200,stdDP,148.239
46,1200,extDP,623.753
46,1200,MILP,498.643
46,1500,stdDP,246.808
46,1500,extDP,394.038
46,1500,MILP,561.404
46,1800,stdDP,139.138
46,1800,extDP,396.903
46,1800,MILP,788.37
46,2100,stdDP,159.764
46,2100,extDP,572.631
46,2100,MILP,883.398
46,2400,stdDP,261.349
46,2400,extDP,444.884
46,2400,MILP,820.159
46,2700,stdDP,162.501
46,2700,extDP,450.981
46,2700,MILP,505.857
46,300,stdDP,136.91
46,300,extDP,339.933
46,300,MILP,539.76
46,3000,stdDP,247.891
46,3000,extDP,399.91
46,3000,MILP,849.591
46,3300,stdDP,180.827
46,3300,extDP,689.061
46,3300,MILP,884.307
46,3600,stdDP,178.186
46,3600,extDP,722.273
46,3600,MILP,634.018
46,3900,stdDP,246.938
46,3900,extDP,441.814
46,3900,MILP,512.307
46,4200,stdDP,143.808
46,4200,extDP,419.956
46,4200,MILP,509.598
46,4500,stdDP,271.742
46,4500,extDP,371.035
46,4500,MILP,524.559
46,4800,stdDP,189.321
46,4800,extDP,437.773
46,4800,MILP,764.231
46,5100,stdDP,257.735
46,5100,extDP,715.255
46,5100,MILP,861.285
46,5400,stdDP,156.098
46,5400,extDP,415.621
46,5400,MILP,560.699
46,5700,stdDP,150.326
46,5700,extDP,386.822
46,5700,MILP,592.001
46,600,stdDP,145.325
46,600,extDP,374.958
46,600,MILP,498.313
46,6000,stdDP,139.241
46,6000,extDP,399.359
46,6000,MILP,719.62
46,6300,stdDP,152.368
46,6300,extDP,421.616
46,6300,MILP,670.316
46,6600,stdDP,417.53
46,6600,extDP,947.284
46,6600,MILP,1126.63
46,6900,stdDP,372.844
46,6900,extDP,1106.28
46,6900,MILP,543.628
46,7200,stdDP,147.534
46,7200,extDP,593.774
46,7200,MILP,806.892
46,7500,stdDP,135.818
46,7500,extDP,384.154
46,7500,MILP,558.518
46,7800,stdDP,138.788
46,7800,extDP,427.326
46,7800,MILP,607.41
46,8100,stdDP,137.94
46,8100,extDP,580.54
46,8100,MILP,510.455
46,8400,stdDP,158.535
46,8400,extDP,698.56
46,8400,MILP,827.975
46,8700,stdDP,142.173
46,8700,extDP,414.504
46,8700,MILP,521.527
46,900,stdDP,135.661
46,900,extDP,518.236
46,900,MILP,515.703
46,9000,stdDP,136.775
46,9000,extDP,341.125
46,9000,MILP,548.302
46,9300,stdDP,152.309
46,9300,extDP,337.118
46,9300,MILP,500.028
46,9600,stdDP,138.705
46,9600,extDP,354.549
46,9600,MILP,508.648
46,9900,stdDP,157.533
46,9900,extDP,702.835
46,9900,MILP,589.191
47,0,stdDP,408.426
47,0,extDP,64.684
47,0,MILP,533.047
47,1200,stdDP,252.074
47,1200,extDP,64.092
47,1200,MILP,501.583
47,1500,stdDP,252.432
47,1500,extDP,122.6
47,1500,MILP,448.332
47,1800,stdDP,479.008
47,1800,extDP,57.759
47,1800,MILP,405.339
47,2100,stdDP,239.08
47,2100,extDP,54.419
47,2100,MILP,451.565
47,2400,stdDP,468.564
47,2400,extDP,74.437
47,2400,MILP,427.115
47,2700,stdDP,231.055
47,2700,extDP,54.602
47,2700,MILP,418.34
47,300,stdDP,280.175
47,300,extDP,54.414
47,300,MILP,391.255
47,3000,stdDP,248.205
47,3000,extDP,73.202
47,3000,MILP,475.57
47,3300,stdDP,237.64
47,3300,extDP,112.608
47,3300,MILP,576.027
47,3600,stdDP,254.705
47,3600,extDP,54.767
47,3600,MILP,409.405
47,3900,stdDP,342.164
47,3900,extDP,60.4
47,3900,MILP,545.765
47,4200,stdDP,422.313
47,4200,extDP,108.258
47,4200,MILP,394.82
47,4500,stdDP,453.371
47,4500,extDP,104.61
47,4500,MILP,529.966
47,4800,stdDP,288.239
47,4800,extDP,57.459
47,4800,MILP,389.045
47,5100,stdDP,463.471
47,5100,extDP,104.381
47,5100,MILP,381.798
47,5400,stdDP,244.384
47,5400,extDP,55.067
47,5400,MILP,560.883
47,5700,stdDP,272.99
47,5700,extDP,56.576
47,5700,MILP,597.038
47,600,stdDP,383.771
47,600,extDP,72.394
47,600,MILP,379.33
47,6000,stdDP,407.166
47,6000,extDP,106.723
47,6000,MILP,414.845
47,6300,stdDP,230.144
47,6300,extDP,59.998
47,6300,MILP,426.706
47,6600,stdDP,336.104
47,6600,extDP,54.982
47,6600,MILP,481.457
47,6900,stdDP,235.071
47,6900,extDP,101.157
47,6900,MILP,438.428
47,7200,stdDP,231.101
47,7200,extDP,55.949
47,7200,MILP,371.997
47,7500,stdDP,291.307
47,7500,extDP,54.978
47,7500,MILP,491.5
47,7800,stdDP,228.75
47,7800,extDP,100.71
47,7800,MILP,462.424
47,8100,stdDP,232.125
47,8100,extDP,90.208
47,8100,MILP,381.782
47,8400,stdDP,236.179
47,8400,extDP,56.296
47,8400,MILP,416.617
47,8700,stdDP,240.751
47,8700,extDP,54.684
47,8700,MILP,382.624
47,900,stdDP,418.715
47,900,extDP,56.279
47,900,MILP,585.226
47,9000,stdDP,234.981
47,9000,extDP,54.889
47,9000,MILP,368.083
47,9300,stdDP,231.842
47,9300,extDP,68.28
47,9300,MILP,378.357
47,9600,stdDP,231.979
47,9600,extDP,99.976
47,9600,MILP,391.33
47,9900,stdDP,396.956
47,9900,extDP,58.491
47,9900,MILP,620.6
48,0,stdDP,154.675
48,0,extDP,922.837
48,0,MILP,700.72
48,1200,stdDP,179.014
48,1200,extDP,742.094
48,1200,MILP,806.92
48,1500,stdDP,160.889
48,1500,extDP,1186.76
48,1500,MILP,972.337
48,1800,stdDP,157.365
48,1800,extDP,719.358
48,1800,MILP,789.484
48,2100,stdDP,188.509
48,2100,extDP,1214.31
48,2100,MILP,1086.38
48,2400,stdDP,397.715
48,2400,extDP,1298.66
48,2400,MILP,1067.95
48,2700,stdDP,336.114
48,2700,extDP,817.304
48,2700,MILP,1032.98
48,300,stdDP,171.767
48,300,extDP,1125.06
48,300,MILP,1169.49
48,3000,stdDP,362.362
48,3000,extDP,1267.28
48,3000,MILP,1467.37
48,3300,stdDP,446.562
48,3300,extDP,1819.23
48,3300,MILP,1437.56
48,3600,stdDP,489.365
48,3600,extDP,1635.21
48,3600,MILP,1404.94
48,3900,stdDP,477.629
48,3900,extDP,1779.55
48,3900,MILP,1375.9
48,4200,stdDP,410.08
48,4200,extDP,1682.8
48,4200,MILP,1395.61
48,4500,stdDP,439.587
48,4500,extDP,1672.34
48,4500,MILP,1310.01
48,4800,stdDP,398.519
48,4800,extDP,1710.91
48,4800,MILP,1464.81
48,5100,stdDP,391.241
48,5100,extDP,1576.45
48,5100,MILP,1418.16
48,5400,stdDP,409.622
48,5400,extDP,1546.03
48,5400,MILP,932.923
48,5700,stdDP,159.562
48,5700,extDP,1123.44
48,5700,MILP,905.334
48,600,stdDP,159.527
48,600,extDP,753.763
48,600,MILP,675.133
48,6000,stdDP,155.32
48,6000,extDP,748.329
48,6000,MILP,1005.57
48,6300,stdDP,161.524
48,6300,extDP,897.235
48,6300,MILP,834.463
48,6600,stdDP,177.028
48,6600,extDP,790.01
48,6600,MILP,1088.45
48,6900,stdDP,303.352
48,6900,extDP,846.356
48,6900,MILP,670.493
48,7200,stdDP,169.087
48,7200,extDP,695.331
48,7200,MILP,737.551
48,7500,stdDP,169.168
48,7500,extDP,820.439
48,7500,MILP,674.315
48,7800,stdDP,158.703
48,7800,extDP,706.933
48,7800,MILP,712.084
48,8100,stdDP,158.226
48,8100,extDP,718.629
48,8100,MILP,652.094
48,8400,stdDP,168.596
48,8400,extDP,685.987
48,8400,MILP,677.907
48,8700,stdDP,165.485
48,8700,extDP,759.679
48,8700,MILP,952.064
48,900,stdDP,304.82
48,900,extDP,775.077
48,900,MILP,681.433
48,9000,stdDP,312.076
48,9000,extDP,1187.53
48,9000,MILP,768.347
48,9300,stdDP,160.44
48,9300,extDP,1126.25
48,9300,MILP,819.096
48,9600,stdDP,163.542
48,9600,extDP,771.226
48,9600,MILP,890.055
48,9900,stdDP,162.524
48,9900,extDP,1151.01
48,9900,MILP,1071.5
49,0,stdDP,270.796
49,0,extDP,119.888
49,0,MILP,652.423
49,1200,stdDP,276.819
49,1200,extDP,216.178
49,1200,MILP,423.739
49,1500,stdDP,248.176
49,1500,extDP,109.085
49,1500,MILP,418.482
49,1800,stdDP,283.767
49,1800,extDP,229.457
49,1800,MILP,493.386
49,2100,stdDP,253.405
49,2100,extDP,219.46
49,2100,MILP,539.755
49,2400,stdDP,263.773
49,2400,extDP,142.26
49,2400,MILP,858.263
49,2700,stdDP,570.229
49,2700,extDP,234.751
49,2700,MILP,724.429
49,300,stdDP,517.408
49,300,extDP,247.593
49,300,MILP,600.206
49,3000,stdDP,478.829
49,3000,extDP,246.641
49,3000,MILP,749.27
49,3300,stdDP,619.106
49,3300,extDP,301.114
49,3300,MILP,817.962
49,3600,stdDP,1208.83
49,3600,extDP,719.122
49,3600,MILP,971.83
49,3900,stdDP,665.926
49,3900,extDP,437.517
49,3900,MILP,1089.28
49,4200,stdDP,662.09
49,4200,extDP,356.891
49,4200,MILP,744.559
49,4500,stdDP,490.415
49,4500,extDP,242.686
49,4500,MILP,711.262
49,4800,stdDP,475.786
49,4800,extDP,243.787
49,4800,MILP,755.24
49,5100,stdDP,480.004
49,5100,extDP,261.883
49,5100,MILP,787.669
49,5400,stdDP,488.804
49,5400,extDP,270.012
49,5400,MILP,795.065
49,5700,stdDP,542.016
49,5700,extDP,269.634
49,5700,MILP,3773.43
49,600,stdDP,1735.18
49,600,extDP,234.47
49,600,MILP,3917.04
49,6000,stdDP,525.22
49,6000,extDP,293.374
49,6000,MILP,727.041
49,6300,stdDP,520.42
49,6300,extDP,300.779
49,6300,MILP,698.84
49,6600,stdDP,436.944
49,6600,extDP,213.235
49,6600,MILP,969.726
49,6900,stdDP,591.187
49,6900,extDP,238.005
49,6900,MILP,2062.01
49,7200,stdDP,686.171
49,7200,extDP,357.19
49,7200,MILP,822.445
49,7500,stdDP,565.441
49,7500,extDP,313.892
49,7500,MILP,868.798
49,7800,stdDP,545.236
49,7800,extDP,277.113
49,7800,MILP,752.68
49,8100,stdDP,491.665
49,8100,extDP,292.022
49,8100,MILP,757.793
49,8400,stdDP,504.953
49,8400,extDP,259.268
49,8400,MILP,751.63
49,8700,stdDP,434.827
49,8700,extDP,225.982
49,8700,MILP,681.383
49,900,stdDP,407.294
49,900,extDP,212.434
49,900,MILP,881.188
49,9000,stdDP,754.483
49,9000,extDP,330.799
49,9000,MILP,779.232
49,9300,stdDP,622.935
49,9300,extDP,223.331
49,9300,MILP,924.911
49,9600,stdDP,648.976
49,9600,extDP,317.381
49,9600,MILP,918.424
49,9900,stdDP,616.268
49,9900,extDP,236.1
49,9900,MILP,723.049
5,0,stdDP,345.445
5,0,extDP,1096.25
5,0,MILP,928.587
5,1200,stdDP,319.303
5,1200,extDP,1081.14
5,1200,MILP,920.294
5,1500,stdDP,319.715
5,1500,extDP,1064.62
5,1500,MILP,933.076
5,1800,stdDP,318.469
5,1800,extDP,1016.6
5,1800,MILP,862.409
5,2100,stdDP,352.24
5,2100,extDP,1074.48
5,2100,MILP,928.567
5,2400,stdDP,386.697
5,2400,extDP,1004.85
5,2400,MILP,847.569
5,2700,stdDP,343.176
5,2700,extDP,1225.73
5,2700,MILP,1185.69
5,300,stdDP,423.042
5,300,extDP,1479.19
5,300,MILP,1286.12
5,3000,stdDP,509.397
5,3000,extDP,1380.18
5,3000,MILP,1238.91
5,3300,stdDP,498.173
5,3300,extDP,1690.91
5,3300,MILP,1243.78
5,3600,stdDP,432.647
5,3600,extDP,1690.68
5,3600,MILP,845.68
5,3900,stdDP,183.216
5,3900,extDP,997.466
5,3900,MILP,943.071
5,4200,stdDP,328.088
5,4200,extDP,1162.31
5,4200,MILP,1036.77
5,4500,stdDP,301.886
5,4500,extDP,1134.72
5,4500,MILP,868.45
5,4800,stdDP,417.331
5,4800,extDP,1361.07
5,4800,MILP,925.202
5,5100,stdDP,241.712
5,5100,extDP,642.83
5,5100,MILP,530.245
5,5400,stdDP,299.019
5,5400,extDP,984.318
5,5400,MILP,889.056
5,5700,stdDP,304.957
5,5700,extDP,1021.82
5,5700,MILP,872.535
5,600,stdDP,305.806
5,600,extDP,1024.28
5,600,MILP,848.534
5,6000,stdDP,294.034
5,6000,extDP,988.097
5,6000,MILP,830.366
5,6300,stdDP,297.192
5,6300,extDP,970.448
5,6300,MILP,883.147
5,6600,stdDP,326.619
5,6600,extDP,1044.53
5,6600,MILP,893.576
5,6900,stdDP,182.649
5,6900,extDP,1109.36
5,6900,MILP,600.916
5,7200,stdDP,178.916
5,7200,extDP,1067.63
5,7200,MILP,629.049
5,7500,stdDP,333.328
5,7500,extDP,915.918
5,7500,MILP,863.783
5,7800,stdDP,303.385
5,7800,extDP,1078.94
5,7800,MILP,862.566
5,8100,stdDP,312.377
5,8100,extDP,1006.51
5,8100,MILP,874.801
5,8400,stdDP,348.862
5,8400,extDP,1237.9
5,8400,MILP,969.253
5,8700,stdDP,341.641
5,8700,extDP,1107.55
5,8700,MILP,1134.02
5,900,stdDP,304.378
5,900,extDP,706.285
5,900,MILP,934.285
5,9000,stdDP,345.365
5,9000,extDP,1123
5,9000,MILP,891.124
5,9300,stdDP,462.667
5,9300,extDP,1322.23
5,9300,MILP,1179.7
5,9600,stdDP,438.169
5,9600,extDP,1371.75
5,9600,MILP,1236.42
5,9900,stdDP,455.986
5,9900,extDP,1460.03
5,9900,MILP,1221.13
6,0,stdDP,670.603
6,0,extDP,490.684
6,0,MILP,936.831
6,1200,stdDP,493.027
6,1200,extDP,320.723
6,1200,MILP,1086.09
6,1500,stdDP,494.044
6,1500,extDP,324.642
6,1500,MILP,959.186
6,1800,stdDP,615.662
6,1800,extDP,452.087
6,1800,MILP,951.758
6,2100,stdDP,608.108
6,2100,extDP,411.547
6,2100,MILP,694.262
6,2400,stdDP,529.676
6,2400,extDP,344.916
6,2400,MILP,905.002
6,2700,stdDP,650.693
6,2700,extDP,441.238
6,2700,MILP,935.109
6,300,stdDP,564.864
6,300,extDP,409.124
6,300,MILP,984.439
6,3000,stdDP,618.29
6,3000,extDP,423.347
6,3000,MILP,971.066
6,3300,stdDP,687.445
6,3300,extDP,448.022
6,3300,MILP,943.63
6,3600,stdDP,654.476
6,3600,extDP,452.208
6,3600,MILP,1001.59
6,3900,stdDP,789.765
6,3900,extDP,352.556
6,3900,MILP,663.839
6,4200,stdDP,584.071
6,4200,extDP,352.145
6,4200,MILP,923.067
6,4500,stdDP,711.014
6,4500,extDP,483.369
6,4500,MILP,1001.22
6,4800,stdDP,740.084
6,4800,extDP,490.993
6,4800,MILP,1025.43
6,5100,stdDP,709.34
6,5100,extDP,460.927
6,5100,MILP,1238.84
6,5400,stdDP,657.078
6,5400,extDP,428.095
6,5400,MILP,891.918
6,5700,stdDP,641.844
6,5700,extDP,436.161
6,5700,MILP,1281.22
6,600,stdDP,751.939
6,600,extDP,408.677
6,600,MILP,946.139
6,6000,stdDP,605.388
6,6000,extDP,417.467
6,6000,MILP,950.879
6,6300,stdDP,616.939
6,6300,extDP,403.521
6,6300,MILP,977.491
6,6600,stdDP,636.246
6,6600,extDP,363.881
6,6600,MILP,947.969
6,6900,stdDP,482.805
6,6900,extDP,314.413
6,6900,MILP,710.107
6,7200,stdDP,500.271
6,7200,extDP,298.666
6,7200,MILP,3734.29
6,7500,stdDP,442.326
6,7500,extDP,299.636
6,7500,MILP,1284.84
6,7800,stdDP,669.494
6,7800,extDP,348.119
6,7800,MILP,786.707
6,8100,stdDP,495.052
6,8100,extDP,317.77
6,8100,MILP,698.657
6,8400,stdDP,506.587
6,8400,extDP,314.267
6,8400,MILP,887.086
6,8700,stdDP,502.058
6,8700,extDP,323.6
6,8700,MILP,819.382
6,900,stdDP,498.563
6,900,extDP,296.896
6,900,MILP,915.506
6,9000,stdDP,620.272
6,9000,extDP,293.286
6,9000,MILP,686.744
6,9300,stdDP,626.939
6,9300,extDP,420.585
6,9300,MILP,939.464
6,9600,stdDP,632.575
6,9600,extDP,421.508
6,9600,MILP,974.933
6,9900,stdDP,645.073
6,9900,extDP,416.837
6,9900,MILP,1012.78
7,0,stdDP,568.619
7,0,extDP,188.137
7,0,MILP,839.934
7,1200,stdDP,579.832
7,1200,extDP,170.975
7,1200,MILP,851.225
7,1500,stdDP,541.007
7,1500,extDP,155.974
7,1500,MILP,862.756
7,1800,stdDP,692.403
7,1800,extDP,172.875
7,1800,MILP,911.989
7,2100,stdDP,618.746
7,2100,extDP,124.916
7,2100,MILP,963.704
7,2400,stdDP,625.654
7,2400,extDP,175.835
7,2400,MILP,612.619
7,2700,stdDP,422.2
7,2700,extDP,176.292
7,2700,MILP,669.452
7,300,stdDP,432.587
7,300,extDP,114.909
7,300,MILP,657.444
7,3000,stdDP,527.282
7,3000,extDP,159.763
7,3000,MILP,830.358
7,3300,stdDP,345.996
7,3300,extDP,104.063
7,3300,MILP,586.946
7,3600,stdDP,545.902
7,3600,extDP,165.702
7,3600,MILP,841.014
7,3900,stdDP,562.247
7,3900,extDP,169.354
7,3900,MILP,836.888
7,4200,stdDP,538.354
7,4200,extDP,150.94
7,4200,MILP,6422.86
7,4500,stdDP,526.908
7,4500,extDP,154.745
7,4500,MILP,878.944
7,4800,stdDP,569.433
7,4800,extDP,166.64
7,4800,MILP,908.66
7,5100,stdDP,567.179
7,5100,extDP,163.265
7,5100,MILP,857.823
7,5400,stdDP,511.64
7,5400,extDP,102.877
7,5400,MILP,611.261
7,5700,stdDP,382.032
7,5700,extDP,119.663
7,5700,MILP,862.086
7,600,stdDP,607.031
7,600,extDP,107.113
7,600,MILP,885.932
7,6000,stdDP,580.981
7,6000,extDP,167.821
7,6000,MILP,903.98
7,6300,stdDP,446.759
7,6300,extDP,145.525
7,6300,MILP,594.19
7,6600,stdDP,554.654
7,6600,extDP,102.412
7,6600,MILP,793.15
7,6900,stdDP,470.694
7,6900,extDP,156.063
7,6900,MILP,873.287
7,7200,stdDP,639.996
7,7200,extDP,164.533
7,7200,MILP,867.903
7,7500,stdDP,530.316
7,7500,extDP,157.066
7,7500,MILP,595.588
7,7800,stdDP,485.688
7,7800,extDP,160.826
7,7800,MILP,586.715
7,8100,stdDP,611.631
7,8100,extDP,160.898
7,8100,MILP,869.698
7,8400,stdDP,555.471
7,8400,extDP,160.386
7,8400,MILP,854.904
7,8700,stdDP,557.16
7,8700,extDP,150.644
7,8700,MILP,818.516
7,900,stdDP,609.702
7,900,extDP,161.648
7,900,MILP,863.894
7,9000,stdDP,646.057
7,9000,extDP,156.54
7,9000,MILP,829.852
7,9300,stdDP,507.9
7,9300,extDP,149.901
7,9300,MILP,805.45
7,9600,stdDP,556.842
7,9600,extDP,169.223
7,9600,MILP,1001.04
7,9900,stdDP,575.63
7,9900,extDP,159.822
7,9900,MILP,1060.15
8,0,stdDP,578.972
8,0,extDP,174.923
8,0,MILP,655.385
8,1200,stdDP,579.305
8,1200,extDP,174.587
8,1200,MILP,866.566
8,1500,stdDP,546.104
8,1500,extDP,162.118
8,1500,MILP,848.769
8,1800,stdDP,552.743
8,1800,extDP,170.054
8,1800,MILP,882.814
8,2100,stdDP,539.282
8,2100,extDP,150.472
8,2100,MILP,800.358
8,2400,stdDP,633.023
8,2400,extDP,169.836
8,2400,MILP,897.654
8,2700,stdDP,635.151
8,2700,extDP,157.982
8,2700,MILP,817.57
8,300,stdDP,510.454
8,300,extDP,162.606
8,300,MILP,706.646
8,3000,stdDP,459.981
8,3000,extDP,131.685
8,3000,MILP,575.821
8,3300,stdDP,437.279
8,3300,extDP,56.9
8,3300,MILP,864.303
8,3600,stdDP,556.307
8,3600,extDP,158.597
8,3600,MILP,856.775
8,3900,stdDP,507.456
8,3900,extDP,164.778
8,3900,MILP,902.183
8,4200,stdDP,599.579
8,4200,extDP,138.749
8,4200,MILP,956.011
8,4500,stdDP,573.083
8,4500,extDP,169.39
8,4500,MILP,809.497
8,4800,stdDP,500.326
8,4800,extDP,153.238
8,4800,MILP,621.868
8,5100,stdDP,626.479
8,5100,extDP,171.627
8,5100,MILP,690.265
8,5400,stdDP,403.117
8,5400,extDP,131.937
8,5400,MILP,691.503
8,5700,stdDP,446.52
8,5700,extDP,125.473
8,5700,MILP,698.904
8,600,stdDP,511.525
8,600,extDP,138.344
8,600,MILP,723.351
8,6000,stdDP,1618.34
8,6000,extDP,125.698
8,6000,MILP,648.69
8,6300,stdDP,419.436
8,6300,extDP,106.4
8,6300,MILP,668.628
8,6600,stdDP,568.2
8,6600,extDP,155.164
8,6600,MILP,728.936
8,6900,stdDP,656.904
8,6900,extDP,243.609
8,6900,MILP,929.425
8,7200,stdDP,559.388
8,7200,extDP,173.394
8,7200,MILP,1002.7
8,7500,stdDP,684.587
8,7500,extDP,173.671
8,7500,MILP,618.793
8,7800,stdDP,374.432
8,7800,extDP,167.911
8,7800,MILP,851.21
8,8100,stdDP,574.793
8,8100,extDP,141.817
8,8100,MILP,808.744
8,8400,stdDP,586.081
8,8400,extDP,116.028
8,8400,MILP,706.737
8,8700,stdDP,628.766
8,8700,extDP,118.832
8,8700,MILP,2261.91
8,900,stdDP,468.554
8,900,extDP,130.166
8,900,MILP,624.806
8,9000,stdDP,470.22
8,9000,extDP,132.512
8,9000,MILP,616.868
8,9300,stdDP,440.861
8,9300,extDP,76.787
8,9300,MILP,635.351
8,9600,stdDP,365.68
8,9600,extDP,150.927
8,9600,MILP,857.249
8,9900,stdDP,546.003
8,9900,extDP,163.259
8,9900,MILP,867.486
9,0,stdDP,522.898
9,0,extDP,627.192
9,0,MILP,1054.34
9,1200,stdDP,545.287
9,1200,extDP,645.757
9,1200,MILP,1095.66
9,1500,stdDP,541.257
9,1500,extDP,656.762
9,1500,MILP,1042.59
9,1800,stdDP,481.105
9,1800,extDP,660.272
9,1800,MILP,1025.58
9,2100,stdDP,534.158
9,2100,extDP,615.434
9,2100,MILP,1107.92
9,2400,stdDP,411.19
9,2400,extDP,487.725
9,2400,MILP,761.651
9,2700,stdDP,370.281
9,2700,extDP,452.296
9,2700,MILP,806.2
9,300,stdDP,389.618
9,300,extDP,467.688
9,300,MILP,838.14
9,3000,stdDP,418.518
9,3000,extDP,566.738
9,3000,MILP,760.078
9,3300,stdDP,218.762
9,3300,extDP,238.469
9,3300,MILP,527.563
9,3600,stdDP,215.185
9,3600,extDP,458.047
9,3600,MILP,929.459
9,3900,stdDP,395.449
9,3900,extDP,439.944
9,3900,MILP,776.577
9,4200,stdDP,399.342
9,4200,extDP,450.326
9,4200,MILP,817.225
9,4500,stdDP,428.699
9,4500,extDP,520.606
9,4500,MILP,831.107
9,4800,stdDP,507.252
9,4800,extDP,596.626
9,4800,MILP,772.268
9,5100,stdDP,390.009
9,5100,extDP,447.989
9,5100,MILP,793.697
9,5400,stdDP,380.722
9,5400,extDP,473.938
9,5400,MILP,836.439
9,5700,stdDP,420.886
9,5700,extDP,471.877
9,5700,MILP,1082.9
9,600,stdDP,486.058
9,600,extDP,593.625
9,600,MILP,800.438
9,6000,stdDP,397.264
9,6000,extDP,471.14
9,6000,MILP,767.578
9,6300,stdDP,372.811
9,6300,extDP,489.285
9,6300,MILP,812.636
9,6600,stdDP,420.738
9,6600,extDP,464.735
9,6600,MILP,827.686
9,6900,stdDP,545.256
9,6900,extDP,233.845
9,6900,MILP,942.558
9,7200,stdDP,431.017
9,7200,extDP,486.206
9,7200,MILP,756.088
9,7500,stdDP,204.041
9,7500,extDP,246.643
9,7500,MILP,506.326
9,7800,stdDP,367.645
9,7800,extDP,237.797
9,7800,MILP,811.139
9,8100,stdDP,408.583
9,8100,extDP,479.08
9,8100,MILP,841.792
9,8400,stdDP,378.35
9,8400,extDP,429.801
9,8400,MILP,874.582
9,8700,stdDP,420.777
9,8700,extDP,495.977
9,8700,MILP,800.498
9,900,stdDP,406.62
9,900,extDP,552.549
9,900,MILP,929.303
9,9000,stdDP,393.31
9,9000,extDP,460.661
9,9000,MILP,772.481
9,9300,stdDP,206.056
9,9300,extDP,482.581
9,9300,MILP,505.859
9,9600,stdDP,269.753
9,9600,extDP,230.321
9,9600,MILP,469.408
9,9900,stdDP,256.102
9,9900,extDP,298.526
9,9900,MILP,3981.57
