unit,iter,solver,time_us
0,1200,stdDP,319219
0,1200,parDP,168801
0,1200,extDP,5470.2
0,1200,MILP,10828.4
0,1500,stdDP,313947
0,1500,parDP,175490
0,1500,extDP,5376.19
0,1500,MILP,10768.9
0,1800,stdDP,318432
0,1800,parDP,172030
0,1800,extDP,6378.43
0,1800,MILP,18606.2
0,2100,stdDP,313239
0,2100,parDP,162745
0,2100,extDP,5513.68
0,2100,MILP,10492.1
0,2400,stdDP,313235
0,2400,parDP,163823
0,2400,extDP,5412.76
0,2400,MILP,10732.3
0,2700,stdDP,316998
0,2700,parDP,162362
0,2700,extDP,5529.84
0,2700,MILP,11182
0,300,stdDP,316493
0,300,parDP,162699
0,300,extDP,5264.05
0,300,MILP,11259.7
0,3000,stdDP,321409
0,3000,parDP,161552
0,3000,extDP,5390.05
0,3000,MILP,10804.8
0,3300,stdDP,315971
0,3300,parDP,161363
0,3300,extDP,5747.27
0,3300,MILP,11078
0,3600,stdDP,315245
0,3600,parDP,163706
0,3600,extDP,5824.93
0,3600,MILP,10621.8
0,3900,stdDP,313666
0,3900,parDP,163083
0,3900,extDP,6004.26
0,3900,MILP,10354.6
0,4200,stdDP,313223
0,4200,parDP,162473
0,4200,extDP,5437.12
0,4200,MILP,12744.1
0,4500,stdDP,314968
0,4500,parDP,162093
0,4500,extDP,5600.16
0,4500,MILP,11181.8
0,4800,stdDP,313870
0,4800,parDP,164076
0,4800,extDP,5599.35
0,4800,MILP,11252.8
0,5100,stdDP,317776
0,5100,parDP,162903
0,5100,extDP,5454.68
0,5100,MILP,10863.8
0,5400,stdDP,314914
0,5400,parDP,161597
0,5400,extDP,5220.53
0,5400,MILP,11105.6
0,5700,stdDP,314726
0,5700,parDP,162103
0,5700,extDP,5614.25
0,5700,MILP,11143.5
0,600,stdDP,314942
0,600,parDP,161655
0,600,extDP,5432.17
0,600,MILP,11032.3
0,6000,stdDP,315748
0,6000,parDP,162321
0,6000,extDP,5284.58
0,6000,MILP,11477.5
0,6300,stdDP,316136
0,6300,parDP,161549
0,6300,extDP,5285.69
0,6300,MILP,11156.2
0,6600,stdDP,315561
0,6600,parDP,164630
0,6600,extDP,5652.68
0,6600,MILP,10368.3
0,6900,stdDP,314657
0,6900,parDP,162063
0,6900,extDP,6069.57
0,6900,MILP,10146.5
0,7200,stdDP,312477
0,7200,parDP,162906
0,7200,extDP,5933.61
0,7200,MILP,10916
0,7500,stdDP,315783
0,7500,parDP,162298
0,7500,extDP,5507.45
0,7500,MILP,11277
0,7800,stdDP,316688
0,7800,parDP,161642
0,7800,extDP,5379.83
0,7800,MILP,10994.6
0,8100,stdDP,316166
0,8100,parDP,163450
0,8100,extDP,5748.31
0,8100,MILP,10444.2
0,8400,stdDP,315215
0,8400,parDP,164286
0,8400,extDP,5542.29
0,8400,MILP,10935
0,8700,stdDP,315355
0,8700,parDP,163368
0,8700,extDP,5593.68
0,8700,MILP,10866.9
0,900,stdDP,314731
0,900,parDP,161422
0,900,extDP,5607.69
0,900,MILP,10995.2
0,9000,stdDP,311123
0,9000,parDP,165579
0,9000,extDP,5508.54
0,9000,MILP,11145.4
0,9300,stdDP,314712
0,9300,parDP,161517
0,9300,extDP,5312.63
0,9300,MILP,10697.6
0,9600,stdDP,314622
0,9600,parDP,162220
0,9600,extDP,11488.9
0,9600,MILP,10941.8
0,9900,stdDP,316517
0,9900,parDP,161930
0,9900,extDP,5928.99
0,9900,MILP,10137.2
1,1200,stdDP,341912
1,1200,parDP,168773
1,1200,extDP,17086.2
1,1200,MILP,13918.2
1,1500,stdDP,342796
1,1500,parDP,168779
1,1500,extDP,15812.8
1,1500,MILP,14182
1,1800,stdDP,343745
1,1800,parDP,169360
1,1800,extDP,16039.8
1,1800,MILP,14064.9
1,2100,stdDP,343586
1,2100,parDP,169262
1,2100,extDP,16421.9
1,2100,MILP,14110.8
1,2400,stdDP,348606
1,2400,parDP,167847
1,2400,extDP,15996.1
1,2400,MILP,13717.9
1,2700,stdDP,348838
1,2700,parDP,179417
1,2700,extDP,15836.7
1,2700,MILP,13848.6
1,300,stdDP,344010
1,300,parDP,169349
1,300,extDP,15702.7
1,300,MILP,13853
1,3000,stdDP,345198
1,3000,parDP,169945
1,3000,extDP,15604.9
1,3000,MILP,13272.8
1,3300,stdDP,343124
1,3300,parDP,169669
1,3300,extDP,17051.8
1,3300,MILP,13686
1,3600,stdDP,346656
1,3600,parDP,170443
1,3600,extDP,17202.5
1,3600,MILP,13346.7
1,3900,stdDP,348110
1,3900,parDP,171282
1,3900,extDP,16719.4
1,3900,MILP,14031.9
1,4200,stdDP,348043
1,4200,parDP,169372
1,4200,extDP,16028.7
1,4200,MILP,13631.4
1,4500,stdDP,344352
1,4500,parDP,169273
1,4500,extDP,15849.5
1,4500,MILP,13951.3
1,4800,stdDP,346230
1,4800,parDP,171224
1,4800,extDP,17106.7
1,4800,MILP,15487.1
1,5100,stdDP,345393
1,5100,parDP,170433
1,5100,extDP,16503.9
1,5100,MILP,14148.7
1,5400,stdDP,343950
1,5400,parDP,170560
1,5400,extDP,16144.6
1,5400,MILP,13702.9
1,5700,stdDP,345344
1,5700,parDP,171312
1,5700,extDP,15645.3
1,5700,MILP,14303.7
1,600,stdDP,346096
1,600,parDP,171923
1,600,extDP,16574.9
1,600,MILP,13833
1,6000,stdDP,344778
1,6000,parDP,169580
1,6000,extDP,15689.3
1,6000,MILP,13257.8
1,6300,stdDP,344429
1,6300,parDP,170188
1,6300,extDP,17397.8
1,6300,MILP,13276.3
1,6600,stdDP,345110
1,6600,parDP,169522
1,6600,extDP,17259
1,6600,MILP,13894
1,6900,stdDP,349513
1,6900,parDP,172900
1,6900,extDP,16322.3
1,6900,MILP,14308.3
1,7200,stdDP,345338
1,7200,parDP,168982
1,7200,extDP,15896.3
1,7200,MILP,13927.9
1,7500,stdDP,342338
1,7500,parDP,170979
1,7500,extDP,16375.9
1,7500,MILP,14032.2
1,7800,stdDP,342238
1,7800,parDP,168138
1,7800,extDP,15737.7
1,7800,MILP,14489.6
1,8100,stdDP,345051
1,8100,parDP,170139
1,8100,extDP,15706.1
1,8100,MILP,14778.6
1,8400,stdDP,345794
1,8400,parDP,170819
1,8400,extDP,15768.6
1,8400,MILP,14276
1,8700,stdDP,344665
1,8700,parDP,168877
1,8700,extDP,16200.9
1,8700,MILP,14240.9
1,900,stdDP,340940
1,900,parDP,169807
1,900,extDP,15913.2
1,900,MILP,13224.1
1,9000,stdDP,344670
1,9000,parDP,169261
1,9000,extDP,17206.8
1,9000,MILP,13557.3
1,9300,stdDP,351502
1,9300,parDP,169504
1,9300,extDP,17968.4
1,9300,MILP,13553.3
1,9600,stdDP,346490
1,9600,parDP,168717
1,9600,extDP,16960.7
1,9600,MILP,13885.3
1,9900,stdDP,346595
1,9900,parDP,169548
1,9900,extDP,16069
1,9900,MILP,13805
10,1200,stdDP,647842
10,1200,parDP,262111
10,1200,extDP,64869.4
10,1200,MILP,22463.3
10,1500,stdDP,653005
10,1500,parDP,266122
10,1500,extDP,65017
10,1500,MILP,22720.3
10,1800,stdDP,647530
10,1800,parDP,265763
10,1800,extDP,63401.7
10,1800,MILP,22625.6
10,2100,stdDP,650933
10,2100,parDP,263545
10,2100,extDP,62785.8
10,2100,MILP,22491.2
10,2400,stdDP,651757
10,2400,parDP,264707
10,2400,extDP,64772.9
10,2400,MILP,23218
10,2700,stdDP,654160
10,2700,parDP,262548
10,2700,extDP,65666.8
10,2700,MILP,23212
10,300,stdDP,652967
10,300,parDP,267531
10,300,extDP,62931.9
10,300,MILP,23001.4
10,3000,stdDP,647962
10,3000,parDP,264179
10,3000,extDP,65387.1
10,3000,MILP,22456.8
10,3300,stdDP,637341
10,3300,parDP,260630
10,3300,extDP,65077.2
10,3300,MILP,23318.9
10,3600,stdDP,653675
10,3600,parDP,262142
10,3600,extDP,62661.3
10,3600,MILP,23113.3
10,3900,stdDP,654134
10,3900,parDP,264379
10,3900,extDP,66092.2
10,3900,MILP,22291.7
10,4200,stdDP,652963
10,4200,parDP,263733
10,4200,extDP,65746.7
10,4200,MILP,22586.8
10,4500,stdDP,648515
10,4500,parDP,263001
10,4500,extDP,66117.2
10,4500,MILP,23492.6
10,4800,stdDP,649995
10,4800,parDP,262782
10,4800,extDP,62516.7
10,4800,MILP,22578.3
10,5100,stdDP,650745
10,5100,parDP,262021
10,5100,extDP,64411.5
10,5100,MILP,22599.8
10,5400,stdDP,650969
10,5400,parDP,264037
10,5400,extDP,65503.1
10,5400,MILP,22694.5
10,5700,stdDP,651778
10,5700,parDP,262635
10,5700,extDP,62818.5
10,5700,MILP,23085.2
10,600,stdDP,640970
10,600,parDP,261783
10,600,extDP,65543.3
10,600,MILP,21700.1
10,6000,stdDP,653914
10,6000,parDP,263931
10,6000,extDP,65899.4
10,6000,MILP,23793.1
10,6300,stdDP,646657
10,6300,parDP,263542
10,6300,extDP,63152.8
10,6300,MILP,24242.3
10,6600,stdDP,650130
10,6600,parDP,264879
10,6600,extDP,65251.4
10,6600,MILP,22326
10,6900,stdDP,652688
10,6900,parDP,265131
10,6900,extDP,65028.7
10,6900,MILP,27361.1
10,7200,stdDP,650579
10,7200,parDP,262005
10,7200,extDP,64592.2
10,7200,MILP,23708.7
10,7500,stdDP,649841
10,7500,parDP,261290
10,7500,extDP,63544.5
10,7500,MILP,21734.2
10,7800,stdDP,649785
10,7800,parDP,262379
10,7800,extDP,64582.9
10,7800,MILP,22703.3
10,8100,stdDP,649038
10,8100,parDP,262950
10,8100,extDP,65991.9
10,8100,MILP,23168.5
10,8400,stdDP,656087
10,8400,parDP,263418
10,8400,extDP,62890.1
10,8400,MILP,22617
10,8700,stdDP,648625
10,8700,parDP,262203
10,8700,extDP,64572.1
10,8700,MILP,21732.5
10,900,stdDP,646987
10,900,parDP,260995
10,900,extDP,66567.6
10,900,MILP,22716.3
10,9000,stdDP,648085
10,9000,parDP,263883
10,9000,extDP,64142
10,9000,MILP,23189
10,9300,stdDP,650845
10,9300,parDP,264411
10,9300,extDP,65103.5
10,9300,MILP,22011.9
10,9600,stdDP,659821
10,9600,parDP,264712
10,9600,extDP,64948.5
10,9600,MILP,22662.6
10,9900,stdDP,653000
10,9900,parDP,265470
10,9900,extDP,64864.2
10,9900,MILP,23715.4
11,1200,stdDP,264643
11,1200,parDP,145660
11,1200,extDP,2322.16
11,1200,MILP,9347.5
11,1500,stdDP,267248
11,1500,parDP,146757
11,1500,extDP,2043.07
11,1500,MILP,9920.26
11,1800,stdDP,268403
11,1800,parDP,146152
11,1800,extDP,2462.31
11,1800,MILP,9406.74
11,2100,stdDP,263126
11,2100,parDP,145835
11,2100,extDP,2234.3
11,2100,MILP,9164.19
11,2400,stdDP,267878
11,2400,parDP,146417
11,2400,extDP,2290.4
11,2400,MILP,9753.35
11,2700,stdDP,266452
11,2700,parDP,146124
11,2700,extDP,2052.16
11,2700,MILP,9271.18
11,300,stdDP,265916
11,300,parDP,145799
11,300,extDP,2377.8
11,300,MILP,9362.71
11,3000,stdDP,263823
11,3000,parDP,146876
11,3000,extDP,2097.94
11,3000,MILP,9964
11,3300,stdDP,264726
11,3300,parDP,146565
11,3300,extDP,2153.19
11,3300,MILP,9688.11
11,3600,stdDP,265894
11,3600,parDP,146124
11,3600,extDP,2208.67
11,3600,MILP,9818.72
11,3900,stdDP,266016
11,3900,parDP,147029
11,3900,extDP,2347.82
11,3900,MILP,9742.57
11,4200,stdDP,268656
11,4200,parDP,146723
11,4200,extDP,2034.16
11,4200,MILP,9964.99
11,4500,stdDP,265074
11,4500,parDP,145971
11,4500,extDP,2377.41
11,4500,MILP,9667.68
11,4800,stdDP,266470
11,4800,parDP,146305
11,4800,extDP,2116.82
11,4800,MILP,9453.49
11,5100,stdDP,261406
11,5100,parDP,147187
11,5100,extDP,2248.43
11,5100,MILP,9639.79
11,5400,stdDP,265419
11,5400,parDP,146545
11,5400,extDP,2243.82
11,5400,MILP,9505.24
11,5700,stdDP,264101
11,5700,parDP,147005
11,5700,extDP,2008.58
11,5700,MILP,10424.7
11,600,stdDP,264538
11,600,parDP,145476
11,600,extDP,2128.74
11,600,MILP,10274.3
11,6000,stdDP,260867
11,6000,parDP,145002
11,6000,extDP,2223.02
11,6000,MILP,9563.16
11,6300,stdDP,262033
11,6300,parDP,146845
11,6300,extDP,2329.38
11,6300,MILP,9459.13
11,6600,stdDP,264926
11,6600,parDP,147084
11,6600,extDP,1999.71
11,6600,MILP,9339.28
11,6900,stdDP,262672
11,6900,parDP,146346
11,6900,extDP,2230.31
11,6900,MILP,9271.26
11,7200,stdDP,263451
11,7200,parDP,146611
11,7200,extDP,2120.79
11,7200,MILP,9793.03
11,7500,stdDP,263652
11,7500,parDP,150574
11,7500,extDP,2107.46
11,7500,MILP,9387.84
11,7800,stdDP,262570
11,7800,parDP,146593
11,7800,extDP,2260.07
11,7800,MILP,9315.81
11,8100,stdDP,263536
11,8100,parDP,145237
11,8100,extDP,2062.79
11,8100,MILP,10120.9
11,8400,stdDP,263427
11,8400,parDP,146198
11,8400,extDP,2164.03
11,8400,MILP,10049.2
11,8700,stdDP,271006
11,8700,parDP,146311
11,8700,extDP,2283
11,8700,MILP,9553.38
11,900,stdDP,263891
11,900,parDP,147774
11,900,extDP,2164.27
11,900,MILP,9505.46
11,9000,stdDP,265953
11,9000,parDP,148054
11,9000,extDP,2015.88
11,9000,MILP,9437.99
11,9300,stdDP,264676
11,9300,parDP,148088
11,9300,extDP,2226.48
11,9300,MILP,9274.96
11,9600,stdDP,263795
11,9600,parDP,156055
11,9600,extDP,2088.45
11,9600,MILP,9983.64
11,9900,stdDP,266068
11,9900,parDP,146841
11,9900,extDP,2178.41
11,9900,MILP,9629.68
12,1200,stdDP,653628
12,1200,parDP,265304
12,1200,extDP,80757.2
12,1200,MILP,23732.1
12,1500,stdDP,651718
12,1500,parDP,262773
12,1500,extDP,82421.4
12,1500,MILP,23824.7
12,1800,stdDP,647749
12,1800,parDP,262911
12,1800,extDP,81618.2
12,1800,MILP,23578.2
12,2100,stdDP,647937
12,2100,parDP,263787
12,2100,extDP,86452.9
12,2100,MILP,25645.9
12,2400,stdDP,665968
12,2400,parDP,324065
12,2400,extDP,93356.6
12,2400,MILP,23679.3
12,2700,stdDP,661971
12,2700,parDP,263352
12,2700,extDP,80679.8
12,2700,MILP,23546.3
12,300,stdDP,656074
12,300,parDP,270477
12,300,extDP,82044.8
12,300,MILP,22721.9
12,3000,stdDP,652989
12,3000,parDP,269718
12,3000,extDP,82125.9
12,3000,MILP,23709.5
12,3300,stdDP,650510
12,3300,parDP,263327
12,3300,extDP,81628.1
12,3300,MILP,23672.8
12,3600,stdDP,651940
12,3600,parDP,265623
12,3600,extDP,79632.1
12,3600,MILP,23821.5
12,3900,stdDP,647151
12,3900,parDP,263353
12,3900,extDP,80285.6
12,3900,MILP,22926.2
12,4200,stdDP,650952
12,4200,parDP,262515
12,4200,extDP,82582.5
12,4200,MILP,22201.6
12,4500,stdDP,650842
12,4500,parDP,270383
12,4500,extDP,82379.5
12,4500,MILP,24816.3
12,4800,stdDP,651540
12,4800,parDP,261078
12,4800,extDP,81395.8
12,4800,MILP,23921.9
12,5100,stdDP,648555
12,5100,parDP,262547
12,5100,extDP,78724.4
12,5100,MILP,23220.6
12,5400,stdDP,651779
12,5400,parDP,272016
12,5400,extDP,80497.1
12,5400,MILP,23677.2
12,5700,stdDP,647408
12,5700,parDP,261151
12,5700,extDP,82345.5
12,5700,MILP,24013.1
12,600,stdDP,645385
12,600,parDP,262514
12,600,extDP,82747.5
12,600,MILP,23969.8
12,6000,stdDP,651379
12,6000,parDP,264276
12,6000,extDP,78451.7
12,6000,MILP,23749.9
12,6300,stdDP,652718
12,6300,parDP,265142
12,6300,extDP,80863
12,6300,MILP,22871.9
12,6600,stdDP,655868
12,6600,parDP,265154
12,6600,extDP,81792
12,6600,MILP,23201.2
12,6900,stdDP,653504
12,6900,parDP,263120
12,6900,extDP,82746.8
12,6900,MILP,23600
12,7200,stdDP,649714
12,7200,parDP,260656
12,7200,extDP,81153
12,7200,MILP,24333.3
12,7500,stdDP,650388
12,7500,parDP,264729
12,7500,extDP,78864.7
12,7500,MILP,23667.1
12,7800,stdDP,647322
12,7800,parDP,267017
12,7800,extDP,82682.8
12,7800,MILP,22592.3
12,8100,stdDP,647941
12,8100,parDP,261253
12,8100,extDP,84366.4
12,8100,MILP,24677.1
12,8400,stdDP,653223
12,8400,parDP,262862
12,8400,extDP,81337.3
12,8400,MILP,23879.5
12,8700,stdDP,648296
12,8700,parDP,263616
12,8700,extDP,80731.3
12,8700,MILP,23813.2
12,900,stdDP,650036
12,900,parDP,264431
12,900,extDP,80674.1
12,900,MILP,22785.6
12,9000,stdDP,653435
12,9000,parDP,259647
12,9000,extDP,80973
12,9000,MILP,23894.5
12,9300,stdDP,643019
12,9300,parDP,262060
12,9300,extDP,79998.8
12,9300,MILP,24850.7
12,9600,stdDP,645309
12,9600,parDP,265159
12,9600,extDP,78014
12,9600,MILP,24031.7
12,9900,stdDP,649995
12,9900,parDP,262258
12,9900,extDP,81682
12,9900,MILP,23018.2
13,1200,stdDP,299188
13,1200,parDP,156821
13,1200,extDP,2174.77
13,1200,MILP,10151.4
13,1500,stdDP,298093
13,1500,parDP,156885
13,1500,extDP,2169.18
13,1500,MILP,9962.35
13,1800,stdDP,298846
13,1800,parDP,156281
13,1800,extDP,2081.14
13,1800,MILP,10149.1
13,2100,stdDP,297170
13,2100,parDP,160086
13,2100,extDP,2135.72
13,2100,MILP,10136.8
13,2400,stdDP,299287
13,2400,parDP,156667
13,2400,extDP,2254.57
13,2400,MILP,9612.59
13,2700,stdDP,296192
13,2700,parDP,159488
13,2700,extDP,2091.38
13,2700,MILP,10039.4
13,300,stdDP,297805
13,300,parDP,158273
13,300,extDP,2149.18
13,300,MILP,10286.3
13,3000,stdDP,299482
13,3000,parDP,157483
13,3000,extDP,1998.17
13,3000,MILP,9994.06
13,3300,stdDP,298446
13,3300,parDP,157261
13,3300,extDP,2225.14
13,3300,MILP,9987.39
13,3600,stdDP,298613
13,3600,parDP,156921
13,3600,extDP,2256.4
13,3600,MILP,10029.7
13,3900,stdDP,296404
13,3900,parDP,156563
13,3900,extDP,2271.68
13,3900,MILP,10066.9
13,4200,stdDP,297946
13,4200,parDP,168089
13,4200,extDP,2207.63
13,4200,MILP,10030
13,4500,stdDP,297967
13,4500,parDP,158280
13,4500,extDP,2195.56
13,4500,MILP,9848.97
13,4800,stdDP,298367
13,4800,parDP,156570
13,4800,extDP,2116.18
13,4800,MILP,10275.8
13,5100,stdDP,298229
13,5100,parDP,156103
13,5100,extDP,2261.76
13,5100,MILP,10076.3
13,5400,stdDP,297195
13,5400,parDP,156274
13,5400,extDP,2222.52
13,5400,MILP,10011.9
13,5700,stdDP,293083
13,5700,parDP,156723
13,5700,extDP,2221.72
13,5700,MILP,9522.6
13,600,stdDP,299692
13,600,parDP,157589
13,600,extDP,2084.24
13,600,MILP,10004.9
13,6000,stdDP,298857
13,6000,parDP,159380
13,6000,extDP,2119.52
13,6000,MILP,10022.2
13,6300,stdDP,299033
13,6300,parDP,157267
13,6300,extDP,2089.92
13,6300,MILP,10079.4
13,6600,stdDP,298786
13,6600,parDP,158618
13,6600,extDP,2276
13,6600,MILP,9991.32
13,6900,stdDP,299240
13,6900,parDP,158686
13,6900,extDP,2288.56
13,6900,MILP,9681.05
13,7200,stdDP,298579
13,7200,parDP,157013
13,7200,extDP,2107.54
13,7200,MILP,9983.18
13,7500,stdDP,297978
13,7500,parDP,156631
13,7500,extDP,2040.93
13,7500,MILP,10056.7
13,7800,stdDP,295673
13,7800,parDP,156295
13,7800,extDP,2104.32
13,7800,MILP,10227.3
13,8100,stdDP,296996
13,8100,parDP,155500
13,8100,extDP,2133.04
13,8100,MILP,10388.9
13,8400,stdDP,297948
13,8400,parDP,157693
13,8400,extDP,2241.09
13,8400,MILP,9815.07
13,8700,stdDP,297828
13,8700,parDP,157390
13,8700,extDP,2086.75
13,8700,MILP,9846.62
13,900,stdDP,299914
13,900,parDP,158314
13,900,extDP,2113.38
13,900,MILP,10025.5
13,9000,stdDP,298866
13,9000,parDP,156289
13,9000,extDP,2185.69
13,9000,MILP,10727.5
13,9300,stdDP,299902
13,9300,parDP,161577
13,9300,extDP,2178.17
13,9300,MILP,10394
13,9600,stdDP,300571
13,9600,parDP,155920
13,9600,extDP,2134.91
13,9600,MILP,9970.5
13,9900,stdDP,295815
13,9900,parDP,156301
13,9900,extDP,2413.48
13,9900,MILP,9481.49
14,1200,stdDP,655239
14,1200,parDP,267246
14,1200,extDP,70317.4
14,1200,MILP,22648.2
14,1500,stdDP,653299
14,1500,parDP,268655
14,1500,extDP,64612.4
14,1500,MILP,23373.4
14,1800,stdDP,654387
14,1800,parDP,267165
14,1800,extDP,63026.3
14,1800,MILP,21715.6
14,2100,stdDP,652623
14,2100,parDP,265910
14,2100,extDP,65684.4
14,2100,MILP,21911.7
14,2400,stdDP,654834
14,2400,parDP,264665
14,2400,extDP,64449.5
14,2400,MILP,22926.5
14,2700,stdDP,651776
14,2700,parDP,266528
14,2700,extDP,65097.2
14,2700,MILP,22700.3
14,300,stdDP,657170
14,300,parDP,268260
14,300,extDP,65060.4
14,300,MILP,21656.9
14,3000,stdDP,656251
14,3000,parDP,269638
14,3000,extDP,65757.1
14,3000,MILP,22425
14,3300,stdDP,655396
14,3300,parDP,265457
14,3300,extDP,65221.2
14,3300,MILP,22974.7
14,3600,stdDP,652028
14,3600,parDP,267338
14,3600,extDP,63379
14,3600,MILP,22135.7
14,3900,stdDP,657763
14,3900,parDP,269184
14,3900,extDP,64960.9
14,3900,MILP,21328
14,4200,stdDP,652341
14,4200,parDP,265535
14,4200,extDP,65003.4
14,4200,MILP,22680.2
14,4500,stdDP,659468
14,4500,parDP,265621
14,4500,extDP,64922.8
14,4500,MILP,23012.2
14,4800,stdDP,654728
14,4800,parDP,267575
14,4800,extDP,64211.4
14,4800,MILP,21386.3
14,5100,stdDP,653944
14,5100,parDP,265936
14,5100,extDP,64911.9
14,5100,MILP,22482.5
14,5400,stdDP,648930
14,5400,parDP,264572
14,5400,extDP,64804.7
14,5400,MILP,22366.3
14,5700,stdDP,654444
14,5700,parDP,267047
14,5700,extDP,62777.7
14,5700,MILP,22480.2
14,600,stdDP,657322
14,600,parDP,267569
14,600,extDP,65300.6
14,600,MILP,21218.9
14,6000,stdDP,659384
14,6000,parDP,274858
14,6000,extDP,65923.8
14,6000,MILP,22629.2
14,6300,stdDP,652275
14,6300,parDP,265862
14,6300,extDP,65732.2
14,6300,MILP,22557.4
14,6600,stdDP,652793
14,6600,parDP,266044
14,6600,extDP,62957.5
14,6600,MILP,22514
14,6900,stdDP,655559
14,6900,parDP,266761
14,6900,extDP,64828.9
14,6900,MILP,21202.1
14,7200,stdDP,662309
14,7200,parDP,264743
14,7200,extDP,64425.7
14,7200,MILP,22306.7
14,7500,stdDP,652733
14,7500,parDP,266769
14,7500,extDP,62562.9
14,7500,MILP,22553.9
14,7800,stdDP,654570
14,7800,parDP,266134
14,7800,extDP,66170.7
14,7800,MILP,21362.7
14,8100,stdDP,655126
14,8100,parDP,267267
14,8100,extDP,65185.3
14,8100,MILP,22529.3
14,8400,stdDP,660582
14,8400,parDP,276504
14,8400,extDP,65347.9
14,8400,MILP,24584.1
14,8700,stdDP,650191
14,8700,parDP,268537
14,8700,extDP,63549.4
14,8700,MILP,22234.9
14,900,stdDP,652937
14,900,parDP,265081
14,900,extDP,63060.6
14,900,MILP,21218.9
14,9000,stdDP,649489
14,9000,parDP,265966
14,9000,extDP,65384.8
14,9000,MILP,23417.2
14,9300,stdDP,651193
14,9300,parDP,266323
14,9300,extDP,63665.6
14,9300,MILP,23133.4
14,9600,stdDP,655140
14,9600,parDP,267787
14,9600,extDP,63660
14,9600,MILP,21253.3
14,9900,stdDP,654010
14,9900,parDP,265844
14,9900,extDP,65038.5
14,9900,MILP,22037.3
15,1200,stdDP,330335
15,1200,parDP,166290
15,1200,extDP,12340.6
15,1200,MILP,13665.4
15,1500,stdDP,330117
15,1500,parDP,165577
15,1500,extDP,12694.5
15,1500,MILP,13981.9
15,1800,stdDP,330755
15,1800,parDP,165043
15,1800,extDP,12576.1
15,1800,MILP,13708.4
15,2100,stdDP,329115
15,2100,parDP,174993
15,2100,extDP,12538.2
15,2100,MILP,14396.5
15,2400,stdDP,326675
15,2400,parDP,164593
15,2400,extDP,12223.8
15,2400,MILP,13421.9
15,2700,stdDP,327952
15,2700,parDP,169399
15,2700,extDP,12117.6
15,2700,MILP,14068.2
15,300,stdDP,324199
15,300,parDP,165123
15,300,extDP,12706.5
15,300,MILP,13431.4
15,3000,stdDP,328770
15,3000,parDP,164608
15,3000,extDP,12381
15,3000,MILP,13572.3
15,3300,stdDP,328971
15,3300,parDP,164688
15,3300,extDP,12345.2
15,3300,MILP,13448.6
15,3600,stdDP,328733
15,3600,parDP,166192
15,3600,extDP,12582.1
15,3600,MILP,13657.3
15,3900,stdDP,329834
15,3900,parDP,166068
15,3900,extDP,13190.8
15,3900,MILP,13776.2
15,4200,stdDP,331055
15,4200,parDP,164967
15,4200,extDP,12642.8
15,4200,MILP,13550
15,4500,stdDP,329827
15,4500,parDP,164832
15,4500,extDP,12524.1
15,4500,MILP,13880
15,4800,stdDP,328358
15,4800,parDP,168353
15,4800,extDP,12822.7
15,4800,MILP,13274.7
15,5100,stdDP,328175
15,5100,parDP,173821
15,5100,extDP,12335.4
15,5100,MILP,13621.1
15,5400,stdDP,329277
15,5400,parDP,164902
15,5400,extDP,12638.5
15,5400,MILP,13771.8
15,5700,stdDP,327817
15,5700,parDP,165616
15,5700,extDP,12951.8
15,5700,MILP,13485.7
15,600,stdDP,328037
15,600,parDP,176547
15,600,extDP,12646.5
15,600,MILP,13649
15,6000,stdDP,328123
15,6000,parDP,163717
15,6000,extDP,12728.7
15,6000,MILP,13642.5
15,6300,stdDP,328790
15,6300,parDP,165687
15,6300,extDP,12452.9
15,6300,MILP,13423.5
15,6600,stdDP,324851
15,6600,parDP,163957
15,6600,extDP,12510.7
15,6600,MILP,13849.7
15,6900,stdDP,328036
15,6900,parDP,163816
15,6900,extDP,12485.6
15,6900,MILP,13333.2
15,7200,stdDP,327160
15,7200,parDP,164870
15,7200,extDP,12468.4
15,7200,MILP,13922.6
15,7500,stdDP,333298
15,7500,parDP,164836
15,7500,extDP,12574.4
15,7500,MILP,14096.9
15,7800,stdDP,326826
15,7800,parDP,164967
15,7800,extDP,12501.8
15,7800,MILP,14019.5
15,8100,stdDP,332403
15,8100,parDP,166661
15,8100,extDP,12626.2
15,8100,MILP,13543.8
15,8400,stdDP,331990
15,8400,parDP,166326
15,8400,extDP,12724.3
15,8400,MILP,13728
15,8700,stdDP,329262
15,8700,parDP,165477
15,8700,extDP,12623.4
15,8700,MILP,13779.4
15,900,stdDP,328005
15,900,parDP,165410
15,900,extDP,12583.9
15,900,MILP,13966.5
15,9000,stdDP,328462
15,9000,parDP,166067
15,9000,extDP,12688
15,9000,MILP,14010.4
15,9300,stdDP,328319
15,9300,parDP,164549
15,9300,extDP,12432.9
15,9300,MILP,13937.3
15,9600,stdDP,329463
15,9600,parDP,170425
15,9600,extDP,12221.2
15,9600,MILP,13463.6
15,9900,stdDP,324196
15,9900,parDP,164324
15,9900,extDP,12486.9
15,9900,MILP,13673.4
16,1200,stdDP,332115
16,1200,parDP,164280
16,1200,extDP,12443.5
16,1200,MILP,13803.5
16,1500,stdDP,326545
16,1500,parDP,164844
16,1500,extDP,12453.3
16,1500,MILP,13672.3
16,1800,stdDP,328016
16,1800,parDP,163768
16,1800,extDP,12502
16,1800,MILP,13612.6
16,2100,stdDP,326090
16,2100,parDP,164938
16,2100,extDP,12008.1
16,2100,MILP,14954.8
16,2400,stdDP,328134
16,2400,parDP,164782
16,2400,extDP,12762.7
16,2400,MILP,13689.1
16,2700,stdDP,328992
16,2700,parDP,165708
16,2700,extDP,12721.2
16,2700,MILP,13817.6
16,300,stdDP,327017
16,300,parDP,164471
16,300,extDP,12644.4
16,300,MILP,13965.3
16,3000,stdDP,328864
16,3000,parDP,168039
16,3000,extDP,12305.6
16,3000,MILP,13700.6
16,3300,stdDP,329959
16,3300,parDP,164339
16,3300,extDP,13327.6
16,3300,MILP,13657.3
16,3600,stdDP,328560
16,3600,parDP,166382
16,3600,extDP,12582.4
16,3600,MILP,13859.8
16,3900,stdDP,328270
16,3900,parDP,172676
16,3900,extDP,13082.8
16,3900,MILP,13898.3
16,4200,stdDP,326630
16,4200,parDP,166992
16,4200,extDP,12440
16,4200,MILP,14025.8
16,4500,stdDP,331266
16,4500,parDP,165335
16,4500,extDP,12853.8
16,4500,MILP,13468.2
16,4800,stdDP,330761
16,4800,parDP,166622
16,4800,extDP,12604.8
16,4800,MILP,13352.5
16,5100,stdDP,327770
16,5100,parDP,165220
16,5100,extDP,12431.7
16,5100,MILP,13755.3
16,5400,stdDP,329135
16,5400,parDP,164891
16,5400,extDP,12620.7
16,5400,MILP,13181.9
16,5700,stdDP,332362
16,5700,parDP,168021
16,5700,extDP,12801.3
16,5700,MILP,13421.5
16,600,stdDP,328394
16,600,parDP,166315
16,600,extDP,12837.5
16,600,MILP,13905.3
16,6000,stdDP,331383
16,6000,parDP,171131
16,6000,extDP,12376.6
16,6000,MILP,14315.7
16,6300,stdDP,330043
16,6300,parDP,175865
16,6300,extDP,12662.2
16,6300,MILP,13425.3
16,6600,stdDP,331552
16,6600,parDP,165521
16,6600,extDP,12978
16,6600,MILP,13754.7
16,6900,stdDP,330791
16,6900,parDP,165685
16,6900,extDP,12826.1
16,6900,MILP,13491.5
16,7200,stdDP,330441
16,7200,parDP,164555
16,7200,extDP,12631.8
16,7200,MILP,13559.8
16,7500,stdDP,329728
16,7500,parDP,165392
16,7500,extDP,12448.5
16,7500,MILP,13716.1
16,7800,stdDP,331596
16,7800,parDP,175696
16,7800,extDP,14508.3
16,7800,MILP,13599.9
16,8100,stdDP,327835
16,8100,parDP,167435
16,8100,extDP,12560.9
16,8100,MILP,13503.9
16,8400,stdDP,329976
16,8400,parDP,165211
16,8400,extDP,12330.8
16,8400,MILP,13454
16,8700,stdDP,330439
16,8700,parDP,164910
16,8700,extDP,12605.8
16,8700,MILP,13675.9
16,900,stdDP,329535
16,900,parDP,164222
16,900,extDP,12188.7
16,900,MILP,13859.5
16,9000,stdDP,330693
16,9000,parDP,164866
16,9000,extDP,12697.7
16,9000,MILP,13285.3
16,9300,stdDP,328658
16,9300,parDP,165036
16,9300,extDP,12498.5
16,9300,MILP,13466.6
16,9600,stdDP,330745
16,9600,parDP,165543
16,9600,extDP,13133.6
16,9600,MILP,13823.5
16,9900,stdDP,327880
16,9900,parDP,165128
16,9900,extDP,12579.2
16,9900,MILP,13291.9
17,1200,stdDP,364019
17,1200,parDP,173176
17,1200,extDP,26984
17,1200,MILP,17668.7
17,1500,stdDP,358760
17,1500,parDP,174170
17,1500,extDP,26601
17,1500,MILP,16164.4
17,1800,stdDP,359083
17,1800,parDP,172275
17,1800,extDP,26769
17,1800,MILP,16002.1
17,2100,stdDP,357602
17,2100,parDP,171122
17,2100,extDP,27232.9
17,2100,MILP,16126.7
17,2400,stdDP,358539
17,2400,parDP,172758
17,2400,extDP,27746.8
17,2400,MILP,16831.3
17,2700,stdDP,358433
17,2700,parDP,172445
17,2700,extDP,27063.9
17,2700,MILP,15975
17,300,stdDP,362101
17,300,parDP,173613
17,300,extDP,26147.9
17,300,MILP,16115.8
17,3000,stdDP,361055
17,3000,parDP,171308
17,3000,extDP,26971.2
17,3000,MILP,15970.9
17,3300,stdDP,360985
17,3300,parDP,173757
17,3300,extDP,26924.9
17,3300,MILP,16578.9
17,3600,stdDP,360529
17,3600,parDP,174898
17,3600,extDP,26937
17,3600,MILP,16449.4
17,3900,stdDP,358707
17,3900,parDP,174946
17,3900,extDP,26234.5
17,3900,MILP,15923
17,4200,stdDP,362562
17,4200,parDP,171427
17,4200,extDP,25960.8
17,4200,MILP,15718.6
17,4500,stdDP,357455
17,4500,parDP,172443
17,4500,extDP,27050.5
17,4500,MILP,16553
17,4800,stdDP,359885
17,4800,parDP,172541
17,4800,extDP,27334.6
17,4800,MILP,16166.7
17,5100,stdDP,354707
17,5100,parDP,173031
17,5100,extDP,26394
17,5100,MILP,16134.6
17,5400,stdDP,361356
17,5400,parDP,174253
17,5400,extDP,26692.4
17,5400,MILP,15523.4
17,5700,stdDP,360959
17,5700,parDP,171463
17,5700,extDP,26701
17,5700,MILP,16417.1
17,600,stdDP,360209
17,600,parDP,173174
17,600,extDP,26772.3
17,600,MILP,16725.5
17,6000,stdDP,359463
17,6000,parDP,173099
17,6000,extDP,26744.6
17,6000,MILP,16007
17,6300,stdDP,360146
17,6300,parDP,171944
17,6300,extDP,27098.7
17,6300,MILP,15861.9
17,6600,stdDP,355211
17,6600,parDP,173528
17,6600,extDP,27117.8
17,6600,MILP,15791.2
17,6900,stdDP,360905
17,6900,parDP,172092
17,6900,extDP,26265.2
17,6900,MILP,16619.6
17,7200,stdDP,359733
17,7200,parDP,173310
17,7200,extDP,27803.4
17,7200,MILP,16274.5
17,7500,stdDP,357771
17,7500,parDP,186099
17,7500,extDP,27513.5
17,7500,MILP,16350.2
17,7800,stdDP,361670
17,7800,parDP,174116
17,7800,extDP,27015.1
17,7800,MILP,15756.5
17,8100,stdDP,360476
17,8100,parDP,172064
17,8100,extDP,25932.4
17,8100,MILP,16154.9
17,8400,stdDP,359391
17,8400,parDP,171618
17,8400,extDP,27345.7
17,8400,MILP,16395.6
17,8700,stdDP,359850
17,8700,parDP,174277
17,8700,extDP,25801.3
17,8700,MILP,16227.5
17,900,stdDP,362248
17,900,parDP,173402
17,900,extDP,27218.2
17,900,MILP,16231.7
17,9000,stdDP,360444
17,9000,parDP,174125
17,9000,extDP,26812.3
17,9000,MILP,15344.1
17,9300,stdDP,357983
17,9300,parDP,172830
17,9300,extDP,27544
17,9300,MILP,16986.3
17,9600,stdDP,361280
17,9600,parDP,183412
17,9600,extDP,27391.8
17,9600,MILP,16251.1
17,9900,stdDP,357347
17,9900,parDP,173860
17,9900,extDP,26990.6
17,9900,MILP,16036.6
18,1200,stdDP,296440
18,1200,parDP,156219
18,1200,extDP,5535.41
18,1200,MILP,11330.4
18,1500,stdDP,298208
18,1500,parDP,157094
18,1500,extDP,5391.57
18,1500,MILP,11276.7
18,1800,stdDP,298236
18,1800,parDP,156174
18,1800,extDP,5316.84
18,1800,MILP,11769.7
18,2100,stdDP,298451
18,2100,parDP,156667
18,2100,extDP,5912.94
18,2100,MILP,11447.8
18,2400,stdDP,296778
18,2400,parDP,155875
18,2400,extDP,5917.2
18,2400,MILP,10882.3
18,2700,stdDP,295531
18,2700,parDP,155222
18,2700,extDP,5529.03
18,2700,MILP,11450.1
18,300,stdDP,295871
18,300,parDP,155859
18,300,extDP,5480.42
18,300,MILP,11275
18,3000,stdDP,297330
18,3000,parDP,157520
18,3000,extDP,5325.72
18,3000,MILP,11448.8
18,3300,stdDP,296106
18,3300,parDP,155227
18,3300,extDP,5414.44
18,3300,MILP,11299
18,3600,stdDP,297901
18,3600,parDP,155950
18,3600,extDP,5878.78
18,3600,MILP,12239.6
18,3900,stdDP,298123
18,3900,parDP,156431
18,3900,extDP,5767.96
18,3900,MILP,10926.1
18,4200,stdDP,297870
18,4200,parDP,157063
18,4200,extDP,5374.07
18,4200,MILP,11288.1
18,4500,stdDP,303839
18,4500,parDP,157069
18,4500,extDP,5532.53
18,4500,MILP,11961.5
18,4800,stdDP,300018
18,4800,parDP,156656
18,4800,extDP,5613.48
18,4800,MILP,11903.6
18,5100,stdDP,299049
18,5100,parDP,156940
18,5100,extDP,5646.11
18,5100,MILP,11798.2
18,5400,stdDP,299231
18,5400,parDP,166142
18,5400,extDP,5520.77
18,5400,MILP,11556.9
18,5700,stdDP,300348
18,5700,parDP,156890
18,5700,extDP,5713.47
18,5700,MILP,11433.1
18,600,stdDP,303029
18,600,parDP,169993
18,600,extDP,5778.86
18,600,MILP,10979.5
18,6000,stdDP,298242
18,6000,parDP,157028
18,6000,extDP,5723.26
18,6000,MILP,11536.1
18,6300,stdDP,301162
18,6300,parDP,156084
18,6300,extDP,5477.47
18,6300,MILP,11953.7
18,6600,stdDP,297835
18,6600,parDP,156507
18,6600,extDP,5379.8
18,6600,MILP,11362.2
18,6900,stdDP,297429
18,6900,parDP,155120
18,6900,extDP,5472.96
18,6900,MILP,12049.2
18,7200,stdDP,298578
18,7200,parDP,156797
18,7200,extDP,5946.05
18,7200,MILP,11539.8
18,7500,stdDP,298229
18,7500,parDP,159037
18,7500,extDP,5824.71
18,7500,MILP,11236.7
18,7800,stdDP,295932
18,7800,parDP,157080
18,7800,extDP,5428.38
18,7800,MILP,11343.9
18,8100,stdDP,295837
18,8100,parDP,157334
18,8100,extDP,5611.76
18,8100,MILP,12041.3
18,8400,stdDP,297065
18,8400,parDP,162519
18,8400,extDP,10944.4
18,8400,MILP,11692.8
18,8700,stdDP,297234
18,8700,parDP,155281
18,8700,extDP,5653.21
18,8700,MILP,11538.8
18,900,stdDP,298635
18,900,parDP,155421
18,900,extDP,5857.4
18,900,MILP,11627.7
18,9000,stdDP,298700
18,9000,parDP,158263
18,9000,extDP,5917.41
18,9000,MILP,10890.3
18,9300,stdDP,297196
18,9300,parDP,156727
18,9300,extDP,5649.72
18,9300,MILP,11473.5
18,9600,stdDP,297722
18,9600,parDP,157674
18,9600,extDP,5880.46
18,9600,MILP,12002.5
18,9900,stdDP,296841
18,9900,parDP,155998
18,9900,extDP,5312.07
18,9900,MILP,11374.6
19,1200,stdDP,350264
19,1200,parDP,173320
19,1200,extDP,15735.5
19,1200,MILP,13609.8
19,1500,stdDP,345956
19,1500,parDP,172157
19,1500,extDP,15827
19,1500,MILP,13956.9
19,1800,stdDP,349009
19,1800,parDP,173725
19,1800,extDP,18399.2
19,1800,MILP,12986.6
19,2100,stdDP,346596
19,2100,parDP,171546
19,2100,extDP,17127.3
19,2100,MILP,12964.9
19,2400,stdDP,346486
19,2400,parDP,172441
19,2400,extDP,17092.4
19,2400,MILP,13748.5
19,2700,stdDP,347545
19,2700,parDP,171957
19,2700,extDP,17255.2
19,2700,MILP,13436
19,300,stdDP,348062
19,300,parDP,171194
19,300,extDP,15862.8
19,300,MILP,13810.2
19,3000,stdDP,348651
19,3000,parDP,170942
19,3000,extDP,16442.3
19,3000,MILP,13763.5
19,3300,stdDP,346450
19,3300,parDP,172415
19,3300,extDP,16115.9
19,3300,MILP,13396.6
19,3600,stdDP,348490
19,3600,parDP,172125
19,3600,extDP,16330.5
19,3600,MILP,13139.8
19,3900,stdDP,344870
19,3900,parDP,177608
19,3900,extDP,15898.6
19,3900,MILP,13619.4
19,4200,stdDP,345433
19,4200,parDP,174201
19,4200,extDP,16239.6
19,4200,MILP,12722
19,4500,stdDP,345808
19,4500,parDP,173069
19,4500,extDP,16982.5
19,4500,MILP,12934.3
19,4800,stdDP,347997
19,4800,parDP,173148
19,4800,extDP,17351.6
19,4800,MILP,12797.2
19,5100,stdDP,345439
19,5100,parDP,173766
19,5100,extDP,17319.7
19,5100,MILP,13472.7
19,5400,stdDP,345787
19,5400,parDP,172949
19,5400,extDP,15867.6
19,5400,MILP,13243.7
19,5700,stdDP,348701
19,5700,parDP,172372
19,5700,extDP,16069.9
19,5700,MILP,13489.8
19,600,stdDP,350669
19,600,parDP,173360
19,600,extDP,16276.3
19,600,MILP,13175.9
19,6000,stdDP,347905
19,6000,parDP,173048
19,6000,extDP,16526.1
19,6000,MILP,13189.5
19,6300,stdDP,348761
19,6300,parDP,171946
19,6300,extDP,16089.9
19,6300,MILP,13663.1
19,6600,stdDP,345614
19,6600,parDP,171784
19,6600,extDP,15917.6
19,6600,MILP,13084.5
19,6900,stdDP,343858
19,6900,parDP,171886
19,6900,extDP,16813
19,6900,MILP,13093.2
19,7200,stdDP,348645
19,7200,parDP,170992
19,7200,extDP,17172
19,7200,MILP,13031.6
19,7500,stdDP,347400
19,7500,parDP,171575
19,7500,extDP,17013.4
19,7500,MILP,13797.9
19,7800,stdDP,345837
19,7800,parDP,171218
19,7800,extDP,15807.5
19,7800,MILP,13464
19,8100,stdDP,347153
19,8100,parDP,171952
19,8100,extDP,16056.5
19,8100,MILP,13503.2
19,8400,stdDP,347703
19,8400,parDP,171028
19,8400,extDP,15898.9
19,8400,MILP,13455.8
19,8700,stdDP,358389
19,8700,parDP,172236
19,8700,extDP,16027.7
19,8700,MILP,13339.5
19,900,stdDP,347662
19,900,parDP,173292
19,900,extDP,16334.4
19,900,MILP,13547.6
19,9000,stdDP,347386
19,9000,parDP,173485
19,9000,extDP,16206.5
19,9000,MILP,13046
19,9300,stdDP,348767
19,9300,parDP,172448
19,9300,extDP,17295
19,9300,MILP,13013.9
19,9600,stdDP,348767
19,9600,parDP,170841
19,9600,extDP,17017.2
19,9600,MILP,12941.1
19,9900,stdDP,349036
19,9900,parDP,172835
19,9900,extDP,17011.7
19,9900,MILP,13652
2,1200,stdDP,376480
2,1200,parDP,177478
2,1200,extDP,25119.7
2,1200,MILP,17021.9
2,1500,stdDP,377045
2,1500,parDP,182380
2,1500,extDP,25014.9
2,1500,MILP,16856.1
2,1800,stdDP,379503
2,1800,parDP,177251
2,1800,extDP,24698
2,1800,MILP,15888.1
2,2100,stdDP,375374
2,2100,parDP,176222
2,2100,extDP,25064.4
2,2100,MILP,16421.8
2,2400,stdDP,373028
2,2400,parDP,178036
2,2400,extDP,24563.8
2,2400,MILP,16381.7
2,2700,stdDP,375760
2,2700,parDP,178716
2,2700,extDP,25070.2
2,2700,MILP,15573.9
2,300,stdDP,375093
2,300,parDP,177722
2,300,extDP,25234.3
2,300,MILP,16803.5
2,3000,stdDP,375891
2,3000,parDP,177522
2,3000,extDP,25253.8
2,3000,MILP,17032.5
2,3300,stdDP,372402
2,3300,parDP,178070
2,3300,extDP,25493.5
2,3300,MILP,16195.3
2,3600,stdDP,375776
2,3600,parDP,179180
2,3600,extDP,24568.3
2,3600,MILP,15844
2,3900,stdDP,375647
2,3900,parDP,175472
2,3900,extDP,24207.1
2,3900,MILP,16244.1
2,4200,stdDP,377126
2,4200,parDP,176833
2,4200,extDP,25444
2,4200,MILP,16626.7
2,4500,stdDP,374171
2,4500,parDP,181373
2,4500,extDP,25818.1
2,4500,MILP,15998.7
2,4800,stdDP,371325
2,4800,parDP,179291
2,4800,extDP,23979.3
2,4800,MILP,16415.1
2,5100,stdDP,378287
2,5100,parDP,177860
2,5100,extDP,24988.1
2,5100,MILP,16382.7
2,5400,stdDP,375138
2,5400,parDP,179783
2,5400,extDP,25514.3
2,5400,MILP,16490.7
2,5700,stdDP,375321
2,5700,parDP,178207
2,5700,extDP,24828.5
2,5700,MILP,15890.1
2,600,stdDP,376890
2,600,parDP,182774
2,600,extDP,24959.2
2,600,MILP,16879.7
2,6000,stdDP,376224
2,6000,parDP,177403
2,6000,extDP,24851.7
2,6000,MILP,16942.5
2,6300,stdDP,376208
2,6300,parDP,177230
2,6300,extDP,24440.3
2,6300,MILP,15827.4
2,6600,stdDP,374655
2,6600,parDP,179396
2,6600,extDP,24220.7
2,6600,MILP,16308.6
2,6900,stdDP,376727
2,6900,parDP,178625
2,6900,extDP,25025.1
2,6900,MILP,16479.9
2,7200,stdDP,374357
2,7200,parDP,178930
2,7200,extDP,25055.8
2,7200,MILP,16172.9
2,7500,stdDP,373940
2,7500,parDP,177732
2,7500,extDP,24393.9
2,7500,MILP,16630.9
2,7800,stdDP,375995
2,7800,parDP,177467
2,7800,extDP,24040.3
2,7800,MILP,16684.5
2,8100,stdDP,376539
2,8100,parDP,175877
2,8100,extDP,25306.1
2,8100,MILP,16199.6
2,8400,stdDP,375485
2,8400,parDP,179803
2,8400,extDP,25231.5
2,8400,MILP,16681.3
2,8700,stdDP,373784
2,8700,parDP,178544
2,8700,extDP,24329.8
2,8700,MILP,16083.7
2,900,stdDP,376504
2,900,parDP,176646
2,900,extDP,24895.4
2,900,MILP,16591.2
2,9000,stdDP,377009
2,9000,parDP,177228
2,9000,extDP,25010.5
2,9000,MILP,16235.3
2,9300,stdDP,379426
2,9300,parDP,177486
2,9300,extDP,25508.5
2,9300,MILP,16300.6
2,9600,stdDP,378567
2,9600,parDP,178121
2,9600,extDP,23638.7
2,9600,MILP,16556.1
2,9900,stdDP,373889
2,9900,parDP,179769
2,9900,extDP,25201.7
2,9900,MILP,18929.8
20,1200,stdDP,370305
20,1200,parDP,178863
20,1200,extDP,25031.6
20,1200,MILP,16871.5
20,1500,stdDP,377976
20,1500,parDP,179468
20,1500,extDP,25154.7
20,1500,MILP,15256.9
20,1800,stdDP,379907
20,1800,parDP,176972
20,1800,extDP,25201.2
20,1800,MILP,16395.7
20,2100,stdDP,378432
20,2100,parDP,179637
20,2100,extDP,25484.7
20,2100,MILP,16087.7
20,2400,stdDP,375550
20,2400,parDP,179129
20,2400,extDP,25540.8
20,2400,MILP,15599.8
20,2700,stdDP,378005
20,2700,parDP,179437
20,2700,extDP,25091.6
20,2700,MILP,16570.4
20,300,stdDP,378165
20,300,parDP,178875
20,300,extDP,25273.4
20,300,MILP,16663
20,3000,stdDP,381010
20,3000,parDP,178731
20,3000,extDP,24816.1
20,3000,MILP,16029.6
20,3300,stdDP,375581
20,3300,parDP,178529
20,3300,extDP,24531.3
20,3300,MILP,15888
20,3600,stdDP,376584
20,3600,parDP,178024
20,3600,extDP,25191.5
20,3600,MILP,16431.3
20,3900,stdDP,381610
20,3900,parDP,181277
20,3900,extDP,25228
20,3900,MILP,16291.5
20,4200,stdDP,378690
20,4200,parDP,189233
20,4200,extDP,25068.5
20,4200,MILP,15558.1
20,4500,stdDP,376831
20,4500,parDP,178297
20,4500,extDP,24318
20,4500,MILP,16038.7
20,4800,stdDP,378285
20,4800,parDP,178356
20,4800,extDP,24798.8
20,4800,MILP,15993.7
20,5100,stdDP,376996
20,5100,parDP,181035
20,5100,extDP,25116.2
20,5100,MILP,16237.6
20,5400,stdDP,376593
20,5400,parDP,180334
20,5400,extDP,25111.2
20,5400,MILP,15729.1
20,5700,stdDP,377537
20,5700,parDP,178551
20,5700,extDP,25665.5
20,5700,MILP,16574.6
20,600,stdDP,375903
20,600,parDP,178468
20,600,extDP,25539.3
20,600,MILP,16439.1
20,6000,stdDP,375682
20,6000,parDP,179481
20,6000,extDP,24861.3
20,6000,MILP,15477.6
20,6300,stdDP,377009
20,6300,parDP,177440
20,6300,extDP,24413
20,6300,MILP,16266.9
20,6600,stdDP,375683
20,6600,parDP,178183
20,6600,extDP,25051.4
20,6600,MILP,15732.2
20,6900,stdDP,376911
20,6900,parDP,192843
20,6900,extDP,25422.3
20,6900,MILP,15953.1
20,7200,stdDP,377843
20,7200,parDP,178861
20,7200,extDP,24389.7
20,7200,MILP,15372.3
20,7500,stdDP,380198
20,7500,parDP,180322
20,7500,extDP,25303.8
20,7500,MILP,15964.5
20,7800,stdDP,377474
20,7800,parDP,178551
20,7800,extDP,25181.1
20,7800,MILP,15868
20,8100,stdDP,375684
20,8100,parDP,178650
20,8100,extDP,25123.6
20,8100,MILP,15542.3
20,8400,stdDP,376189
20,8400,parDP,178544
20,8400,extDP,24510.2
20,8400,MILP,16063.5
20,8700,stdDP,377960
20,8700,parDP,177900
20,8700,extDP,25111.3
20,8700,MILP,16245.2
20,900,stdDP,374377
20,900,parDP,177769
20,900,extDP,25073.9
20,900,MILP,16213.7
20,9000,stdDP,375475
20,9000,parDP,178732
20,9000,extDP,25611.6
20,9000,MILP,15643.9
20,9300,stdDP,374175
20,9300,parDP,177977
20,9300,extDP,25081
20,9300,MILP,16923.1
20,9600,stdDP,374815
20,9600,parDP,178023
20,9600,extDP,24567
20,9600,MILP,15196.7
20,9900,stdDP,372312
20,9900,parDP,178686
20,9900,extDP,24769.4
20,9900,MILP,16244.8
21,1200,stdDP,266989
21,1200,parDP,146145
21,1200,extDP,2190.59
21,1200,MILP,9688.53
21,1500,stdDP,263938
21,1500,parDP,145509
21,1500,extDP,2094.34
21,1500,MILP,9627.72
21,1800,stdDP,263432
21,1800,parDP,146701
21,1800,extDP,2095.35
21,1800,MILP,9308.41
21,2100,stdDP,266398
21,2100,parDP,147154
21,2100,extDP,2099.44
21,2100,MILP,9931.74
21,2400,stdDP,265048
21,2400,parDP,146158
21,2400,extDP,2118.23
21,2400,MILP,9671.42
21,2700,stdDP,265456
21,2700,parDP,146884
21,2700,extDP,2187.83
21,2700,MILP,9412
21,300,stdDP,264666
21,300,parDP,147093
21,300,extDP,2091.58
21,300,MILP,9621.07
21,3000,stdDP,262736
21,3000,parDP,145394
21,3000,extDP,2177.51
21,3000,MILP,9849.55
21,3300,stdDP,269463
21,3300,parDP,145638
21,3300,extDP,2186.64
21,3300,MILP,9395.38
21,3600,stdDP,264365
21,3600,parDP,146159
21,3600,extDP,2110.46
21,3600,MILP,9752.68
21,3900,stdDP,266522
21,3900,parDP,146500
21,3900,extDP,2089.82
21,3900,MILP,9886.52
21,4200,stdDP,266862
21,4200,parDP,146562
21,4200,extDP,2079.94
21,4200,MILP,9698.5
21,4500,stdDP,264730
21,4500,parDP,147185
21,4500,extDP,2310.96
21,4500,MILP,9985.87
21,4800,stdDP,267901
21,4800,parDP,145617
21,4800,extDP,2139.56
21,4800,MILP,9800.23
21,5100,stdDP,265390
21,5100,parDP,145422
21,5100,extDP,2218.18
21,5100,MILP,9573.93
21,5400,stdDP,266339
21,5400,parDP,145834
21,5400,extDP,2091.87
21,5400,MILP,9574.56
21,5700,stdDP,267274
21,5700,parDP,150604
21,5700,extDP,2199.48
21,5700,MILP,9960.66
21,600,stdDP,265545
21,600,parDP,146655
21,600,extDP,2830
21,600,MILP,9498.16
21,6000,stdDP,263766
21,6000,parDP,147558
21,6000,extDP,2144.66
21,6000,MILP,9558.78
21,6300,stdDP,266696
21,6300,parDP,145719
21,6300,extDP,2157.83
21,6300,MILP,9884.73
21,6600,stdDP,265930
21,6600,parDP,147244
21,6600,extDP,2077.71
21,6600,MILP,9502.12
21,6900,stdDP,264568
21,6900,parDP,146152
21,6900,extDP,2180.82
21,6900,MILP,9618.21
21,7200,stdDP,264852
21,7200,parDP,147667
21,7200,extDP,2278.29
21,7200,MILP,9517.31
21,7500,stdDP,265109
21,7500,parDP,145591
21,7500,extDP,2038.9
21,7500,MILP,9408.62
21,7800,stdDP,264205
21,7800,parDP,147880
21,7800,extDP,2173.14
21,7800,MILP,9654.96
21,8100,stdDP,263641
21,8100,parDP,146655
21,8100,extDP,2197.03
21,8100,MILP,9684.92
21,8400,stdDP,263505
21,8400,parDP,145850
21,8400,extDP,2154.82
21,8400,MILP,9431.56
21,8700,stdDP,266374
21,8700,parDP,146850
21,8700,extDP,2031.08
21,8700,MILP,9336.25
21,900,stdDP,263737
21,900,parDP,145015
21,900,extDP,2302.55
21,900,MILP,9378.91
21,9000,stdDP,264750
21,9000,parDP,145440
21,9000,extDP,2216.93
21,9000,MILP,9870.85
21,9300,stdDP,264166
21,9300,parDP,146048
21,9300,extDP,2180.11
21,9300,MILP,9678.21
21,9600,stdDP,268060
21,9600,parDP,146393
21,9600,extDP,2590.15
21,9600,MILP,9449.61
21,9900,stdDP,264429
21,9900,parDP,148863
21,9900,extDP,2080.75
21,9900,MILP,9432.86
22,1200,stdDP,276387
22,1200,parDP,146800
22,1200,extDP,2216.32
22,1200,MILP,9986.77
22,1500,stdDP,266598
22,1500,parDP,146769
22,1500,extDP,2316.28
22,1500,MILP,10093.8
22,1800,stdDP,264399
22,1800,parDP,147214
22,1800,extDP,2132.09
22,1800,MILP,9672.55
22,2100,stdDP,266278
22,2100,parDP,147043
22,2100,extDP,2180.57
22,2100,MILP,9864.94
22,2400,stdDP,265768
22,2400,parDP,148738
22,2400,extDP,2922.97
22,2400,MILP,16465.8
22,2700,stdDP,263372
22,2700,parDP,147794
22,2700,extDP,2098.95
22,2700,MILP,9798.74
22,300,stdDP,267814
22,300,parDP,147136
22,300,extDP,2126.46
22,300,MILP,9697.16
22,3000,stdDP,267549
22,3000,parDP,146873
22,3000,extDP,2090.42
22,3000,MILP,10060.2
22,3300,stdDP,266480
22,3300,parDP,145994
22,3300,extDP,2200.32
22,3300,MILP,9375.68
22,3600,stdDP,267021
22,3600,parDP,145652
22,3600,extDP,2051.88
22,3600,MILP,9920.81
22,3900,stdDP,263644
22,3900,parDP,145926
22,3900,extDP,2145.78
22,3900,MILP,10175.6
22,4200,stdDP,264973
22,4200,parDP,146273
22,4200,extDP,2040.84
22,4200,MILP,9734.92
22,4500,stdDP,264788
22,4500,parDP,147148
22,4500,extDP,2052.26
22,4500,MILP,9536.22
22,4800,stdDP,264550
22,4800,parDP,145553
22,4800,extDP,2078.43
22,4800,MILP,9960.39
22,5100,stdDP,261963
22,5100,parDP,146080
22,5100,extDP,2466.05
22,5100,MILP,10949.8
22,5400,stdDP,266775
22,5400,parDP,148908
22,5400,extDP,2162.47
22,5400,MILP,9879.55
22,5700,stdDP,265612
22,5700,parDP,146040
22,5700,extDP,2232.54
22,5700,MILP,9631.36
22,600,stdDP,264203
22,600,parDP,146878
22,600,extDP,2173.72
22,600,MILP,9432.74
22,6000,stdDP,264769
22,6000,parDP,146720
22,6000,extDP,2048.14
22,6000,MILP,9857.84
22,6300,stdDP,264233
22,6300,parDP,145361
22,6300,extDP,2203.95
22,6300,MILP,9633.07
22,6600,stdDP,262602
22,6600,parDP,145544
22,6600,extDP,2233.39
22,6600,MILP,9318.58
22,6900,stdDP,266731
22,6900,parDP,146457
22,6900,extDP,2177.45
22,6900,MILP,9863.21
22,7200,stdDP,265786
22,7200,parDP,145778
22,7200,extDP,2150.22
22,7200,MILP,9622.12
22,7500,stdDP,265269
22,7500,parDP,146070
22,7500,extDP,2232.81
22,7500,MILP,9334.18
22,7800,stdDP,265803
22,7800,parDP,146993
22,7800,extDP,2267.01
22,7800,MILP,11068.4
22,8100,stdDP,266168
22,8100,parDP,160652
22,8100,extDP,2870.47
22,8100,MILP,9591.1
22,8400,stdDP,262398
22,8400,parDP,158504
22,8400,extDP,2182.91
22,8400,MILP,9643.39
22,8700,stdDP,265332
22,8700,parDP,147394
22,8700,extDP,2018.09
22,8700,MILP,9154.58
22,900,stdDP,260756
22,900,parDP,145036
22,900,extDP,2062.17
22,900,MILP,9254.11
22,9000,stdDP,266153
22,9000,parDP,146288
22,9000,extDP,2100.74
22,9000,MILP,9805.99
22,9300,stdDP,265083
22,9300,parDP,145547
22,9300,extDP,1998.64
22,9300,MILP,10179.8
22,9600,stdDP,262935
22,9600,parDP,147499
22,9600,extDP,2356.59
22,9600,MILP,9571.19
22,9900,stdDP,264603
22,9900,parDP,147079
22,9900,extDP,2051.18
22,9900,MILP,9395.44
23,1200,stdDP,297901
23,1200,parDP,155752
23,1200,extDP,2226.41
23,1200,MILP,9851.39
23,1500,stdDP,296977
23,1500,parDP,156945
23,1500,extDP,2116.42
23,1500,MILP,10013.3
23,1800,stdDP,297393
23,1800,parDP,156709
23,1800,extDP,2040.22
23,1800,MILP,10147.9
23,2100,stdDP,293015
23,2100,parDP,156934
23,2100,extDP,2210.89
23,2100,MILP,9404.81
23,2400,stdDP,296901
23,2400,parDP,157533
23,2400,extDP,2055.07
23,2400,MILP,10303.6
23,2700,stdDP,297014
23,2700,parDP,157320
23,2700,extDP,2184.59
23,2700,MILP,10066.7
23,300,stdDP,299662
23,300,parDP,158769
23,300,extDP,2058.99
23,300,MILP,10452.7
23,3000,stdDP,298967
23,3000,parDP,157424
23,3000,extDP,2109.75
23,3000,MILP,10254.4
23,3300,stdDP,298623
23,3300,parDP,156076
23,3300,extDP,2264.55
23,3300,MILP,9719.66
23,3600,stdDP,296964
23,3600,parDP,157827
23,3600,extDP,2384.61
23,3600,MILP,10152.8
23,3900,stdDP,300456
23,3900,parDP,157491
23,3900,extDP,2210.79
23,3900,MILP,10496.3
23,4200,stdDP,298921
23,4200,parDP,158356
23,4200,extDP,2133.87
23,4200,MILP,10892.5
23,4500,stdDP,303419
23,4500,parDP,156183
23,4500,extDP,2157.35
23,4500,MILP,10091.2
23,4800,stdDP,296770
23,4800,parDP,155829
23,4800,extDP,2156.78
23,4800,MILP,9887.16
23,5100,stdDP,295616
23,5100,parDP,157433
23,5100,extDP,2291.9
23,5100,MILP,9767.55
23,5400,stdDP,297191
23,5400,parDP,157886
23,5400,extDP,2459.47
23,5400,MILP,9309.24
23,5700,stdDP,297568
23,5700,parDP,157776
23,5700,extDP,1954.33
23,5700,MILP,9648.95
23,600,stdDP,295906
23,600,parDP,157414
23,600,extDP,2092.9
23,600,MILP,9516.23
23,6000,stdDP,297501
23,6000,parDP,157608
23,6000,extDP,2088.48
23,6000,MILP,10080.9
23,6300,stdDP,297427
23,6300,parDP,156763
23,6300,extDP,2051.31
23,6300,MILP,10400.4
23,6600,stdDP,299146
23,6600,parDP,160499
23,6600,extDP,2416.26
23,6600,MILP,9833.22
23,6900,stdDP,297087
23,6900,parDP,160431
23,6900,extDP,2154.8
23,6900,MILP,9585.71
23,7200,stdDP,296784
23,7200,parDP,157823
23,7200,extDP,2239.39
23,7200,MILP,10074.7
23,7500,stdDP,300684
23,7500,parDP,158486
23,7500,extDP,2144.29
23,7500,MILP,10060.8
23,7800,stdDP,300780
23,7800,parDP,157657
23,7800,extDP,2170.7
23,7800,MILP,10141.3
23,8100,stdDP,295935
23,8100,parDP,156951
23,8100,extDP,2255.3
23,8100,MILP,9924.55
23,8400,stdDP,298948
23,8400,parDP,157629
23,8400,extDP,2244.47
23,8400,MILP,9604.57
23,8700,stdDP,297925
23,8700,parDP,157928
23,8700,extDP,2019.92
23,8700,MILP,9614.14
23,900,stdDP,296382
23,900,parDP,159544
23,900,extDP,2100.43
23,900,MILP,10051.7
23,9000,stdDP,296534
23,9000,parDP,157017
23,9000,extDP,2208.79
23,9000,MILP,10164.3
23,9300,stdDP,301034
23,9300,parDP,157285
23,9300,extDP,2170.79
23,9300,MILP,10118.2
23,9600,stdDP,300535
23,9600,parDP,165352
23,9600,extDP,2230.02
23,9600,MILP,9769.73
23,9900,stdDP,299496
23,9900,parDP,159081
23,9900,extDP,2037.93
23,9900,MILP,9952.99
24,1200,stdDP,360259
24,1200,parDP,173380
24,1200,extDP,26689.4
24,1200,MILP,15764.2
24,1500,stdDP,358218
24,1500,parDP,173238
24,1500,extDP,27034.3
24,1500,MILP,16405.7
24,1800,stdDP,360727
24,1800,parDP,172632
24,1800,extDP,26740.4
24,1800,MILP,16467.1
24,2100,stdDP,358646
24,2100,parDP,171958
24,2100,extDP,27492.6
24,2100,MILP,16040.3
24,2400,stdDP,357656
24,2400,parDP,175554
24,2400,extDP,27097.2
24,2400,MILP,16247
24,2700,stdDP,362263
24,2700,parDP,173390
24,2700,extDP,25908.4
24,2700,MILP,16272.6
24,300,stdDP,360958
24,300,parDP,182103
24,300,extDP,26986.6
24,300,MILP,17213.6
24,3000,stdDP,357982
24,3000,parDP,171664
24,3000,extDP,26681.1
24,3000,MILP,15987.3
24,3300,stdDP,361487
24,3300,parDP,173391
24,3300,extDP,27342.2
24,3300,MILP,16354.3
24,3600,stdDP,358707
24,3600,parDP,173228
24,3600,extDP,26281.8
24,3600,MILP,15505.6
24,3900,stdDP,359623
24,3900,parDP,173528
24,3900,extDP,26294.1
24,3900,MILP,15614.4
24,4200,stdDP,359311
24,4200,parDP,172422
24,4200,extDP,26822
24,4200,MILP,17832.6
24,4500,stdDP,358854
24,4500,parDP,173706
24,4500,extDP,27090.9
24,4500,MILP,16160.5
24,4800,stdDP,359307
24,4800,parDP,173880
24,4800,extDP,27247.5
24,4800,MILP,15936.4
24,5100,stdDP,368248
24,5100,parDP,172046
24,5100,extDP,26205.4
24,5100,MILP,15759.3
24,5400,stdDP,360217
24,5400,parDP,173017
24,5400,extDP,26432.3
24,5400,MILP,15679
24,5700,stdDP,356865
24,5700,parDP,173564
24,5700,extDP,27286.1
24,5700,MILP,16168.8
24,600,stdDP,358690
24,600,parDP,173134
24,600,extDP,26586.6
24,600,MILP,16092.9
24,6000,stdDP,363594
24,6000,parDP,174444
24,6000,extDP,27071.7
24,6000,MILP,15715.3
24,6300,stdDP,363034
24,6300,parDP,173642
24,6300,extDP,26342.4
24,6300,MILP,16709.9
24,6600,stdDP,359865
24,6600,parDP,172161
24,6600,extDP,27435.3
24,6600,MILP,16243.1
24,6900,stdDP,362599
24,6900,parDP,173149
24,6900,extDP,27270.1
24,6900,MILP,16228.5
24,7200,stdDP,358299
24,7200,parDP,173038
24,7200,extDP,28730.7
24,7200,MILP,15881.6
24,7500,stdDP,355661
24,7500,parDP,172812
24,7500,extDP,27117.1
24,7500,MILP,15527.4
24,7800,stdDP,359989
24,7800,parDP,173909
24,7800,extDP,26647.3
24,7800,MILP,16701.3
24,8100,stdDP,357898
24,8100,parDP,172976
24,8100,extDP,26844.1
24,8100,MILP,15839.7
24,8400,stdDP,357775
24,8400,parDP,172903
24,8400,extDP,27322.6
24,8400,MILP,15994.7
24,8700,stdDP,360218
24,8700,parDP,173718
24,8700,extDP,26291.7
24,8700,MILP,15775
24,900,stdDP,360474
24,900,parDP,173603
24,900,extDP,26009.5
24,900,MILP,15335.4
24,9000,stdDP,360710
24,9000,parDP,172588
24,9000,extDP,28744.3
24,9000,MILP,16260.5
24,9300,stdDP,360250
24,9300,parDP,171980
24,9300,extDP,27769.9
24,9300,MILP,15526
24,9600,stdDP,360011
24,9600,parDP,176420
24,9600,extDP,27736.4
24,9600,MILP,16044.6
24,9900,stdDP,357681
24,9900,parDP,173939
24,9900,extDP,26599.8
24,9900,MILP,15442.2
25,1200,stdDP,266055
25,1200,parDP,146292
25,1200,extDP,2161.03
25,1200,MILP,9971.02
25,1500,stdDP,264117
25,1500,parDP,146645
25,1500,extDP,2134.35
25,1500,MILP,9715.19
25,1800,stdDP,264767
25,1800,parDP,145656
25,1800,extDP,2213.97
25,1800,MILP,9217.97
25,2100,stdDP,266076
25,2100,parDP,146066
25,2100,extDP,2211.25
25,2100,MILP,9702.02
25,2400,stdDP,265032
25,2400,parDP,145070
25,2400,extDP,2150.2
25,2400,MILP,9697.47
25,2700,stdDP,264978
25,2700,parDP,146179
25,2700,extDP,2437.16
25,2700,MILP,9670.98
25,300,stdDP,267778
25,300,parDP,151378
25,300,extDP,2077.81
25,300,MILP,10029.7
25,3000,stdDP,260767
25,3000,parDP,144901
25,3000,extDP,2063.64
25,3000,MILP,9478.11
25,3300,stdDP,262126
25,3300,parDP,146245
25,3300,extDP,2295.11
25,3300,MILP,8993.83
25,3600,stdDP,266089
25,3600,parDP,145574
25,3600,extDP,2164.76
25,3600,MILP,9701.28
25,3900,stdDP,262607
25,3900,parDP,145068
25,3900,extDP,2142.16
25,3900,MILP,10419.2
25,4200,stdDP,265297
25,4200,parDP,145738
25,4200,extDP,2400.46
25,4200,MILP,9468.62
25,4500,stdDP,264713
25,4500,parDP,148911
25,4500,extDP,2256.73
25,4500,MILP,9831.08
25,4800,stdDP,261900
25,4800,parDP,145709
25,4800,extDP,2149.72
25,4800,MILP,9509.65
25,5100,stdDP,265013
25,5100,parDP,145332
25,5100,extDP,2362.38
25,5100,MILP,10440.8
25,5400,stdDP,264801
25,5400,parDP,146976
25,5400,extDP,2118.82
25,5400,MILP,9974.17
25,5700,stdDP,265085
25,5700,parDP,146764
25,5700,extDP,2866.27
25,5700,MILP,9722.6
25,600,stdDP,262483
25,600,parDP,161556
25,600,extDP,2419.74
25,600,MILP,9520.14
25,6000,stdDP,264968
25,6000,parDP,146463
25,6000,extDP,2063.98
25,6000,MILP,9789.66
25,6300,stdDP,262661
25,6300,parDP,145524
25,6300,extDP,2127.86
25,6300,MILP,10021
25,6600,stdDP,264190
25,6600,parDP,146125
25,6600,extDP,2438.61
25,6600,MILP,9562.26
25,6900,stdDP,264021
25,6900,parDP,146601
25,6900,extDP,2099.32
25,6900,MILP,9747.37
25,7200,stdDP,265644
25,7200,parDP,146162
25,7200,extDP,2216.75
25,7200,MILP,9232.2
25,7500,stdDP,266533
25,7500,parDP,146465
25,7500,extDP,2351.52
25,7500,MILP,9485.72
25,7800,stdDP,265687
25,7800,parDP,146482
25,7800,extDP,2124.63
25,7800,MILP,9543.2
25,8100,stdDP,265062
25,8100,parDP,148021
25,8100,extDP,2110.81
25,8100,MILP,9692.76
25,8400,stdDP,265569
25,8400,parDP,148498
25,8400,extDP,2272.94
25,8400,MILP,9241.55
25,8700,stdDP,266693
25,8700,parDP,147439
25,8700,extDP,2158.29
25,8700,MILP,9940.42
25,900,stdDP,265866
25,900,parDP,146227
25,900,extDP,2275.09
25,900,MILP,10034.2
25,9000,stdDP,265108
25,9000,parDP,146599
25,9000,extDP,2311.68
25,9000,MILP,9274.82
25,9300,stdDP,266378
25,9300,parDP,147543
25,9300,extDP,2271.14
25,9300,MILP,9291.4
25,9600,stdDP,265763
25,9600,parDP,152617
25,9600,extDP,2351.74
25,9600,MILP,9659.5
25,9900,stdDP,265551
25,9900,parDP,146299
25,9900,extDP,2281.3
25,9900,MILP,9426.45
26,1200,stdDP,441285
26,1200,parDP,197421
26,1200,extDP,38160.6
26,1200,MILP,17767.4
26,1500,stdDP,441412
26,1500,parDP,199865
26,1500,extDP,34427.1
26,1500,MILP,17221.7
26,1800,stdDP,444069
26,1800,parDP,220623
26,1800,extDP,36576.4
26,1800,MILP,18321.6
26,2100,stdDP,441738
26,2100,parDP,199502
26,2100,extDP,36333.1
26,2100,MILP,17830
26,2400,stdDP,443312
26,2400,parDP,198870
26,2400,extDP,34547
26,2400,MILP,17610.5
26,2700,stdDP,439273
26,2700,parDP,200139
26,2700,extDP,36308.5
26,2700,MILP,17618
26,300,stdDP,441132
26,300,parDP,197097
26,300,extDP,37007.7
26,300,MILP,18220.2
26,3000,stdDP,442746
26,3000,parDP,198042
26,3000,extDP,34830.2
26,3000,MILP,17225.2
26,3300,stdDP,442235
26,3300,parDP,198748
26,3300,extDP,36827
26,3300,MILP,17845.2
26,3600,stdDP,446393
26,3600,parDP,201111
26,3600,extDP,35603.4
26,3600,MILP,17590.2
26,3900,stdDP,443279
26,3900,parDP,200038
26,3900,extDP,36029
26,3900,MILP,16973.7
26,4200,stdDP,444675
26,4200,parDP,197527
26,4200,extDP,35994.3
26,4200,MILP,18040.5
26,4500,stdDP,438931
26,4500,parDP,198318
26,4500,extDP,35087.3
26,4500,MILP,18007.1
26,4800,stdDP,439516
26,4800,parDP,200235
26,4800,extDP,36362.2
26,4800,MILP,18532.8
26,5100,stdDP,444038
26,5100,parDP,198401
26,5100,extDP,37088.8
26,5100,MILP,18177.1
26,5400,stdDP,442075
26,5400,parDP,198426
26,5400,extDP,34711.4
26,5400,MILP,17595.3
26,5700,stdDP,441357
26,5700,parDP,211737
26,5700,extDP,36592.2
26,5700,MILP,18313.5
26,600,stdDP,441803
26,600,parDP,198679
26,600,extDP,35993.5
26,600,MILP,17688.8
26,6000,stdDP,442981
26,6000,parDP,199018
26,6000,extDP,36270.5
26,6000,MILP,16744.7
26,6300,stdDP,444630
26,6300,parDP,198778
26,6300,extDP,36509.1
26,6300,MILP,17841.3
26,6600,stdDP,441564
26,6600,parDP,198802
26,6600,extDP,34013.3
26,6600,MILP,18949.1
26,6900,stdDP,440890
26,6900,parDP,202007
26,6900,extDP,35945.7
26,6900,MILP,17062.5
26,7200,stdDP,438428
26,7200,parDP,202465
26,7200,extDP,37204.6
26,7200,MILP,18357.8
26,7500,stdDP,435898
26,7500,parDP,203747
26,7500,extDP,34270.3
26,7500,MILP,17536.7
26,7800,stdDP,441662
26,7800,parDP,198357
26,7800,extDP,36160.5
26,7800,MILP,17499.2
26,8100,stdDP,443250
26,8100,parDP,196333
26,8100,extDP,34574.8
26,8100,MILP,17226.7
26,8400,stdDP,437692
26,8400,parDP,200290
26,8400,extDP,36616.4
26,8400,MILP,17287.8
26,8700,stdDP,438092
26,8700,parDP,198920
26,8700,extDP,36225.2
26,8700,MILP,17205.1
26,900,stdDP,438650
26,900,parDP,201285
26,900,extDP,35123
26,900,MILP,17270.9
26,9000,stdDP,444844
26,9000,parDP,197942
26,9000,extDP,36136.4
26,9000,MILP,18329.3
26,9300,stdDP,443579
26,9300,parDP,198268
26,9300,extDP,36344.1
26,9300,MILP,18142
26,9600,stdDP,442549
26,9600,parDP,199859
26,9600,extDP,35810.3
26,9600,MILP,17079.6
26,9900,stdDP,441134
26,9900,parDP,196779
26,9900,extDP,36405.6
26,9900,MILP,17919
27,1200,stdDP,441926
27,1200,parDP,196549
27,1200,extDP,39559.1
27,1200,MILP,18619.4
27,1500,stdDP,439642
27,1500,parDP,197541
27,1500,extDP,41645.1
27,1500,MILP,18980.1
27,1800,stdDP,441334
27,1800,parDP,195561
27,1800,extDP,41543.3
27,1800,MILP,19405.6
27,2100,stdDP,437357
27,2100,parDP,201885
27,2100,extDP,41007
27,2100,MILP,18045.1
27,2400,stdDP,437382
27,2400,parDP,198076
27,2400,extDP,41215.1
27,2400,MILP,18380.7
27,2700,stdDP,439627
27,2700,parDP,195798
27,2700,extDP,41951.9
27,2700,MILP,18899.4
27,300,stdDP,437581
27,300,parDP,195089
27,300,extDP,40349.7
27,300,MILP,18026.7
27,3000,stdDP,439305
27,3000,parDP,196452
27,3000,extDP,41400.3
27,3000,MILP,18171.3
27,3300,stdDP,441636
27,3300,parDP,198013
27,3300,extDP,41144.2
27,3300,MILP,18641.5
27,3600,stdDP,441955
27,3600,parDP,199537
27,3600,extDP,41048.4
27,3600,MILP,18076.8
27,3900,stdDP,440512
27,3900,parDP,195337
27,3900,extDP,41312.3
27,3900,MILP,18648.9
27,4200,stdDP,438082
27,4200,parDP,196930
27,4200,extDP,39390.1
27,4200,MILP,18687
27,4500,stdDP,436516
27,4500,parDP,197773
27,4500,extDP,41344.1
27,4500,MILP,18064.2
27,4800,stdDP,438098
27,4800,parDP,195842
27,4800,extDP,41623.8
27,4800,MILP,19549
27,5100,stdDP,439367
27,5100,parDP,211581
27,5100,extDP,39712.8
27,5100,MILP,18596.1
27,5400,stdDP,441240
27,5400,parDP,198130
27,5400,extDP,42471
27,5400,MILP,19138.5
27,5700,stdDP,438864
27,5700,parDP,196688
27,5700,extDP,41200.4
27,5700,MILP,18397.9
27,600,stdDP,437868
27,600,parDP,196054
27,600,extDP,39375.2
27,600,MILP,18185.1
27,6000,stdDP,441734
27,6000,parDP,197604
27,6000,extDP,41466.1
27,6000,MILP,18651
27,6300,stdDP,438699
27,6300,parDP,196343
27,6300,extDP,42087.6
27,6300,MILP,18629.2
27,6600,stdDP,440907
27,6600,parDP,200033
27,6600,extDP,41118.9
27,6600,MILP,17646.5
27,6900,stdDP,440052
27,6900,parDP,196226
27,6900,extDP,41429.7
27,6900,MILP,18339.2
27,7200,stdDP,438431
27,7200,parDP,204275
27,7200,extDP,40785.5
27,7200,MILP,17852.3
27,7500,stdDP,438090
27,7500,parDP,194863
27,7500,extDP,40589.8
27,7500,MILP,18421
27,7800,stdDP,434174
27,7800,parDP,196349
27,7800,extDP,41417.4
27,7800,MILP,19059.5
27,8100,stdDP,434212
27,8100,parDP,198090
27,8100,extDP,39811.4
27,8100,MILP,18782.1
27,8400,stdDP,435427
27,8400,parDP,195445
27,8400,extDP,41211
27,8400,MILP,19169.9
27,8700,stdDP,440908
27,8700,parDP,195767
27,8700,extDP,41325.6
27,8700,MILP,18906.1
27,900,stdDP,440305
27,900,parDP,198332
27,900,extDP,39980.5
27,900,MILP,18630.4
27,9000,stdDP,443641
27,9000,parDP,196897
27,9000,extDP,42081.1
27,9000,MILP,18702.3
27,9300,stdDP,436523
27,9300,parDP,196124
27,9300,extDP,41117.1
27,9300,MILP,18732
27,9600,stdDP,436646
27,9600,parDP,195919
27,9600,extDP,40610.7
27,9600,MILP,17520.3
27,9900,stdDP,440373
27,9900,parDP,196599
27,9900,extDP,40870.2
27,9900,MILP,18166.9
28,1200,stdDP,264297
28,1200,parDP,146810
28,1200,extDP,2054.32
28,1200,MILP,9355.74
28,1500,stdDP,264167
28,1500,parDP,145119
28,1500,extDP,2276.71
28,1500,MILP,9227.83
28,1800,stdDP,262894
28,1800,parDP,146999
28,1800,extDP,2160.9
28,1800,MILP,9551.94
28,2100,stdDP,265978
28,2100,parDP,145497
28,2100,extDP,2137.97
28,2100,MILP,9627.82
28,2400,stdDP,265132
28,2400,parDP,147455
28,2400,extDP,2204.93
28,2400,MILP,9278.76
28,2700,stdDP,266373
28,2700,parDP,147130
28,2700,extDP,2261.53
28,2700,MILP,9518.1
28,300,stdDP,264391
28,300,parDP,147032
28,300,extDP,2155.79
28,300,MILP,9709.64
28,3000,stdDP,265206
28,3000,parDP,145448
28,3000,extDP,2348.8
28,3000,MILP,9544.21
28,3300,stdDP,261489
28,3300,parDP,145244
28,3300,extDP,2177.77
28,3300,MILP,9780.73
28,3600,stdDP,263387
28,3600,parDP,145765
28,3600,extDP,2158.27
28,3600,MILP,9693.52
28,3900,stdDP,265493
28,3900,parDP,145968
28,3900,extDP,2319.24
28,3900,MILP,9487.6
28,4200,stdDP,265625
28,4200,parDP,147782
28,4200,extDP,2226.53
28,4200,MILP,9976.65
28,4500,stdDP,265018
28,4500,parDP,155480
28,4500,extDP,2076.39
28,4500,MILP,9281.61
28,4800,stdDP,262457
28,4800,parDP,147361
28,4800,extDP,2199.74
28,4800,MILP,9422.88
28,5100,stdDP,263906
28,5100,parDP,146344
28,5100,extDP,3390.28
28,5100,MILP,10069.7
28,5400,stdDP,263050
28,5400,parDP,144421
28,5400,extDP,2306.69
28,5400,MILP,10096.6
28,5700,stdDP,262342
28,5700,parDP,145513
28,5700,extDP,2388.84
28,5700,MILP,9584.99
28,600,stdDP,264856
28,600,parDP,146649
28,600,extDP,2212.74
28,600,MILP,9668.27
28,6000,stdDP,265238
28,6000,parDP,145416
28,6000,extDP,2179.94
28,6000,MILP,10618.5
28,6300,stdDP,263952
28,6300,parDP,147250
28,6300,extDP,2166.49
28,6300,MILP,9377.71
28,6600,stdDP,265443
28,6600,parDP,146121
28,6600,extDP,2064.68
28,6600,MILP,9929.52
28,6900,stdDP,264450
28,6900,parDP,145968
28,6900,extDP,2128.36
28,6900,MILP,9634.19
28,7200,stdDP,265033
28,7200,parDP,145525
28,7200,extDP,2194.42
28,7200,MILP,9805.32
28,7500,stdDP,266186
28,7500,parDP,146202
28,7500,extDP,2100.2
28,7500,MILP,9540.84
28,7800,stdDP,265125
28,7800,parDP,145575
28,7800,extDP,2312.28
28,7800,MILP,9650.23
28,8100,stdDP,266949
28,8100,parDP,156988
28,8100,extDP,2061.12
28,8100,MILP,9482.13
28,8400,stdDP,263253
28,8400,parDP,149071
28,8400,extDP,2092.67
28,8400,MILP,9660.37
28,8700,stdDP,263138
28,8700,parDP,146065
28,8700,extDP,2230.22
28,8700,MILP,9438.09
28,900,stdDP,262542
28,900,parDP,154827
28,900,extDP,2070.91
28,900,MILP,9677.66
28,9000,stdDP,263798
28,9000,parDP,160975
28,9000,extDP,2071.5
28,9000,MILP,10068.5
28,9300,stdDP,262682
28,9300,parDP,145060
28,9300,extDP,2268.93
28,9300,MILP,9729.73
28,9600,stdDP,263061
28,9600,parDP,146548
28,9600,extDP,2080.06
28,9600,MILP,9305.78
28,9900,stdDP,263983
28,9900,parDP,146842
28,9900,extDP,2164.43
28,9900,MILP,10986
29,1200,stdDP,261587
29,1200,parDP,144945
29,1200,extDP,2512.21
29,1200,MILP,9810.5
29,1500,stdDP,262877
29,1500,parDP,146609
29,1500,extDP,2114.27
29,1500,MILP,10133.5
29,1800,stdDP,266816
29,1800,parDP,150928
29,1800,extDP,2387.74
29,1800,MILP,11241.8
29,2100,stdDP,268422
29,2100,parDP,146002
29,2100,extDP,2269.45
29,2100,MILP,9586.43
29,2400,stdDP,264983
29,2400,parDP,145978
29,2400,extDP,2091.22
29,2400,MILP,9402.41
29,2700,stdDP,263766
29,2700,parDP,147411
29,2700,extDP,2185.72
29,2700,MILP,9758.96
29,300,stdDP,265165
29,300,parDP,145913
29,300,extDP,2310.19
29,300,MILP,10021.5
29,3000,stdDP,264844
29,3000,parDP,146755
29,3000,extDP,2141.94
29,3000,MILP,9823.5
29,3300,stdDP,266049
29,3300,parDP,146394
29,3300,extDP,2320.89
29,3300,MILP,10209.8
29,3600,stdDP,265065
29,3600,parDP,146391
29,3600,extDP,2297.32
29,3600,MILP,9813.63
29,3900,stdDP,264047
29,3900,parDP,145648
29,3900,extDP,2074.95
29,3900,MILP,9589.96
29,4200,stdDP,266488
29,4200,parDP,145591
29,4200,extDP,2105.61
29,4200,MILP,9969.37
29,4500,stdDP,264049
29,4500,parDP,148317
29,4500,extDP,2134.03
29,4500,MILP,9710.67
29,4800,stdDP,267347
29,4800,parDP,146693
29,4800,extDP,2089.49
29,4800,MILP,9158.86
29,5100,stdDP,264322
29,5100,parDP,146896
29,5100,extDP,2163.83
29,5100,MILP,9573.05
29,5400,stdDP,264632
29,5400,parDP,145884
29,5400,extDP,2300.08
29,5400,MILP,10088.6
29,5700,stdDP,264393
29,5700,parDP,146328
29,5700,extDP,2130.81
29,5700,MILP,10022.7
29,600,stdDP,265732
29,600,parDP,147110
29,600,extDP,2205.89
29,600,MILP,9512.61
29,6000,stdDP,265356
29,6000,parDP,146102
29,6000,extDP,2339.34
29,6000,MILP,9558.44
29,6300,stdDP,266335
29,6300,parDP,148305
29,6300,extDP,2154.53
29,6300,MILP,10013.5
29,6600,stdDP,267275
29,6600,parDP,155505
29,6600,extDP,2189.2
29,6600,MILP,9776.69
29,6900,stdDP,265736
29,6900,parDP,145490
29,6900,extDP,2249.47
29,6900,MILP,9679.55
29,7200,stdDP,265685
29,7200,parDP,156704
29,7200,extDP,2062.16
29,7200,MILP,9733.49
29,7500,stdDP,267154
29,7500,parDP,146305
29,7500,extDP,2021.24
29,7500,MILP,11354.4
29,7800,stdDP,261178
29,7800,parDP,146373
29,7800,extDP,2443.64
29,7800,MILP,9507.73
29,8100,stdDP,264677
29,8100,parDP,147633
29,8100,extDP,2137.84
29,8100,MILP,10865.8
29,8400,stdDP,263136
29,8400,parDP,146114
29,8400,extDP,2454.76
29,8400,MILP,9920.39
29,8700,stdDP,262965
29,8700,parDP,145930
29,8700,extDP,2314.91
29,8700,MILP,9372.19
29,900,stdDP,264659
29,900,parDP,146761
29,900,extDP,2088.21
29,900,MILP,9688.78
29,9000,stdDP,263699
29,9000,parDP,145708
29,9000,extDP,2147.75
29,9000,MILP,9774.94
29,9300,stdDP,264535
29,9300,parDP,145814
29,9300,extDP,2245.9
29,9300,MILP,9195.97
29,9600,stdDP,264258
29,9600,parDP,146835
29,9600,extDP,2192.9
29,9600,MILP,9693.76
29,9900,stdDP,264172
29,9900,parDP,145457
29,9900,extDP,2120.92
29,9900,MILP,10128.6
3,1200,stdDP,297971
3,1200,parDP,156604
3,1200,extDP,2753.66
3,1200,MILP,9835.3
3,1500,stdDP,298259
3,1500,parDP,157422
3,1500,extDP,2578.17
3,1500,MILP,9498.01
3,1800,stdDP,300534
3,1800,parDP,157463
3,1800,extDP,2113.58
3,1800,MILP,9821.23
3,2100,stdDP,299398
3,2100,parDP,158709
3,2100,extDP,2181.81
3,2100,MILP,9944.06
3,2400,stdDP,299616
3,2400,parDP,157829
3,2400,extDP,2163.98
3,2400,MILP,9835.72
3,2700,stdDP,297088
3,2700,parDP,157471
3,2700,extDP,2153.53
3,2700,MILP,10000.2
3,300,stdDP,298086
3,300,parDP,156988
3,300,extDP,2313.95
3,300,MILP,9821.19
3,3000,stdDP,297538
3,3000,parDP,158054
3,3000,extDP,2343.31
3,3000,MILP,9603.56
3,3300,stdDP,298695
3,3300,parDP,158597
3,3300,extDP,2260.07
3,3300,MILP,10353.8
3,3600,stdDP,299396
3,3600,parDP,157085
3,3600,extDP,2147.24
3,3600,MILP,9974.94
3,3900,stdDP,299890
3,3900,parDP,162879
3,3900,extDP,2875.43
3,3900,MILP,10149.5
3,4200,stdDP,295177
3,4200,parDP,157014
3,4200,extDP,2361.08
3,4200,MILP,10273.2
3,4500,stdDP,296463
3,4500,parDP,156395
3,4500,extDP,2450.66
3,4500,MILP,9709.41
3,4800,stdDP,298121
3,4800,parDP,157317
3,4800,extDP,2399.22
3,4800,MILP,9962.97
3,5100,stdDP,300744
3,5100,parDP,159101
3,5100,extDP,2251.52
3,5100,MILP,10378.4
3,5400,stdDP,298899
3,5400,parDP,157537
3,5400,extDP,2032.29
3,5400,MILP,10250
3,5700,stdDP,295515
3,5700,parDP,156495
3,5700,extDP,2154.4
3,5700,MILP,10065.2
3,600,stdDP,300052
3,600,parDP,156161
3,600,extDP,2440.9
3,600,MILP,10357.3
3,6000,stdDP,297531
3,6000,parDP,156877
3,6000,extDP,2410.27
3,6000,MILP,9533.49
3,6300,stdDP,297458
3,6300,parDP,171114
3,6300,extDP,2076.82
3,6300,MILP,10034.4
3,6600,stdDP,301687
3,6600,parDP,157552
3,6600,extDP,2228.79
3,6600,MILP,10108.5
3,6900,stdDP,296843
3,6900,parDP,157177
3,6900,extDP,2092.12
3,6900,MILP,9539.63
3,7200,stdDP,298534
3,7200,parDP,156225
3,7200,extDP,2219.93
3,7200,MILP,10280.6
3,7500,stdDP,301407
3,7500,parDP,157391
3,7500,extDP,2213.85
3,7500,MILP,10196.5
3,7800,stdDP,300499
3,7800,parDP,157743
3,7800,extDP,2272.66
3,7800,MILP,9491.07
3,8100,stdDP,298100
3,8100,parDP,156549
3,8100,extDP,2180.28
3,8100,MILP,9778.55
3,8400,stdDP,297841
3,8400,parDP,158139
3,8400,extDP,2091.09
3,8400,MILP,9822.76
3,8700,stdDP,299138
3,8700,parDP,156811
3,8700,extDP,2182.93
3,8700,MILP,10341.8
3,900,stdDP,298434
3,900,parDP,156011
3,900,extDP,2066.31
3,900,MILP,9842.49
3,9000,stdDP,296245
3,9000,parDP,162100
3,9000,extDP,3101.53
3,9000,MILP,11471.5
3,9300,stdDP,295181
3,9300,parDP,157674
3,9300,extDP,2210.78
3,9300,MILP,9888.99
3,9600,stdDP,295811
3,9600,parDP,157958
3,9600,extDP,2202.95
3,9600,MILP,10293.8
3,9900,stdDP,298484
3,9900,parDP,157828
3,9900,extDP,2425.17
3,9900,MILP,10174.7
30,1200,stdDP,747534
30,1200,parDP,290125
30,1200,extDP,79587.1
30,1200,MILP,23246.3
30,1500,stdDP,754746
30,1500,parDP,514756
30,1500,extDP,169303
30,1500,MILP,47758.5
30,1800,stdDP,1.06653e+06
30,1800,parDP,361252
30,1800,extDP,80419.1
30,1800,MILP,30052.6
30,2100,stdDP,852238
30,2100,parDP,301648
30,2100,extDP,79294.8
30,2100,MILP,29213.2
30,2400,stdDP,845798
30,2400,parDP,296525
30,2400,extDP,94506.3
30,2400,MILP,33887.6
30,2700,stdDP,1.01156e+06
30,2700,parDP,455823
30,2700,extDP,81126.1
30,2700,MILP,23910.7
30,300,stdDP,1.2432e+06
30,300,parDP,521882
30,300,extDP,86279.3
30,300,MILP,38948.8
30,3000,stdDP,1.09815e+06
30,3000,parDP,414593
30,3000,extDP,114630
30,3000,MILP,30253.4
30,3300,stdDP,1.31937e+06
30,3300,parDP,514712
30,3300,extDP,129533
30,3300,MILP,46318.2
30,3600,stdDP,1.22208e+06
30,3600,parDP,433290
30,3600,extDP,92994.4
30,3600,MILP,28285.8
30,3900,stdDP,1.0268e+06
30,3900,parDP,315870
30,3900,extDP,78425.8
30,3900,MILP,25665.5
30,4200,stdDP,776589
30,4200,parDP,398426
30,4200,extDP,76928.2
30,4200,MILP,25147.7
30,4500,stdDP,773920
30,4500,parDP,429254
30,4500,extDP,135698
30,4500,MILP,34177.2
30,4800,stdDP,1.03058e+06
30,4800,parDP,479345
30,4800,extDP,107249
30,4800,MILP,28346.9
30,5100,stdDP,1.24862e+06
30,5100,parDP,486419
30,5100,extDP,93413.6
30,5100,MILP,28638.5
30,5400,stdDP,1.04183e+06
30,5400,parDP,307653
30,5400,extDP,76227.4
30,5400,MILP,23373.5
30,5700,stdDP,746028
30,5700,parDP,316247
30,5700,extDP,83754
30,5700,MILP,25412.8
30,600,stdDP,760957
30,600,parDP,300777
30,600,extDP,76549.4
30,600,MILP,24041.1
30,6000,stdDP,751128
30,6000,parDP,307558
30,6000,extDP,75233.3
30,6000,MILP,23361.5
30,6300,stdDP,724871
30,6300,parDP,293141
30,6300,extDP,73987.7
30,6300,MILP,24434.7
30,6600,stdDP,729622
30,6600,parDP,285986
30,6600,extDP,73630.2
30,6600,MILP,22904.7
30,6900,stdDP,728702
30,6900,parDP,297895
30,6900,extDP,74472.7
30,6900,MILP,22676.3
30,7200,stdDP,726933
30,7200,parDP,284010
30,7200,extDP,75877.6
30,7200,MILP,22735.5
30,7500,stdDP,724500
30,7500,parDP,283890
30,7500,extDP,74265.8
30,7500,MILP,23010.9
30,7800,stdDP,727735
30,7800,parDP,286727
30,7800,extDP,74159.7
30,7800,MILP,22986.6
30,8100,stdDP,731275
30,8100,parDP,287771
30,8100,extDP,75064.9
30,8100,MILP,23809.5
30,8400,stdDP,722980
30,8400,parDP,286388
30,8400,extDP,73658.1
30,8400,MILP,22346.7
30,8700,stdDP,729414
30,8700,parDP,283830
30,8700,extDP,74856.8
30,8700,MILP,21775.4
30,900,stdDP,723737
30,900,parDP,283177
30,900,extDP,75004.1
30,900,MILP,22145.1
30,9000,stdDP,730824
30,9000,parDP,287094
30,9000,extDP,74686.5
30,9000,MILP,21870.6
30,9300,stdDP,721279
30,9300,parDP,284859
30,9300,extDP,70125.8
30,9300,MILP,22175.9
30,9600,stdDP,726621
30,9600,parDP,286011
30,9600,extDP,71177.5
30,9600,MILP,23027.9
30,9900,stdDP,729128
30,9900,parDP,287572
30,9900,extDP,72884.3
30,9900,MILP,22854.2
31,1200,stdDP,332214
31,1200,parDP,166243
31,1200,extDP,9706.79
31,1200,MILP,12907.6
31,1500,stdDP,332957
31,1500,parDP,170600
31,1500,extDP,9857.1
31,1500,MILP,13358.9
31,1800,stdDP,329870
31,1800,parDP,168200
31,1800,extDP,9693.68
31,1800,MILP,13701.8
31,2100,stdDP,330561
31,2100,parDP,165362
31,2100,extDP,9575
31,2100,MILP,12492.4
31,2400,stdDP,325841
31,2400,parDP,167951
31,2400,extDP,9763.99
31,2400,MILP,12972.9
31,2700,stdDP,332088
31,2700,parDP,166730
31,2700,extDP,9265.39
31,2700,MILP,13274.9
31,300,stdDP,330637
31,300,parDP,166710
31,300,extDP,9312.89
31,300,MILP,14239.9
31,3000,stdDP,331950
31,3000,parDP,167413
31,3000,extDP,9690.41
31,3000,MILP,13313.2
31,3300,stdDP,326982
31,3300,parDP,165848
31,3300,extDP,9562.94
31,3300,MILP,12744.6
31,3600,stdDP,331873
31,3600,parDP,166130
31,3600,extDP,9463.44
31,3600,MILP,13187.5
31,3900,stdDP,334005
31,3900,parDP,165972
31,3900,extDP,9427.87
31,3900,MILP,13121.3
31,4200,stdDP,330414
31,4200,parDP,170175
31,4200,extDP,9682.82
31,4200,MILP,13288.1
31,4500,stdDP,328826
31,4500,parDP,165912
31,4500,extDP,9219.63
31,4500,MILP,12868.9
31,4800,stdDP,331195
31,4800,parDP,165811
31,4800,extDP,9388.58
31,4800,MILP,13183
31,5100,stdDP,327957
31,5100,parDP,166298
31,5100,extDP,9610.28
31,5100,MILP,13596.7
31,5400,stdDP,334044
31,5400,parDP,167046
31,5400,extDP,9630.04
31,5400,MILP,12936.1
31,5700,stdDP,328289
31,5700,parDP,166369
31,5700,extDP,9671.67
31,5700,MILP,15321.8
31,600,stdDP,330808
31,600,parDP,166605
31,600,extDP,9487.67
31,600,MILP,13049.1
31,6000,stdDP,330161
31,6000,parDP,169053
31,6000,extDP,9354.84
31,6000,MILP,13523.2
31,6300,stdDP,341697
31,6300,parDP,168903
31,6300,extDP,10077.7
31,6300,MILP,13213.3
31,6600,stdDP,336484
31,6600,parDP,166492
31,6600,extDP,9917.24
31,6600,MILP,13530.6
31,6900,stdDP,339981
31,6900,parDP,170835
31,6900,extDP,21366.1
31,6900,MILP,26153.2
31,7200,stdDP,777353
31,7200,parDP,673364
31,7200,extDP,100663
31,7200,MILP,46766.9
31,7500,stdDP,829796
31,7500,parDP,353744
31,7500,extDP,22137.3
31,7500,MILP,27876.1
31,7800,stdDP,736626
31,7800,parDP,378346
31,7800,extDP,19368.3
31,7800,MILP,23927.5
31,8100,stdDP,359734
31,8100,parDP,174268
31,8100,extDP,10340.2
31,8100,MILP,13860
31,8400,stdDP,339232
31,8400,parDP,172636
31,8400,extDP,10815.9
31,8400,MILP,14488.1
31,8700,stdDP,342695
31,8700,parDP,172817
31,8700,extDP,10234.8
31,8700,MILP,13491.4
31,900,stdDP,346815
31,900,parDP,189426
31,900,extDP,10242.2
31,900,MILP,13440.3
31,9000,stdDP,357600
31,9000,parDP,185006
31,9000,extDP,10329.1
31,9000,MILP,13143.4
31,9300,stdDP,349875
31,9300,parDP,171777
31,9300,extDP,10558.7
31,9300,MILP,15455.6
31,9600,stdDP,348200
31,9600,parDP,176830
31,9600,extDP,10325.9
31,9600,MILP,15450
31,9900,stdDP,354554
31,9900,parDP,178807
31,9900,extDP,11709
31,9900,MILP,15095.4
32,1200,stdDP,490481
32,1200,parDP,254342
32,1200,extDP,44790.4
32,1200,MILP,22604.5
32,1500,stdDP,540567
32,1500,parDP,245830
32,1500,extDP,40106
32,1500,MILP,21984
32,1800,stdDP,509660
32,1800,parDP,232288
32,1800,extDP,39527.4
32,1800,MILP,27405.5
32,2100,stdDP,538772
32,2100,parDP,322686
32,2100,extDP,51906
32,2100,MILP,34250.4
32,2400,stdDP,854278
32,2400,parDP,356627
32,2400,extDP,44764.8
32,2400,MILP,30492.4
32,2700,stdDP,757912
32,2700,parDP,271320
32,2700,extDP,40929.2
32,2700,MILP,24582.1
32,300,stdDP,537404
32,300,parDP,244780
32,300,extDP,41515
32,300,MILP,20960.7
32,3000,stdDP,513537
32,3000,parDP,372173
32,3000,extDP,66385.4
32,3000,MILP,57982
32,3300,stdDP,1.45607e+06
32,3300,parDP,629799
32,3300,extDP,62943.4
32,3300,MILP,31165.6
32,3600,stdDP,880113
32,3600,parDP,559674
32,3600,extDP,66025.5
32,3600,MILP,36078.9
32,3900,stdDP,880378
32,3900,parDP,311135
32,3900,extDP,50009.8
32,3900,MILP,29903.6
32,4200,stdDP,910507
32,4200,parDP,463402
32,4200,extDP,68325.9
32,4200,MILP,23982
32,4500,stdDP,636760
32,4500,parDP,316909
32,4500,extDP,53766.3
32,4500,MILP,30486.7
32,4800,stdDP,501778
32,4800,parDP,260859
32,4800,extDP,42922.9
32,4800,MILP,24408.9
32,5100,stdDP,650330
32,5100,parDP,372071
32,5100,extDP,59202.5
32,5100,MILP,21183.8
32,5400,stdDP,508703
32,5400,parDP,387896
32,5400,extDP,69292
32,5400,MILP,27687
32,5700,stdDP,587209
32,5700,parDP,296853
32,5700,extDP,40693.8
32,5700,MILP,20373.5
32,600,stdDP,655764
32,600,parDP,295558
32,600,extDP,44036.4
32,600,MILP,21676.9
32,6000,stdDP,508921
32,6000,parDP,247602
32,6000,extDP,52507.9
32,6000,MILP,19803.6
32,6300,stdDP,527124
32,6300,parDP,274650
32,6300,extDP,68954.6
32,6300,MILP,39238.3
32,6600,stdDP,560612
32,6600,parDP,264528
32,6600,extDP,38878.1
32,6600,MILP,20233
32,6900,stdDP,511124
32,6900,parDP,250720
32,6900,extDP,44976.3
32,6900,MILP,22032.2
32,7200,stdDP,495894
32,7200,parDP,228100
32,7200,extDP,38312.3
32,7200,MILP,19204.6
32,7500,stdDP,550172
32,7500,parDP,267546
32,7500,extDP,38624.5
32,7500,MILP,21325.6
32,7800,stdDP,479730
32,7800,parDP,261630
32,7800,extDP,37985
32,7800,MILP,18501.7
32,8100,stdDP,479995
32,8100,parDP,262969
32,8100,extDP,36352.8
32,8100,MILP,20492.2
32,8400,stdDP,523271
32,8400,parDP,266476
32,8400,extDP,39542.4
32,8400,MILP,18315.5
32,8700,stdDP,505947
32,8700,parDP,258733
32,8700,extDP,38835.5
32,8700,MILP,20783
32,900,stdDP,532255
32,900,parDP,270923
32,900,extDP,42240.1
32,900,MILP,20611.1
32,9000,stdDP,589067
32,9000,parDP,266141
32,9000,extDP,37493.9
32,9000,MILP,20941.2
32,9300,stdDP,475862
32,9300,parDP,275186
32,9300,extDP,41501.8
32,9300,MILP,22379.6
32,9600,stdDP,491794
32,9600,parDP,258140
32,9600,extDP,38569.7
32,9600,MILP,21061.2
32,9900,stdDP,791939
32,9900,parDP,329207
32,9900,extDP,41537.9
32,9900,MILP,32753.6
33,1200,stdDP,448045
33,1200,parDP,233792
33,1200,extDP,2924.2
33,1200,MILP,12424.2
33,1500,stdDP,414123
33,1500,parDP,238352
33,1500,extDP,5189.85
33,1500,MILP,17716.2
33,1800,stdDP,468249
33,1800,parDP,262906
33,1800,extDP,5349.92
33,1800,MILP,17764.7
33,2100,stdDP,462759
33,2100,parDP,244431
33,2100,extDP,4956.56
33,2100,MILP,11774.2
33,2400,stdDP,497260
33,2400,parDP,496958
33,2400,extDP,13772.1
33,2400,MILP,25268
33,2700,stdDP,824715
33,2700,parDP,346453
33,2700,extDP,17673.6
33,2700,MILP,20245.5
33,300,stdDP,690688
33,300,parDP,184116
33,300,extDP,3862.47
33,300,MILP,14390.1
33,3000,stdDP,312774
33,3000,parDP,157231
33,3000,extDP,2538.21
33,3000,MILP,10883.3
33,3300,stdDP,284747
33,3300,parDP,156872
33,3300,extDP,3020.86
33,3300,MILP,11437.2
33,3600,stdDP,279290
33,3600,parDP,152995
33,3600,extDP,2654.13
33,3600,MILP,11132.8
33,3900,stdDP,275389
33,3900,parDP,153229
33,3900,extDP,2333.02
33,3900,MILP,10646.4
33,4200,stdDP,287167
33,4200,parDP,168389
33,4200,extDP,2252.31
33,4200,MILP,11533.5
33,4500,stdDP,279860
33,4500,parDP,212863
33,4500,extDP,7717.9
33,4500,MILP,12035.8
33,4800,stdDP,386459
33,4800,parDP,206379
33,4800,extDP,2939.85
33,4800,MILP,12828.4
33,5100,stdDP,349279
33,5100,parDP,215022
33,5100,extDP,3664.67
33,5100,MILP,13093.9
33,5400,stdDP,401219
33,5400,parDP,274506
33,5400,extDP,6518.95
33,5400,MILP,14429.2
33,5700,stdDP,463762
33,5700,parDP,201871
33,5700,extDP,3088.67
33,5700,MILP,12580.7
33,600,stdDP,353527
33,600,parDP,212026
33,600,extDP,2904.62
33,600,MILP,12823.5
33,6000,stdDP,353721
33,6000,parDP,224375
33,6000,extDP,5794.63
33,6000,MILP,18735.3
33,6300,stdDP,286261
33,6300,parDP,157923
33,6300,extDP,2965.03
33,6300,MILP,10514.4
33,6600,stdDP,308451
33,6600,parDP,165202
33,6600,extDP,2439.65
33,6600,MILP,10900
33,6900,stdDP,274622
33,6900,parDP,154165
33,6900,extDP,2318.45
33,6900,MILP,11871.2
33,7200,stdDP,276986
33,7200,parDP,155517
33,7200,extDP,2319.45
33,7200,MILP,11016.7
33,7500,stdDP,279925
33,7500,parDP,147997
33,7500,extDP,2211.9
33,7500,MILP,10598.5
33,7800,stdDP,271976
33,7800,parDP,149974
33,7800,extDP,3377.52
33,7800,MILP,10970.5
33,8100,stdDP,275217
33,8100,parDP,162141
33,8100,extDP,2446.6
33,8100,MILP,10531.1
33,8400,stdDP,270944
33,8400,parDP,148219
33,8400,extDP,2407.1
33,8400,MILP,9902.62
33,8700,stdDP,269374
33,8700,parDP,148090
33,8700,extDP,2423.35
33,8700,MILP,10688.1
33,900,stdDP,275591
33,900,parDP,148943
33,900,extDP,2307.81
33,900,MILP,10171.4
33,9000,stdDP,270264
33,9000,parDP,147377
33,9000,extDP,2971.08
33,9000,MILP,10332.8
33,9300,stdDP,267950
33,9300,parDP,146718
33,9300,extDP,2489.18
33,9300,MILP,10354.1
33,9600,stdDP,280563
33,9600,parDP,155411
33,9600,extDP,2269.02
33,9600,MILP,9986.67
33,9900,stdDP,269566
33,9900,parDP,150796
33,9900,extDP,2374.46
33,9900,MILP,9686.76
34,1200,stdDP,739443
34,1200,parDP,287005
34,1200,extDP,74914.8
34,1200,MILP,25898.1
34,1500,stdDP,740823
34,1500,parDP,303227
34,1500,extDP,75083.7
34,1500,MILP,22824.3
34,1800,stdDP,731646
34,1800,parDP,287253
34,1800,extDP,76135.4
34,1800,MILP,24031.5
34,2100,stdDP,737882
34,2100,parDP,290689
34,2100,extDP,76839.9
34,2100,MILP,23394.3
34,2400,stdDP,744871
34,2400,parDP,287690
34,2400,extDP,77401.3
34,2400,MILP,23516.7
34,2700,stdDP,737140
34,2700,parDP,283364
34,2700,extDP,76561.5
34,2700,MILP,23536.2
34,300,stdDP,749437
34,300,parDP,285647
34,300,extDP,76651.4
34,300,MILP,23144.8
34,3000,stdDP,736572
34,3000,parDP,286796
34,3000,extDP,76785.4
34,3000,MILP,23590.1
34,3300,stdDP,757326
34,3300,parDP,292884
34,3300,extDP,74355.9
34,3300,MILP,23929
34,3600,stdDP,736824
34,3600,parDP,286303
34,3600,extDP,74494.3
34,3600,MILP,23719.8
34,3900,stdDP,738641
34,3900,parDP,297639
34,3900,extDP,77026.5
34,3900,MILP,26155.8
34,4200,stdDP,732399
34,4200,parDP,284301
34,4200,extDP,75951.9
34,4200,MILP,22866.3
34,4500,stdDP,748400
34,4500,parDP,292742
34,4500,extDP,79820.9
34,4500,MILP,25429.8
34,4800,stdDP,748938
34,4800,parDP,286583
34,4800,extDP,75515.9
34,4800,MILP,23791
34,5100,stdDP,734465
34,5100,parDP,285619
34,5100,extDP,76048.1
34,5100,MILP,23258.6
34,5400,stdDP,749206
34,5400,parDP,287343
34,5400,extDP,73709.7
34,5400,MILP,23410.5
34,5700,stdDP,738394
34,5700,parDP,288716
34,5700,extDP,75894.9
34,5700,MILP,23513.3
34,600,stdDP,748581
34,600,parDP,293115
34,600,extDP,73795.2
34,600,MILP,23969.6
34,6000,stdDP,734457
34,6000,parDP,287073
34,6000,extDP,75386
34,6000,MILP,23428.8
34,6300,stdDP,729257
34,6300,parDP,297341
34,6300,extDP,77112.2
34,6300,MILP,22979.9
34,6600,stdDP,736983
34,6600,parDP,289450
34,6600,extDP,76485.8
34,6600,MILP,24035.8
34,6900,stdDP,749784
34,6900,parDP,287729
34,6900,extDP,76050.4
34,6900,MILP,23091.8
34,7200,stdDP,747836
34,7200,parDP,284477
34,7200,extDP,75798.6
34,7200,MILP,23560.7
34,7500,stdDP,733656
34,7500,parDP,288180
34,7500,extDP,77632.7
34,7500,MILP,23645.3
34,7800,stdDP,754322
34,7800,parDP,289569
34,7800,extDP,73563.2
34,7800,MILP,25118.2
34,8100,stdDP,739456
34,8100,parDP,288958
34,8100,extDP,71295.6
34,8100,MILP,22680.9
34,8400,stdDP,734367
34,8400,parDP,327050
34,8400,extDP,75975.2
34,8400,MILP,23388.7
34,8700,stdDP,737076
34,8700,parDP,287791
34,8700,extDP,76578.5
34,8700,MILP,24131.5
34,900,stdDP,736411
34,900,parDP,288928
34,900,extDP,78192.7
34,900,MILP,25445.3
34,9000,stdDP,734810
34,9000,parDP,285735
34,9000,extDP,78209.4
34,9000,MILP,25724.3
34,9300,stdDP,732621
34,9300,parDP,289867
34,9300,extDP,76387.4
34,9300,MILP,23980.8
34,9600,stdDP,738543
34,9600,parDP,288103
34,9600,extDP,75666.6
34,9600,MILP,23512.4
34,9900,stdDP,741457
34,9900,parDP,287732
34,9900,extDP,76268.4
34,9900,MILP,23213.9
35,1200,stdDP,338971
35,1200,parDP,169374
35,1200,extDP,13459.7
35,1200,MILP,13813.2
35,1500,stdDP,346389
35,1500,parDP,176028
35,1500,extDP,13781.3
35,1500,MILP,13476
35,1800,stdDP,341133
35,1800,parDP,169310
35,1800,extDP,13257.7
35,1800,MILP,12994.1
35,2100,stdDP,338018
35,2100,parDP,167942
35,2100,extDP,13529.9
35,2100,MILP,12894.3
35,2400,stdDP,334222
35,2400,parDP,167610
35,2400,extDP,13952.7
35,2400,MILP,13044.3
35,2700,stdDP,334545
35,2700,parDP,168696
35,2700,extDP,13323.5
35,2700,MILP,12887.7
35,300,stdDP,346380
35,300,parDP,171066
35,300,extDP,13028.5
35,300,MILP,12899.2
35,3000,stdDP,334182
35,3000,parDP,168607
35,3000,extDP,13000.6
35,3000,MILP,13389.9
35,3300,stdDP,336349
35,3300,parDP,168210
35,3300,extDP,13298.6
35,3300,MILP,12932.7
35,3600,stdDP,338283
35,3600,parDP,173302
35,3600,extDP,13261.4
35,3600,MILP,13262.1
35,3900,stdDP,337182
35,3900,parDP,186774
35,3900,extDP,14150.3
35,3900,MILP,13783.3
35,4200,stdDP,337323
35,4200,parDP,171161
35,4200,extDP,12621.7
35,4200,MILP,13521.4
35,4500,stdDP,336647
35,4500,parDP,167001
35,4500,extDP,13118.1
35,4500,MILP,13213.6
35,4800,stdDP,337432
35,4800,parDP,179550
35,4800,extDP,12931.2
35,4800,MILP,13317.5
35,5100,stdDP,335760
35,5100,parDP,170051
35,5100,extDP,12797.5
35,5100,MILP,12926.9
35,5400,stdDP,336294
35,5400,parDP,169148
35,5400,extDP,13583.4
35,5400,MILP,13636.4
35,5700,stdDP,338510
35,5700,parDP,170768
35,5700,extDP,13602.3
35,5700,MILP,13310.6
35,600,stdDP,341836
35,600,parDP,195851
35,600,extDP,14664.9
35,600,MILP,13267.4
35,6000,stdDP,338824
35,6000,parDP,170146
35,6000,extDP,13198.5
35,6000,MILP,13173.5
35,6300,stdDP,335344
35,6300,parDP,168309
35,6300,extDP,12736
35,6300,MILP,13062.4
35,6600,stdDP,334893
35,6600,parDP,168407
35,6600,extDP,13030.5
35,6600,MILP,13985.7
35,6900,stdDP,335840
35,6900,parDP,168602
35,6900,extDP,13153.4
35,6900,MILP,13588.4
35,7200,stdDP,347731
35,7200,parDP,180114
35,7200,extDP,13607.8
35,7200,MILP,13195
35,7500,stdDP,337961
35,7500,parDP,169601
35,7500,extDP,13607.2
35,7500,MILP,13182.5
35,7800,stdDP,336508
35,7800,parDP,167832
35,7800,extDP,13516.2
35,7800,MILP,13423.7
35,8100,stdDP,336481
35,8100,parDP,172615
35,8100,extDP,13724.3
35,8100,MILP,13564.6
35,8400,stdDP,344898
35,8400,parDP,173074
35,8400,extDP,13931.5
35,8400,MILP,13350.1
35,8700,stdDP,343675
35,8700,parDP,167170
35,8700,extDP,13886.9
35,8700,MILP,12959.2
35,900,stdDP,334707
35,900,parDP,168233
35,900,extDP,13112.3
35,900,MILP,12527.1
35,9000,stdDP,339028
35,9000,parDP,168508
35,9000,extDP,12846.6
35,9000,MILP,13849.5
35,9300,stdDP,336304
35,9300,parDP,168780
35,9300,extDP,13752.6
35,9300,MILP,13349.1
35,9600,stdDP,340063
35,9600,parDP,174227
35,9600,extDP,12950.5
35,9600,MILP,13767.4
35,9900,stdDP,336108
35,9900,parDP,168221
35,9900,extDP,13029.8
35,9900,MILP,13142.5
36,1200,stdDP,354309
36,1200,parDP,171999
36,1200,extDP,16722.5
36,1200,MILP,13881.5
36,1500,stdDP,349651
36,1500,parDP,173125
36,1500,extDP,16521.4
36,1500,MILP,14230.1
36,1800,stdDP,352806
36,1800,parDP,177108
36,1800,extDP,17798.7
36,1800,MILP,16004.9
36,2100,stdDP,366135
36,2100,parDP,172310
36,2100,extDP,17812.2
36,2100,MILP,14601.3
36,2400,stdDP,351523
36,2400,parDP,172248
36,2400,extDP,17666.7
36,2400,MILP,14215.4
36,2700,stdDP,350505
36,2700,parDP,174166
36,2700,extDP,16875.4
36,2700,MILP,14133.3
36,300,stdDP,349989
36,300,parDP,171633
36,300,extDP,16806.9
36,300,MILP,15489.4
36,3000,stdDP,356845
36,3000,parDP,179515
36,3000,extDP,18612.9
36,3000,MILP,14127.3
36,3300,stdDP,351768
36,3300,parDP,173445
36,3300,extDP,16879.7
36,3300,MILP,14218.1
36,3600,stdDP,348733
36,3600,parDP,172756
36,3600,extDP,17738.9
36,3600,MILP,14942.2
36,3900,stdDP,352013
36,3900,parDP,181592
36,3900,extDP,15991.1
36,3900,MILP,14370.4
36,4200,stdDP,352448
36,4200,parDP,195235
36,4200,extDP,18434.7
36,4200,MILP,16162
36,4500,stdDP,349950
36,4500,parDP,171478
36,4500,extDP,17598
36,4500,MILP,14618.6
36,4800,stdDP,351535
36,4800,parDP,172439
36,4800,extDP,17244.3
36,4800,MILP,14689.3
36,5100,stdDP,349929
36,5100,parDP,171197
36,5100,extDP,16944.9
36,5100,MILP,13752.1
36,5400,stdDP,351493
36,5400,parDP,171632
36,5400,extDP,16366
36,5400,MILP,13832.2
36,5700,stdDP,363124
36,5700,parDP,175340
36,5700,extDP,16850.8
36,5700,MILP,14178.6
36,600,stdDP,349840
36,600,parDP,174149
36,600,extDP,16461
36,600,MILP,14481.2
36,6000,stdDP,349394
36,6000,parDP,174134
36,6000,extDP,18232
36,6000,MILP,15652.1
36,6300,stdDP,350806
36,6300,parDP,172315
36,6300,extDP,17264.9
36,6300,MILP,15933.6
36,6600,stdDP,353768
36,6600,parDP,188935
36,6600,extDP,18238.5
36,6600,MILP,14328.1
36,6900,stdDP,355065
36,6900,parDP,171376
36,6900,extDP,16567.9
36,6900,MILP,15141.6
36,7200,stdDP,350702
36,7200,parDP,173463
36,7200,extDP,17005.9
36,7200,MILP,13861.2
36,7500,stdDP,354122
36,7500,parDP,172246
36,7500,extDP,16702.1
36,7500,MILP,14471.8
36,7800,stdDP,351772
36,7800,parDP,174045
36,7800,extDP,16140.4
36,7800,MILP,14724.1
36,8100,stdDP,369114
36,8100,parDP,175452
36,8100,extDP,16491
36,8100,MILP,15358.3
36,8400,stdDP,350874
36,8400,parDP,188024
36,8400,extDP,28385.7
36,8400,MILP,14224.8
36,8700,stdDP,348041
36,8700,parDP,171850
36,8700,extDP,17517.9
36,8700,MILP,15256.7
36,900,stdDP,349973
36,900,parDP,171947
36,900,extDP,17686.4
36,900,MILP,14847.5
36,9000,stdDP,358135
36,9000,parDP,182733
36,9000,extDP,17654
36,9000,MILP,14297.6
36,9300,stdDP,350193
36,9300,parDP,170074
36,9300,extDP,16774.2
36,9300,MILP,14481.6
36,9600,stdDP,352498
36,9600,parDP,178686
36,9600,extDP,16874.7
36,9600,MILP,14880.9
36,9900,stdDP,351987
36,9900,parDP,173387
36,9900,extDP,16284.8
36,9900,MILP,14534.2
37,1200,stdDP,447987
37,1200,parDP,221550
37,1200,extDP,49058.4
37,1200,MILP,19996.9
37,1500,stdDP,454643
37,1500,parDP,199718
37,1500,extDP,44526.9
37,1500,MILP,19977.5
37,1800,stdDP,444749
37,1800,parDP,200092
37,1800,extDP,47892.8
37,1800,MILP,19228.3
37,2100,stdDP,446172
37,2100,parDP,198837
37,2100,extDP,47939
37,2100,MILP,21092.7
37,2400,stdDP,456821
37,2400,parDP,206497
37,2400,extDP,47058.6
37,2400,MILP,19848.9
37,2700,stdDP,449878
37,2700,parDP,199469
37,2700,extDP,47177.3
37,2700,MILP,20807.3
37,300,stdDP,446470
37,300,parDP,202064
37,300,extDP,47548.6
37,300,MILP,19559.2
37,3000,stdDP,447058
37,3000,parDP,200804
37,3000,extDP,50927.3
37,3000,MILP,19753.3
37,3300,stdDP,445784
37,3300,parDP,198312
37,3300,extDP,47391.6
37,3300,MILP,19551.5
37,3600,stdDP,447011
37,3600,parDP,199729
37,3600,extDP,48423.8
37,3600,MILP,19385.2
37,3900,stdDP,454761
37,3900,parDP,199088
37,3900,extDP,47704.9
37,3900,MILP,20007.4
37,4200,stdDP,443458
37,4200,parDP,199039
37,4200,extDP,46998
37,4200,MILP,19130.3
37,4500,stdDP,442378
37,4500,parDP,203462
37,4500,extDP,48122.3
37,4500,MILP,20068.8
37,4800,stdDP,448672
37,4800,parDP,221352
37,4800,extDP,47863.7
37,4800,MILP,19532.2
37,5100,stdDP,461439
37,5100,parDP,199633
37,5100,extDP,44728.9
37,5100,MILP,19638.1
37,5400,stdDP,449362
37,5400,parDP,197842
37,5400,extDP,47434.7
37,5400,MILP,19830.6
37,5700,stdDP,446073
37,5700,parDP,199844
37,5700,extDP,48047.1
37,5700,MILP,20194.2
37,600,stdDP,458240
37,600,parDP,199101
37,600,extDP,44879.3
37,600,MILP,19948.5
37,6000,stdDP,444977
37,6000,parDP,201571
37,6000,extDP,47139.5
37,6000,MILP,19647.2
37,6300,stdDP,449347
37,6300,parDP,200329
37,6300,extDP,48039.6
37,6300,MILP,19330.9
37,6600,stdDP,451803
37,6600,parDP,214069
37,6600,extDP,44750.3
37,6600,MILP,19936.7
37,6900,stdDP,443933
37,6900,parDP,198852
37,6900,extDP,46786.8
37,6900,MILP,19296.9
37,7200,stdDP,445545
37,7200,parDP,196937
37,7200,extDP,47258.6
37,7200,MILP,20024.6
37,7500,stdDP,447606
37,7500,parDP,200262
37,7500,extDP,45670.8
37,7500,MILP,20380.5
37,7800,stdDP,457806
37,7800,parDP,199073
37,7800,extDP,47743.1
37,7800,MILP,19940.6
37,8100,stdDP,448478
37,8100,parDP,196773
37,8100,extDP,46769.6
37,8100,MILP,19327.5
37,8400,stdDP,447955
37,8400,parDP,209794
37,8400,extDP,52410.8
37,8400,MILP,19778.1
37,8700,stdDP,446400
37,8700,parDP,223154
37,8700,extDP,45498.4
37,8700,MILP,19255.2
37,900,stdDP,445330
37,900,parDP,196319
37,900,extDP,46628.7
37,900,MILP,19232.9
37,9000,stdDP,445186
37,9000,parDP,198722
37,9000,extDP,46933.5
37,9000,MILP,18782.5
37,9300,stdDP,445364
37,9300,parDP,198803
37,9300,extDP,46707.4
37,9300,MILP,19555.5
37,9600,stdDP,469971
37,9600,parDP,199203
37,9600,extDP,46292.2
37,9600,MILP,19461
37,9900,stdDP,446954
37,9900,parDP,198021
37,9900,extDP,47628.8
37,9900,MILP,20101.2
38,1200,stdDP,381528
38,1200,parDP,196302
38,1200,extDP,29481
38,1200,MILP,16491.7
38,1500,stdDP,379392
38,1500,parDP,181468
38,1500,extDP,31084.1
38,1500,MILP,17500
38,1800,stdDP,381894
38,1800,parDP,179884
38,1800,extDP,29917.7
38,1800,MILP,18075.4
38,2100,stdDP,381738
38,2100,parDP,179473
38,2100,extDP,29088.4
38,2100,MILP,16994.7
38,2400,stdDP,384627
38,2400,parDP,181280
38,2400,extDP,28980.9
38,2400,MILP,15934.6
38,2700,stdDP,385019
38,2700,parDP,180315
38,2700,extDP,30484.3
38,2700,MILP,16654.7
38,300,stdDP,393576
38,300,parDP,180830
38,300,extDP,29223.3
38,300,MILP,16655.1
38,3000,stdDP,382990
38,3000,parDP,184114
38,3000,extDP,31910.7
38,3000,MILP,16088.9
38,3300,stdDP,378933
38,3300,parDP,179754
38,3300,extDP,30133.8
38,3300,MILP,16588.5
38,3600,stdDP,382620
38,3600,parDP,183001
38,3600,extDP,31238.8
38,3600,MILP,17850.1
38,3900,stdDP,386078
38,3900,parDP,181612
38,3900,extDP,29201.5
38,3900,MILP,16969.9
38,4200,stdDP,383365
38,4200,parDP,180405
38,4200,extDP,28400
38,4200,MILP,17294
38,4500,stdDP,379863
38,4500,parDP,181596
38,4500,extDP,28952.7
38,4500,MILP,16030.1
38,4800,stdDP,384034
38,4800,parDP,185182
38,4800,extDP,29579.9
38,4800,MILP,17194.8
38,5100,stdDP,396529
38,5100,parDP,182074
38,5100,extDP,29201.4
38,5100,MILP,16261.1
38,5400,stdDP,384161
38,5400,parDP,181196
38,5400,extDP,28692.8
38,5400,MILP,17554.8
38,5700,stdDP,382723
38,5700,parDP,185322
38,5700,extDP,28447.6
38,5700,MILP,16883.9
38,600,stdDP,385040
38,600,parDP,180186
38,600,extDP,28509.4
38,600,MILP,17205.5
38,6000,stdDP,389669
38,6000,parDP,179130
38,6000,extDP,28591.9
38,6000,MILP,16266.4
38,6300,stdDP,380765
38,6300,parDP,180166
38,6300,extDP,29213.2
38,6300,MILP,17572.8
38,6600,stdDP,385385
38,6600,parDP,182163
38,6600,extDP,28990.8
38,6600,MILP,16770.7
38,6900,stdDP,382687
38,6900,parDP,180846
38,6900,extDP,28990.2
38,6900,MILP,16799.8
38,7200,stdDP,399517
38,7200,parDP,180392
38,7200,extDP,28563.9
38,7200,MILP,16751.9
38,7500,stdDP,382715
38,7500,parDP,181127
38,7500,extDP,28750.8
38,7500,MILP,16560.4
38,7800,stdDP,383348
38,7800,parDP,182048
38,7800,extDP,28622.8
38,7800,MILP,16409.6
38,8100,stdDP,386003
38,8100,parDP,181694
38,8100,extDP,29643.4
38,8100,MILP,16015.9
38,8400,stdDP,401085
38,8400,parDP,182124
38,8400,extDP,28845
38,8400,MILP,16473.2
38,8700,stdDP,381068
38,8700,parDP,182069
38,8700,extDP,29288.3
38,8700,MILP,16085.8
38,900,stdDP,384997
38,900,parDP,184517
38,900,extDP,30243.7
38,900,MILP,16229
38,9000,stdDP,382080
38,9000,parDP,189897
38,9000,extDP,29291.8
38,9000,MILP,16961.2
38,9300,stdDP,388328
38,9300,parDP,181898
38,9300,extDP,29092.8
38,9300,MILP,16141.9
38,9600,stdDP,379074
38,9600,parDP,181386
38,9600,extDP,29364.7
38,9600,MILP,16138.8
38,9900,stdDP,379988
38,9900,parDP,180360
38,9900,extDP,29578.6
38,9900,MILP,16239.2
39,1200,stdDP,303041
39,1200,parDP,159350
39,1200,extDP,6050.98
39,1200,MILP,11538.7
39,1500,stdDP,306419
39,1500,parDP,174568
39,1500,extDP,5994.54
39,1500,MILP,11655.4
39,1800,stdDP,305357
39,1800,parDP,160486
39,1800,extDP,5917.5
39,1800,MILP,11413
39,2100,stdDP,303795
39,2100,parDP,158540
39,2100,extDP,5680.9
39,2100,MILP,11240.8
39,2400,stdDP,304293
39,2400,parDP,161002
39,2400,extDP,5947.06
39,2400,MILP,11145.1
39,2700,stdDP,304496
39,2700,parDP,158540
39,2700,extDP,5485.24
39,2700,MILP,10948.7
39,300,stdDP,302744
39,300,parDP,174745
39,300,extDP,5892.81
39,300,MILP,10926.1
39,3000,stdDP,306294
39,3000,parDP,159662
39,3000,extDP,6064.42
39,3000,MILP,11581.6
39,3300,stdDP,303271
39,3300,parDP,160674
39,3300,extDP,6307.55
39,3300,MILP,10870.7
39,3600,stdDP,304672
39,3600,parDP,159116
39,3600,extDP,5879.1
39,3600,MILP,12132.3
39,3900,stdDP,310604
39,3900,parDP,180096
39,3900,extDP,6020.91
39,3900,MILP,11528.2
39,4200,stdDP,308273
39,4200,parDP,189051
39,4200,extDP,6679.21
39,4200,MILP,11254.9
39,4500,stdDP,306294
39,4500,parDP,160309
39,4500,extDP,5922.19
39,4500,MILP,11541.8
39,4800,stdDP,306617
39,4800,parDP,160257
39,4800,extDP,5851.03
39,4800,MILP,11344.2
39,5100,stdDP,307889
39,5100,parDP,157748
39,5100,extDP,7347.21
39,5100,MILP,11089.7
39,5400,stdDP,302844
39,5400,parDP,159419
39,5400,extDP,6325.26
39,5400,MILP,11912.3
39,5700,stdDP,304461
39,5700,parDP,158805
39,5700,extDP,5868.83
39,5700,MILP,12103.6
39,600,stdDP,307761
39,600,parDP,178505
39,600,extDP,6120.11
39,600,MILP,11841.4
39,6000,stdDP,302553
39,6000,parDP,159484
39,6000,extDP,6124.09
39,6000,MILP,11176.8
39,6300,stdDP,301857
39,6300,parDP,159375
39,6300,extDP,6057.73
39,6300,MILP,11232.8
39,6600,stdDP,302608
39,6600,parDP,159950
39,6600,extDP,5946.31
39,6600,MILP,11357.1
39,6900,stdDP,304512
39,6900,parDP,159605
39,6900,extDP,6538.3
39,6900,MILP,11106.8
39,7200,stdDP,305997
39,7200,parDP,174554
39,7200,extDP,6372.73
39,7200,MILP,12831
39,7500,stdDP,310736
39,7500,parDP,159375
39,7500,extDP,6320.48
39,7500,MILP,11340
39,7800,stdDP,304271
39,7800,parDP,160613
39,7800,extDP,6335.16
39,7800,MILP,11130.9
39,8100,stdDP,302540
39,8100,parDP,161831
39,8100,extDP,5903.45
39,8100,MILP,11764.6
39,8400,stdDP,302905
39,8400,parDP,158850
39,8400,extDP,6098.12
39,8400,MILP,10974.6
39,8700,stdDP,303012
39,8700,parDP,170263
39,8700,extDP,6259.5
39,8700,MILP,12587.3
39,900,stdDP,305066
39,900,parDP,159564
39,900,extDP,5903.75
39,900,MILP,11232.1
39,9000,stdDP,302562
39,9000,parDP,159561
39,9000,extDP,6011.73
39,9000,MILP,11509.4
39,9300,stdDP,303087
39,9300,parDP,160192
39,9300,extDP,6238.34
39,9300,MILP,11075.8
39,9600,stdDP,305347
39,9600,parDP,161859
39,9600,extDP,5619.32
39,9600,MILP,11075.6
39,9900,stdDP,302345
39,9900,parDP,194553
39,9900,extDP,6557.98
39,9900,MILP,11342.6
4,1200,stdDP,308768
4,1200,parDP,159069
4,1200,extDP,5814.62
4,1200,MILP,11689.2
4,1500,stdDP,300315
4,1500,parDP,162516
4,1500,extDP,6108.08
4,1500,MILP,11726.9
4,1800,stdDP,300243
4,1800,parDP,158455
4,1800,extDP,6019.48
4,1800,MILP,11255.9
4,2100,stdDP,302886
4,2100,parDP,158474
4,2100,extDP,5903.78
4,2100,MILP,12739.7
4,2400,stdDP,305412
4,2400,parDP,159702
4,2400,extDP,6544.17
4,2400,MILP,12832.1
4,2700,stdDP,309128
4,2700,parDP,160555
4,2700,extDP,7336.03
4,2700,MILP,12055
4,300,stdDP,302365
4,300,parDP,159711
4,300,extDP,5796.43
4,300,MILP,11725.1
4,3000,stdDP,303810
4,3000,parDP,158158
4,3000,extDP,6497.66
4,3000,MILP,11457.3
4,3300,stdDP,304492
4,3300,parDP,169155
4,3300,extDP,6681.46
4,3300,MILP,12082.8
4,3600,stdDP,305162
4,3600,parDP,158287
4,3600,extDP,6413.82
4,3600,MILP,12018.9
4,3900,stdDP,310908
4,3900,parDP,158716
4,3900,extDP,6051.05
4,3900,MILP,11215.1
4,4200,stdDP,300704
4,4200,parDP,159142
4,4200,extDP,6241.83
4,4200,MILP,11733.2
4,4500,stdDP,303052
4,4500,parDP,159112
4,4500,extDP,5703.51
4,4500,MILP,11691.3
4,4800,stdDP,300808
4,4800,parDP,157859
4,4800,extDP,5479.96
4,4800,MILP,11881.1
4,5100,stdDP,305412
4,5100,parDP,160342
4,5100,extDP,6108.94
4,5100,MILP,12183.7
4,5400,stdDP,313433
4,5400,parDP,159133
4,5400,extDP,6949.18
4,5400,MILP,11716.2
4,5700,stdDP,300282
4,5700,parDP,159107
4,5700,extDP,6294.4
4,5700,MILP,11833.2
4,600,stdDP,301847
4,600,parDP,159581
4,600,extDP,6051.54
4,600,MILP,11614.4
4,6000,stdDP,302529
4,6000,parDP,157825
4,6000,extDP,6184.08
4,6000,MILP,11720
4,6300,stdDP,302538
4,6300,parDP,160429
4,6300,extDP,5824.28
4,6300,MILP,11943.3
4,6600,stdDP,307072
4,6600,parDP,160264
4,6600,extDP,5706.59
4,6600,MILP,11590.4
4,6900,stdDP,300820
4,6900,parDP,159164
4,6900,extDP,5787.27
4,6900,MILP,11509.6
4,7200,stdDP,303098
4,7200,parDP,158228
4,7200,extDP,5663.81
4,7200,MILP,11508.8
4,7500,stdDP,303573
4,7500,parDP,158430
4,7500,extDP,6108.03
4,7500,MILP,11564.6
4,7800,stdDP,307473
4,7800,parDP,157101
4,7800,extDP,6391.79
4,7800,MILP,11671.1
4,8100,stdDP,311761
4,8100,parDP,161474
4,8100,extDP,6180.96
4,8100,MILP,12009.6
4,8400,stdDP,300802
4,8400,parDP,158779
4,8400,extDP,6134.55
4,8400,MILP,12117.4
4,8700,stdDP,305205
4,8700,parDP,158441
4,8700,extDP,6272.05
4,8700,MILP,15501.4
4,900,stdDP,302295
4,900,parDP,158603
4,900,extDP,6254.63
4,900,MILP,11400.8
4,9000,stdDP,299405
4,9000,parDP,159148
4,9000,extDP,5724.25
4,9000,MILP,11711.6
4,9300,stdDP,307794
4,9300,parDP,158864
4,9300,extDP,5866.13
4,9300,MILP,11781
4,9600,stdDP,301168
4,9600,parDP,158679
4,9600,extDP,5986.69
4,9600,MILP,11734
4,9900,stdDP,304812
4,9900,parDP,158282
4,9900,extDP,5865.16
4,9900,MILP,12278.9
40,1200,stdDP,302475
40,1200,parDP,158741
40,1200,extDP,2340.44
40,1200,MILP,10582.3
40,1500,stdDP,306490
40,1500,parDP,160332
40,1500,extDP,2292.5
40,1500,MILP,10328.2
40,1800,stdDP,313220
40,1800,parDP,166596
40,1800,extDP,2317.04
40,1800,MILP,10009.2
40,2100,stdDP,303301
40,2100,parDP,172231
40,2100,extDP,2199.5
40,2100,MILP,10102.4
40,2400,stdDP,303507
40,2400,parDP,159944
40,2400,extDP,2500.26
40,2400,MILP,10052.8
40,2700,stdDP,305390
40,2700,parDP,162523
40,2700,extDP,2412.53
40,2700,MILP,10153.7
40,300,stdDP,300956
40,300,parDP,159676
40,300,extDP,2389.06
40,300,MILP,10878.2
40,3000,stdDP,314650
40,3000,parDP,168566
40,3000,extDP,2284.33
40,3000,MILP,9944.38
40,3300,stdDP,303307
40,3300,parDP,161624
40,3300,extDP,2684.03
40,3300,MILP,10171.8
40,3600,stdDP,302699
40,3600,parDP,159978
40,3600,extDP,2959.86
40,3600,MILP,9989.5
40,3900,stdDP,303511
40,3900,parDP,161612
40,3900,extDP,2456.15
40,3900,MILP,10435
40,4200,stdDP,304146
40,4200,parDP,161788
40,4200,extDP,2591.94
40,4200,MILP,10292.3
40,4500,stdDP,307924
40,4500,parDP,175892
40,4500,extDP,3069.75
40,4500,MILP,10863.1
40,4800,stdDP,303463
40,4800,parDP,159095
40,4800,extDP,2253.03
40,4800,MILP,10391.8
40,5100,stdDP,302607
40,5100,parDP,160245
40,5100,extDP,2194.31
40,5100,MILP,10483
40,5400,stdDP,303470
40,5400,parDP,159660
40,5400,extDP,2460.67
40,5400,MILP,9768.38
40,5700,stdDP,302237
40,5700,parDP,160493
40,5700,extDP,2231.63
40,5700,MILP,10913.3
40,600,stdDP,303861
40,600,parDP,173808
40,600,extDP,2421.93
40,600,MILP,9750.16
40,6000,stdDP,307756
40,6000,parDP,160215
40,6000,extDP,2426.43
40,6000,MILP,10605.3
40,6300,stdDP,305412
40,6300,parDP,167725
40,6300,extDP,2409.77
40,6300,MILP,10177.9
40,6600,stdDP,306521
40,6600,parDP,162032
40,6600,extDP,2554.22
40,6600,MILP,10700.9
40,6900,stdDP,303641
40,6900,parDP,161809
40,6900,extDP,2211.76
40,6900,MILP,10075
40,7200,stdDP,304689
40,7200,parDP,188959
40,7200,extDP,2631.66
40,7200,MILP,9739.44
40,7500,stdDP,305207
40,7500,parDP,159065
40,7500,extDP,2453.22
40,7500,MILP,10637.5
40,7800,stdDP,303241
40,7800,parDP,159242
40,7800,extDP,2261.11
40,7800,MILP,10120.9
40,8100,stdDP,304710
40,8100,parDP,160422
40,8100,extDP,2362.86
40,8100,MILP,11226.5
40,8400,stdDP,302597
40,8400,parDP,159950
40,8400,extDP,2198.32
40,8400,MILP,10374.8
40,8700,stdDP,305689
40,8700,parDP,166113
40,8700,extDP,2620.11
40,8700,MILP,11179.8
40,900,stdDP,312690
40,900,parDP,160372
40,900,extDP,2276.44
40,900,MILP,9998.35
40,9000,stdDP,304040
40,9000,parDP,160654
40,9000,extDP,2512.08
40,9000,MILP,9912.96
40,9300,stdDP,303801
40,9300,parDP,159315
40,9300,extDP,2166.26
40,9300,MILP,9993.84
40,9600,stdDP,305591
40,9600,parDP,158834
40,9600,extDP,2593.84
40,9600,MILP,10654.3
40,9900,stdDP,302423
40,9900,parDP,160846
40,9900,extDP,2953.67
40,9900,MILP,11452.8
41,1200,stdDP,453212
41,1200,parDP,199691
41,1200,extDP,42283.9
41,1200,MILP,18186.8
41,1500,stdDP,444397
41,1500,parDP,202347
41,1500,extDP,41193.6
41,1500,MILP,18842.6
41,1800,stdDP,447782
41,1800,parDP,203468
41,1800,extDP,41512.7
41,1800,MILP,18034.2
41,2100,stdDP,456278
41,2100,parDP,218914
41,2100,extDP,44547.9
41,2100,MILP,18784.8
41,2400,stdDP,449591
41,2400,parDP,204933
41,2400,extDP,41378.5
41,2400,MILP,18544.9
41,2700,stdDP,451375
41,2700,parDP,201239
41,2700,extDP,40392.3
41,2700,MILP,17985.7
41,300,stdDP,451547
41,300,parDP,200266
41,300,extDP,42598.2
41,300,MILP,18764.4
41,3000,stdDP,452158
41,3000,parDP,219203
41,3000,extDP,42674
41,3000,MILP,18464.5
41,3300,stdDP,449746
41,3300,parDP,201818
41,3300,extDP,39849.5
41,3300,MILP,18071.7
41,3600,stdDP,448036
41,3600,parDP,203795
41,3600,extDP,42285.8
41,3600,MILP,18090.9
41,3900,stdDP,454623
41,3900,parDP,199833
41,3900,extDP,40881.2
41,3900,MILP,17267.3
41,4200,stdDP,466915
41,4200,parDP,210348
41,4200,extDP,40211.5
41,4200,MILP,18517.1
41,4500,stdDP,452965
41,4500,parDP,199849
41,4500,extDP,42170.1
41,4500,MILP,18522.1
41,4800,stdDP,451178
41,4800,parDP,199894
41,4800,extDP,42169
41,4800,MILP,18986.4
41,5100,stdDP,448258
41,5100,parDP,217123
41,5100,extDP,42860.9
41,5100,MILP,18343.6
41,5400,stdDP,449742
41,5400,parDP,202361
41,5400,extDP,42112.2
41,5400,MILP,18755.3
41,5700,stdDP,449185
41,5700,parDP,203481
41,5700,extDP,42070.1
41,5700,MILP,18527
41,600,stdDP,455443
41,600,parDP,203028
41,600,extDP,42765.7
41,600,MILP,18971.4
41,6000,stdDP,468342
41,6000,parDP,200625
41,6000,extDP,40431.4
41,6000,MILP,17795
41,6300,stdDP,449491
41,6300,parDP,199899
41,6300,extDP,41421.1
41,6300,MILP,19101.5
41,6600,stdDP,451723
41,6600,parDP,199494
41,6600,extDP,41931.9
41,6600,MILP,18452.7
41,6900,stdDP,447900
41,6900,parDP,229729
41,6900,extDP,43095.9
41,6900,MILP,18257.9
41,7200,stdDP,454652
41,7200,parDP,201244
41,7200,extDP,42286.9
41,7200,MILP,18974.9
41,7500,stdDP,451522
41,7500,parDP,201410
41,7500,extDP,41980.8
41,7500,MILP,18420.2
41,7800,stdDP,454421
41,7800,parDP,201136
41,7800,extDP,41243.9
41,7800,MILP,17876.4
41,8100,stdDP,461843
41,8100,parDP,201243
41,8100,extDP,42056
41,8100,MILP,17967.4
41,8400,stdDP,443546
41,8400,parDP,199571
41,8400,extDP,41666.3
41,8400,MILP,18508.5
41,8700,stdDP,448734
41,8700,parDP,200669
41,8700,extDP,39638
41,8700,MILP,18085.8
41,900,stdDP,447200
41,900,parDP,218503
41,900,extDP,42592.4
41,900,MILP,19016.3
41,9000,stdDP,449220
41,9000,parDP,206347
41,9000,extDP,41761.9
41,9000,MILP,18758.2
41,9300,stdDP,447828
41,9300,parDP,204840
41,9300,extDP,43318.9
41,9300,MILP,18598.2
41,9600,stdDP,449217
41,9600,parDP,201526
41,9600,extDP,42643.3
41,9600,MILP,18652.7
41,9900,stdDP,463806
41,9900,parDP,201638
41,9900,extDP,41153.7
41,9900,MILP,18084.6
42,1200,stdDP,319664
42,1200,parDP,165518
42,1200,extDP,6474.27
42,1200,MILP,11662.3
42,1500,stdDP,321985
42,1500,parDP,163564
42,1500,extDP,6659.04
42,1500,MILP,11889.5
42,1800,stdDP,319718
42,1800,parDP,163882
42,1800,extDP,6797.3
42,1800,MILP,11508.8
42,2100,stdDP,320215
42,2100,parDP,169433
42,2100,extDP,7810.37
42,2100,MILP,12429.2
42,2400,stdDP,331423
42,2400,parDP,163330
42,2400,extDP,6899.08
42,2400,MILP,11654.5
42,2700,stdDP,322516
42,2700,parDP,167488
42,2700,extDP,6654.56
42,2700,MILP,11832.4
42,300,stdDP,320048
42,300,parDP,162482
42,300,extDP,6500.49
42,300,MILP,11628.4
42,3000,stdDP,321235
42,3000,parDP,163706
42,3000,extDP,6998.51
42,3000,MILP,11314.6
42,3300,stdDP,319780
42,3300,parDP,174917
42,3300,extDP,7730.92
42,3300,MILP,12230.9
42,3600,stdDP,323024
42,3600,parDP,163789
42,3600,extDP,7337.13
42,3600,MILP,12542.5
42,3900,stdDP,319233
42,3900,parDP,163133
42,3900,extDP,7392.4
42,3900,MILP,14136.9
42,4200,stdDP,321554
42,4200,parDP,163529
42,4200,extDP,7214.76
42,4200,MILP,12576
42,4500,stdDP,320518
42,4500,parDP,164946
42,4500,extDP,7752.44
42,4500,MILP,12906
42,4800,stdDP,326629
42,4800,parDP,182473
42,4800,extDP,6899.66
42,4800,MILP,13666.1
42,5100,stdDP,321155
42,5100,parDP,167451
42,5100,extDP,6640.05
42,5100,MILP,12428.3
42,5400,stdDP,323896
42,5400,parDP,165177
42,5400,extDP,6702.2
42,5400,MILP,13140.8
42,5700,stdDP,319807
42,5700,parDP,166070
42,5700,extDP,6596.01
42,5700,MILP,11723.2
42,600,stdDP,320410
42,600,parDP,163455
42,600,extDP,7300.84
42,600,MILP,11761.1
42,6000,stdDP,335688
42,6000,parDP,173747
42,6000,extDP,7337.49
42,6000,MILP,13193.2
42,6300,stdDP,320026
42,6300,parDP,170928
42,6300,extDP,6357.34
42,6300,MILP,11623.1
42,6600,stdDP,320782
42,6600,parDP,163268
42,6600,extDP,6588.98
42,6600,MILP,11809.9
42,6900,stdDP,325260
42,6900,parDP,173224
42,6900,extDP,6940.11
42,6900,MILP,11540.6
42,7200,stdDP,320770
42,7200,parDP,165646
42,7200,extDP,6913.31
42,7200,MILP,13143.1
42,7500,stdDP,330303
42,7500,parDP,167123
42,7500,extDP,6472.85
42,7500,MILP,11664
42,7800,stdDP,320899
42,7800,parDP,164045
42,7800,extDP,6712.68
42,7800,MILP,11668
42,8100,stdDP,320083
42,8100,parDP,163225
42,8100,extDP,6453.62
42,8100,MILP,11872.5
42,8400,stdDP,320686
42,8400,parDP,163528
42,8400,extDP,6909.78
42,8400,MILP,11709.1
42,8700,stdDP,319903
42,8700,parDP,163977
42,8700,extDP,7224.39
42,8700,MILP,12062.1
42,900,stdDP,330233
42,900,parDP,164319
42,900,extDP,7051.6
42,900,MILP,11754.8
42,9000,stdDP,322626
42,9000,parDP,170825
42,9000,extDP,7217.65
42,9000,MILP,11603.5
42,9300,stdDP,321879
42,9300,parDP,165097
42,9300,extDP,7278.38
42,9300,MILP,12569.1
42,9600,stdDP,322121
42,9600,parDP,164376
42,9600,extDP,7325.76
42,9600,MILP,12962.9
42,9900,stdDP,323151
42,9900,parDP,167783
42,9900,extDP,7773.04
42,9900,MILP,13312.6
43,1200,stdDP,368659
43,1200,parDP,174541
43,1200,extDP,28445.4
43,1200,MILP,17346.6
43,1500,stdDP,369052
43,1500,parDP,176060
43,1500,extDP,27929.5
43,1500,MILP,16575.1
43,1800,stdDP,368794
43,1800,parDP,177603
43,1800,extDP,27772.6
43,1800,MILP,16160.5
43,2100,stdDP,367327
43,2100,parDP,176588
43,2100,extDP,29006.7
43,2100,MILP,16612.6
43,2400,stdDP,380418
43,2400,parDP,174311
43,2400,extDP,28418.7
43,2400,MILP,16532
43,2700,stdDP,369559
43,2700,parDP,178033
43,2700,extDP,27883.4
43,2700,MILP,16888.9
43,300,stdDP,365403
43,300,parDP,178104
43,300,extDP,31147.7
43,300,MILP,21318.5
43,3000,stdDP,363792
43,3000,parDP,174859
43,3000,extDP,30228.2
43,3000,MILP,17247.6
43,3300,stdDP,378094
43,3300,parDP,177064
43,3300,extDP,27998.8
43,3300,MILP,16641.2
43,3600,stdDP,367003
43,3600,parDP,174915
43,3600,extDP,28881.7
43,3600,MILP,17444.8
43,3900,stdDP,367634
43,3900,parDP,179723
43,3900,extDP,27341.7
43,3900,MILP,16343.1
43,4200,stdDP,366880
43,4200,parDP,174363
43,4200,extDP,28096
43,4200,MILP,16876.1
43,4500,stdDP,381733
43,4500,parDP,188275
43,4500,extDP,28086.5
43,4500,MILP,16463.1
43,4800,stdDP,365675
43,4800,parDP,187266
43,4800,extDP,28193.5
43,4800,MILP,16578.7
43,5100,stdDP,368651
43,5100,parDP,176737
43,5100,extDP,29634.2
43,5100,MILP,20403.8
43,5400,stdDP,382539
43,5400,parDP,182001
43,5400,extDP,28085.5
43,5400,MILP,19307.3
43,5700,stdDP,403968
43,5700,parDP,187673
43,5700,extDP,31564.7
43,5700,MILP,17372
43,600,stdDP,411503
43,600,parDP,188375
43,600,extDP,28926.1
43,600,MILP,16731.4
43,6000,stdDP,414103
43,6000,parDP,525262
43,6000,extDP,67676.8
43,6000,MILP,37371.9
43,6300,stdDP,775834
43,6300,parDP,511135
43,6300,extDP,49201.3
43,6300,MILP,28381.2
43,6600,stdDP,815563
43,6600,parDP,362697
43,6600,extDP,61173
43,6600,MILP,31580.4
43,6900,stdDP,407144
43,6900,parDP,225015
43,6900,extDP,32345.2
43,6900,MILP,20034.1
43,7200,stdDP,413788
43,7200,parDP,221549
43,7200,extDP,32039.7
43,7200,MILP,17067.9
43,7500,stdDP,460095
43,7500,parDP,249567
43,7500,extDP,32906.8
43,7500,MILP,23729.3
43,7800,stdDP,401384
43,7800,parDP,213100
43,7800,extDP,30059.8
43,7800,MILP,18270.7
43,8100,stdDP,428171
43,8100,parDP,204648
43,8100,extDP,31070.7
43,8100,MILP,18721.5
43,8400,stdDP,418082
43,8400,parDP,221659
43,8400,extDP,34860
43,8400,MILP,20599
43,8700,stdDP,403432
43,8700,parDP,209500
43,8700,extDP,31345
43,8700,MILP,17254.4
43,900,stdDP,422433
43,900,parDP,319739
43,900,extDP,43789
43,900,MILP,23939.1
43,9000,stdDP,449143
43,9000,parDP,312637
43,9000,extDP,73506.2
43,9000,MILP,25457.6
43,9300,stdDP,653605
43,9300,parDP,280094
43,9300,extDP,41168.3
43,9300,MILP,33087.9
43,9600,stdDP,525972
43,9600,parDP,234788
43,9600,extDP,45419.7
43,9600,MILP,26882.4
43,9900,stdDP,402395
43,9900,parDP,337011
43,9900,extDP,46344.5
43,9900,MILP,22476.2
44,1200,stdDP,778704
44,1200,parDP,407050
44,1200,extDP,51531.3
44,1200,MILP,70454.7
44,1500,stdDP,533675
44,1500,parDP,293268
44,1500,extDP,39779.5
44,1500,MILP,23860.1
44,1800,stdDP,433786
44,1800,parDP,251738
44,1800,extDP,31589.9
44,1800,MILP,18213.5
44,2100,stdDP,462036
44,2100,parDP,241659
44,2100,extDP,29250.4
44,2100,MILP,20378
44,2400,stdDP,488313
44,2400,parDP,231480
44,2400,extDP,31800.9
44,2400,MILP,21787.9
44,2700,stdDP,439463
44,2700,parDP,211833
44,2700,extDP,34831.7
44,2700,MILP,21247.8
44,300,stdDP,439329
44,300,parDP,208308
44,300,extDP,34500.2
44,300,MILP,20126
44,3000,stdDP,819328
44,3000,parDP,465476
44,3000,extDP,45840.3
44,3000,MILP,27339.6
44,3300,stdDP,688982
44,3300,parDP,551753
44,3300,extDP,58643.8
44,3300,MILP,29491.7
44,3600,stdDP,958546
44,3600,parDP,331706
44,3600,extDP,47165.5
44,3600,MILP,29437.5
44,3900,stdDP,768119
44,3900,parDP,344084
44,3900,extDP,54551.6
44,3900,MILP,30947.1
44,4200,stdDP,698180
44,4200,parDP,337672
44,4200,extDP,53589.1
44,4200,MILP,29106.2
44,4500,stdDP,795769
44,4500,parDP,389329
44,4500,extDP,73690.1
44,4500,MILP,31322.7
44,4800,stdDP,924850
44,4800,parDP,436447
44,4800,extDP,57897.5
44,4800,MILP,34488.6
44,5100,stdDP,885583
44,5100,parDP,433391
44,5100,extDP,50322.3
44,5100,MILP,32827.5
44,5400,stdDP,746377
44,5400,parDP,271310
44,5400,extDP,46961.2
44,5400,MILP,18506.6
44,5700,stdDP,503033
44,5700,parDP,256514
44,5700,extDP,36337.9
44,5700,MILP,19466.2
44,600,stdDP,452969
44,600,parDP,259433
44,600,extDP,34210.2
44,600,MILP,22626.5
44,6000,stdDP,451335
44,6000,parDP,228961
44,6000,extDP,31882.3
44,6000,MILP,18082.4
44,6300,stdDP,426720
44,6300,parDP,244054
44,6300,extDP,30818.4
44,6300,MILP,18103.6
44,6600,stdDP,427676
44,6600,parDP,230742
44,6600,extDP,33758
44,6600,MILP,18413
44,6900,stdDP,450887
44,6900,parDP,209117
44,6900,extDP,34433.1
44,6900,MILP,17860.2
44,7200,stdDP,418185
44,7200,parDP,228856
44,7200,extDP,28996.6
44,7200,MILP,17497
44,7500,stdDP,387459
44,7500,parDP,193288
44,7500,extDP,29917.5
44,7500,MILP,17462.6
44,7800,stdDP,395606
44,7800,parDP,199194
44,7800,extDP,29945.6
44,7800,MILP,17023.4
44,8100,stdDP,400247
44,8100,parDP,245385
44,8100,extDP,29498.7
44,8100,MILP,17250.6
44,8400,stdDP,386084
44,8400,parDP,204270
44,8400,extDP,30682.2
44,8400,MILP,19046
44,8700,stdDP,425501
44,8700,parDP,226114
44,8700,extDP,28628.8
44,8700,MILP,17699
44,900,stdDP,427460
44,900,parDP,201616
44,900,extDP,31869.2
44,900,MILP,19800.5
44,9000,stdDP,421288
44,9000,parDP,213261
44,9000,extDP,28744.9
44,9000,MILP,17459.2
44,9300,stdDP,417744
44,9300,parDP,213632
44,9300,extDP,29464.4
44,9300,MILP,16720.8
44,9600,stdDP,420105
44,9600,parDP,201461
44,9600,extDP,29021
44,9600,MILP,17883.8
44,9900,stdDP,420762
44,9900,parDP,197058
44,9900,extDP,28949
44,9900,MILP,17676.6
45,1200,stdDP,346773
45,1200,parDP,171725
45,1200,extDP,16129.5
45,1200,MILP,14054.3
45,1500,stdDP,334392
45,1500,parDP,178006
45,1500,extDP,16231.5
45,1500,MILP,13989
45,1800,stdDP,348227
45,1800,parDP,184440
45,1800,extDP,17641.6
45,1800,MILP,15170.7
45,2100,stdDP,342985
45,2100,parDP,186586
45,2100,extDP,16472.6
45,2100,MILP,13328.9
45,2400,stdDP,346149
45,2400,parDP,188230
45,2400,extDP,16086.5
45,2400,MILP,14067.2
45,2700,stdDP,342123
45,2700,parDP,180844
45,2700,extDP,15546.7
45,2700,MILP,13690.6
45,300,stdDP,344171
45,300,parDP,182902
45,300,extDP,15586.1
45,300,MILP,13745.9
45,3000,stdDP,341427
45,3000,parDP,182864
45,3000,extDP,15581.8
45,3000,MILP,14239.9
45,3300,stdDP,336139
45,3300,parDP,184428
45,3300,extDP,15461.8
45,3300,MILP,13739
45,3600,stdDP,335828
45,3600,parDP,210894
45,3600,extDP,19240.1
45,3600,MILP,13992.9
45,3900,stdDP,346091
45,3900,parDP,179497
45,3900,extDP,16014.2
45,3900,MILP,14394.8
45,4200,stdDP,332759
45,4200,parDP,189825
45,4200,extDP,15155.9
45,4200,MILP,14396
45,4500,stdDP,342506
45,4500,parDP,193500
45,4500,extDP,15800.7
45,4500,MILP,13912.3
45,4800,stdDP,360455
45,4800,parDP,189742
45,4800,extDP,15771.7
45,4800,MILP,14581.5
45,5100,stdDP,348498
45,5100,parDP,195448
45,5100,extDP,15986.9
45,5100,MILP,15282.4
45,5400,stdDP,367673
45,5400,parDP,177900
45,5400,extDP,17138.8
45,5400,MILP,14520.2
45,5700,stdDP,370700
45,5700,parDP,177967
45,5700,extDP,16728.8
45,5700,MILP,13356.1
45,600,stdDP,357684
45,600,parDP,193192
45,600,extDP,15873.8
45,600,MILP,14502.5
45,6000,stdDP,356599
45,6000,parDP,179520
45,6000,extDP,15668.3
45,6000,MILP,14323.2
45,6300,stdDP,363208
45,6300,parDP,181383
45,6300,extDP,15403.9
45,6300,MILP,14547.7
45,6600,stdDP,347723
45,6600,parDP,198173
45,6600,extDP,15530.8
45,6600,MILP,14055.9
45,6900,stdDP,351616
45,6900,parDP,187012
45,6900,extDP,17329.2
45,6900,MILP,15509.1
45,7200,stdDP,359016
45,7200,parDP,172239
45,7200,extDP,16136
45,7200,MILP,14108.7
45,7500,stdDP,342626
45,7500,parDP,182792
45,7500,extDP,16011.5
45,7500,MILP,15107.3
45,7800,stdDP,341328
45,7800,parDP,189230
45,7800,extDP,16359.7
45,7800,MILP,13895.7
45,8100,stdDP,354645
45,8100,parDP,229607
45,8100,extDP,17778.8
45,8100,MILP,13464.6
45,8400,stdDP,371928
45,8400,parDP,192519
45,8400,extDP,16137.6
45,8400,MILP,14111.4
45,8700,stdDP,371652
45,8700,parDP,180721
45,8700,extDP,15817.7
45,8700,MILP,14685.7
45,900,stdDP,367563
45,900,parDP,182310
45,900,extDP,15990.1
45,900,MILP,14397.1
45,9000,stdDP,339391
45,9000,parDP,182791
45,9000,extDP,16066.8
45,9000,MILP,14106.3
45,9300,stdDP,359683
45,9300,parDP,187944
45,9300,extDP,15585.5
45,9300,MILP,15576.3
45,9600,stdDP,371269
45,9600,parDP,177872
45,9600,extDP,16339.5
45,9600,MILP,14048.4
45,9900,stdDP,361116
45,9900,parDP,175099
45,9900,extDP,15470
45,9900,MILP,14321.5
46,1200,stdDP,320972
46,1200,parDP,179604
46,1200,extDP,7022.97
46,1200,MILP,12332.3
46,1500,stdDP,336564
46,1500,parDP,193588
46,1500,extDP,6685.41
46,1500,MILP,15131.9
46,1800,stdDP,344512
46,1800,parDP,187409
46,1800,extDP,7660.35
46,1800,MILP,12479.5
46,2100,stdDP,321643
46,2100,parDP,171913
46,2100,extDP,7225.54
46,2100,MILP,13878.4
46,2400,stdDP,305849
46,2400,parDP,181299
46,2400,extDP,7421.98
46,2400,MILP,11555.1
46,2700,stdDP,301930
46,2700,parDP,171181
46,2700,extDP,7065.1
46,2700,MILP,11735.6
46,300,stdDP,307672
46,300,parDP,182254
46,300,extDP,7592.14
46,300,MILP,12209.4
46,3000,stdDP,304481
46,3000,parDP,166813
46,3000,extDP,7199.03
46,3000,MILP,11950.8
46,3300,stdDP,300202
46,3300,parDP,172833
46,3300,extDP,7434.35
46,3300,MILP,12219.5
46,3600,stdDP,306173
46,3600,parDP,176774
46,3600,extDP,7017.79
46,3600,MILP,12040.1
46,3900,stdDP,304621
46,3900,parDP,173634
46,3900,extDP,10796.8
46,3900,MILP,11655.3
46,4200,stdDP,309894
46,4200,parDP,201773
46,4200,extDP,6801.34
46,4200,MILP,12574.2
46,4500,stdDP,305442
46,4500,parDP,171056
46,4500,extDP,7050.68
46,4500,MILP,12475.7
46,4800,stdDP,302679
46,4800,parDP,167420
46,4800,extDP,7041.48
46,4800,MILP,12075
46,5100,stdDP,307712
46,5100,parDP,178139
46,5100,extDP,6957.85
46,5100,MILP,11659.6
46,5400,stdDP,312421
46,5400,parDP,177581
46,5400,extDP,6894.51
46,5400,MILP,12152
46,5700,stdDP,300570
46,5700,parDP,180422
46,5700,extDP,7699.77
46,5700,MILP,11647.6
46,600,stdDP,309516
46,600,parDP,175439
46,600,extDP,6928.48
46,600,MILP,11892.2
46,6000,stdDP,338867
46,6000,parDP,177226
46,6000,extDP,7012.41
46,6000,MILP,11975
46,6300,stdDP,341469
46,6300,parDP,169571
46,6300,extDP,7279.32
46,6300,MILP,11831.4
46,6600,stdDP,339912
46,6600,parDP,168998
46,6600,extDP,6932.82
46,6600,MILP,11769.7
46,6900,stdDP,339883
46,6900,parDP,184816
46,6900,extDP,7192.34
46,6900,MILP,11677.8
46,7200,stdDP,326157
46,7200,parDP,186845
46,7200,extDP,7515.89
46,7200,MILP,11947.8
46,7500,stdDP,346031
46,7500,parDP,168018
46,7500,extDP,10835
46,7500,MILP,11564.6
46,7800,stdDP,326671
46,7800,parDP,160871
46,7800,extDP,7497.18
46,7800,MILP,11505.2
46,8100,stdDP,310451
46,8100,parDP,160946
46,8100,extDP,7147.6
46,8100,MILP,11866.2
46,8400,stdDP,311817
46,8400,parDP,167384
46,8400,extDP,6850.99
46,8400,MILP,11905.8
46,8700,stdDP,337458
46,8700,parDP,174303
46,8700,extDP,6842.48
46,8700,MILP,11851.2
46,900,stdDP,305555
46,900,parDP,169024
46,900,extDP,6746.4
46,900,MILP,12283.9
46,9000,stdDP,304135
46,9000,parDP,179798
46,9000,extDP,7134.29
46,9000,MILP,11784.1
46,9300,stdDP,304771
46,9300,parDP,161644
46,9300,extDP,7015.01
46,9300,MILP,12906.5
46,9600,stdDP,299580
46,9600,parDP,163472
46,9600,extDP,6960.8
46,9600,MILP,12168.1
46,9900,stdDP,304900
46,9900,parDP,170628
46,9900,extDP,7099
46,9900,MILP,11726.7
47,1200,stdDP,289453
47,1200,parDP,170233
47,1200,extDP,2498.11
47,1200,MILP,11904.8
47,1500,stdDP,304812
47,1500,parDP,157131
47,1500,extDP,2848.1
47,1500,MILP,10163.1
47,1800,stdDP,285624
47,1800,parDP,164230
47,1800,extDP,3017.93
47,1800,MILP,11401.9
47,2100,stdDP,291027
47,2100,parDP,163678
47,2100,extDP,2593.16
47,2100,MILP,10944.7
47,2400,stdDP,294233
47,2400,parDP,169472
47,2400,extDP,3289.55
47,2400,MILP,9959.61
47,2700,stdDP,322618
47,2700,parDP,159649
47,2700,extDP,2624.74
47,2700,MILP,10330.3
47,300,stdDP,320425
47,300,parDP,153887
47,300,extDP,2286.02
47,300,MILP,11168.9
47,3000,stdDP,292585
47,3000,parDP,158812
47,3000,extDP,2441.51
47,3000,MILP,11213.1
47,3300,stdDP,323558
47,3300,parDP,162995
47,3300,extDP,2217.1
47,3300,MILP,13321.3
47,3600,stdDP,324208
47,3600,parDP,166805
47,3600,extDP,2382.66
47,3600,MILP,10318.1
47,3900,stdDP,294106
47,3900,parDP,156710
47,3900,extDP,2382.56
47,3900,MILP,10151.7
47,4200,stdDP,322945
47,4200,parDP,159203
47,4200,extDP,2393.9
47,4200,MILP,10071.3
47,4500,stdDP,286706
47,4500,parDP,182015
47,4500,extDP,2400.08
47,4500,MILP,11033.9
47,4800,stdDP,288918
47,4800,parDP,160396
47,4800,extDP,2340.39
47,4800,MILP,10307.4
47,5100,stdDP,288010
47,5100,parDP,158001
47,5100,extDP,2295.07
47,5100,MILP,10138.2
47,5400,stdDP,284544
47,5400,parDP,160141
47,5400,extDP,2231.32
47,5400,MILP,10026.2
47,5700,stdDP,283675
47,5700,parDP,160763
47,5700,extDP,6803.31
47,5700,MILP,10085
47,600,stdDP,286085
47,600,parDP,153946
47,600,extDP,3603.02
47,600,MILP,9977.11
47,6000,stdDP,289111
47,6000,parDP,161498
47,6000,extDP,2452.51
47,6000,MILP,9936.04
47,6300,stdDP,289812
47,6300,parDP,169632
47,6300,extDP,2828.46
47,6300,MILP,10565.9
47,6600,stdDP,281363
47,6600,parDP,172201
47,6600,extDP,2625.21
47,6600,MILP,10330.6
47,6900,stdDP,288888
47,6900,parDP,157371
47,6900,extDP,2516.27
47,6900,MILP,10120.1
47,7200,stdDP,289888
47,7200,parDP,163944
47,7200,extDP,3086.33
47,7200,MILP,11844.8
47,7500,stdDP,290444
47,7500,parDP,163163
47,7500,extDP,2256.03
47,7500,MILP,10509
47,7800,stdDP,281166
47,7800,parDP,160143
47,7800,extDP,2323.18
47,7800,MILP,10075.5
47,8100,stdDP,285603
47,8100,parDP,155399
47,8100,extDP,2513.01
47,8100,MILP,10153.5
47,8400,stdDP,293231
47,8400,parDP,164065
47,8400,extDP,2373.28
47,8400,MILP,10296.3
47,8700,stdDP,364164
47,8700,parDP,155547
47,8700,extDP,3603.34
47,8700,MILP,10164
47,900,stdDP,289943
47,900,parDP,159048
47,900,extDP,3582.66
47,900,MILP,10253.9
47,9000,stdDP,285975
47,9000,parDP,161906
47,9000,extDP,2386
47,9000,MILP,9938.6
47,9300,stdDP,322290
47,9300,parDP,174275
47,9300,extDP,5514.57
47,9300,MILP,10391.4
47,9600,stdDP,322554
47,9600,parDP,157311
47,9600,extDP,2495.53
47,9600,MILP,10482.5
47,9900,stdDP,292309
47,9900,parDP,162138
47,9900,extDP,2372.72
47,9900,MILP,10109.7
48,1200,stdDP,375644
48,1200,parDP,177188
48,1200,extDP,15635.3
48,1200,MILP,14626.6
48,1500,stdDP,364261
48,1500,parDP,192674
48,1500,extDP,16553.6
48,1500,MILP,16645.8
48,1800,stdDP,374643
48,1800,parDP,188526
48,1800,extDP,15138
48,1800,MILP,14628.4
48,2100,stdDP,343872
48,2100,parDP,200986
48,2100,extDP,16263.6
48,2100,MILP,14260.5
48,2400,stdDP,330500
48,2400,parDP,190208
48,2400,extDP,16665.2
48,2400,MILP,13859.5
48,2700,stdDP,333427
48,2700,parDP,190468
48,2700,extDP,16088.9
48,2700,MILP,14207.3
48,300,stdDP,336038
48,300,parDP,191659
48,300,extDP,15127.6
48,300,MILP,14258.3
48,3000,stdDP,335242
48,3000,parDP,192620
48,3000,extDP,16046.9
48,3000,MILP,14296.4
48,3300,stdDP,332334
48,3300,parDP,173356
48,3300,extDP,15162.2
48,3300,MILP,14991.5
48,3600,stdDP,338639
48,3600,parDP,185777
48,3600,extDP,15636.2
48,3600,MILP,14093.1
48,3900,stdDP,336394
48,3900,parDP,177409
48,3900,extDP,16067.9
48,3900,MILP,14202.7
48,4200,stdDP,334831
48,4200,parDP,179735
48,4200,extDP,15187
48,4200,MILP,15094.2
48,4500,stdDP,342986
48,4500,parDP,188828
48,4500,extDP,15833.5
48,4500,MILP,14177.7
48,4800,stdDP,335217
48,4800,parDP,172972
48,4800,extDP,15663.5
48,4800,MILP,17905.3
48,5100,stdDP,340897
48,5100,parDP,184695
48,5100,extDP,15697.4
48,5100,MILP,15074.4
48,5400,stdDP,334687
48,5400,parDP,178639
48,5400,extDP,15355.4
48,5400,MILP,13780.7
48,5700,stdDP,371105
48,5700,parDP,190899
48,5700,extDP,15851.4
48,5700,MILP,15783.2
48,600,stdDP,332961
48,600,parDP,182767
48,600,extDP,15357.4
48,600,MILP,14637.2
48,6000,stdDP,385273
48,6000,parDP,189558
48,6000,extDP,16790.9
48,6000,MILP,14509.1
48,6300,stdDP,369614
48,6300,parDP,177231
48,6300,extDP,15619.3
48,6300,MILP,14074.2
48,6600,stdDP,370251
48,6600,parDP,172692
48,6600,extDP,15778.7
48,6600,MILP,14055.9
48,6900,stdDP,378865
48,6900,parDP,193962
48,6900,extDP,17106.7
48,6900,MILP,14996.8
48,7200,stdDP,365764
48,7200,parDP,185947
48,7200,extDP,15860.6
48,7200,MILP,14058.5
48,7500,stdDP,374811
48,7500,parDP,188748
48,7500,extDP,18826.1
48,7500,MILP,13940.3
48,7800,stdDP,364675
48,7800,parDP,176854
48,7800,extDP,16831.3
48,7800,MILP,13982.6
48,8100,stdDP,368985
48,8100,parDP,175086
48,8100,extDP,16075.1
48,8100,MILP,14169.3
48,8400,stdDP,358094
48,8400,parDP,181953
48,8400,extDP,16165.5
48,8400,MILP,14483.2
48,8700,stdDP,342753
48,8700,parDP,179696
48,8700,extDP,14954
48,8700,MILP,14185.1
48,900,stdDP,361441
48,900,parDP,189939
48,900,extDP,16425
48,900,MILP,13890.2
48,9000,stdDP,353129
48,9000,parDP,249129
48,9000,extDP,15679.6
48,9000,MILP,14765.3
48,9300,stdDP,369996
48,9300,parDP,185259
48,9300,extDP,19930.7
48,9300,MILP,14501.5
48,9600,stdDP,337651
48,9600,parDP,189160
48,9600,extDP,16409.6
48,9600,MILP,13955.8
48,9900,stdDP,351613
48,9900,parDP,189432
48,9900,extDP,16493.2
48,9900,MILP,13782.6
49,1200,stdDP,316122
49,1200,parDP,176068
49,1200,extDP,7156.62
49,1200,MILP,12509.1
49,1500,stdDP,356212
49,1500,parDP,172887
49,1500,extDP,7165.27
49,1500,MILP,12115.5
49,1800,stdDP,352505
49,1800,parDP,175100
49,1800,extDP,7360.06
49,1800,MILP,11704.4
49,2100,stdDP,352530
49,2100,parDP,174244
49,2100,extDP,7848.83
49,2100,MILP,11466.4
49,2400,stdDP,334208
49,2400,parDP,185762
49,2400,extDP,8284.27
49,2400,MILP,11717.3
49,2700,stdDP,337848
49,2700,parDP,173413
49,2700,extDP,7315.95
49,2700,MILP,12186
49,300,stdDP,335971
49,300,parDP,181261
49,300,extDP,7061.64
49,300,MILP,12006.4
49,3000,stdDP,344860
49,3000,parDP,183340
49,3000,extDP,6950.43
49,3000,MILP,11776.9
49,3300,stdDP,319298
49,3300,parDP,177250
49,3300,extDP,7240.42
49,3300,MILP,12025.1
49,3600,stdDP,321492
49,3600,parDP,172859
49,3600,extDP,7122.5
49,3600,MILP,11867
49,3900,stdDP,318922
49,3900,parDP,173268
49,3900,extDP,7148.55
49,3900,MILP,12047.6
49,4200,stdDP,322842
49,4200,parDP,172392
49,4200,extDP,7133.02
49,4200,MILP,11842.6
49,4500,stdDP,317913
49,4500,parDP,174939
49,4500,extDP,7242.98
49,4500,MILP,12058.6
49,4800,stdDP,322643
49,4800,parDP,176266
49,4800,extDP,6976.72
49,4800,MILP,11342.2
49,5100,stdDP,322301
49,5100,parDP,168345
49,5100,extDP,11461.1
49,5100,MILP,11890.2
49,5400,stdDP,324736
49,5400,parDP,206803
49,5400,extDP,7145.21
49,5400,MILP,11631.1
49,5700,stdDP,318540
49,5700,parDP,182526
49,5700,extDP,7040.01
49,5700,MILP,11762.2
49,600,stdDP,329442
49,600,parDP,204396
49,600,extDP,7168.17
49,600,MILP,12471.8
49,6000,stdDP,333347
49,6000,parDP,176735
49,6000,extDP,7241.53
49,6000,MILP,12290.6
49,6300,stdDP,332980
49,6300,parDP,191414
49,6300,extDP,7096.66
49,6300,MILP,11767.6
49,6600,stdDP,335452
49,6600,parDP,179226
49,6600,extDP,6747.03
49,6600,MILP,12023.6
49,6900,stdDP,362552
49,6900,parDP,174180
49,6900,extDP,10963.5
49,6900,MILP,12169.3
49,7200,stdDP,343091
49,7200,parDP,185792
49,7200,extDP,7703.9
49,7200,MILP,13283.6
49,7500,stdDP,331944
49,7500,parDP,176113
49,7500,extDP,13108.7
49,7500,MILP,11519.3
49,7800,stdDP,343364
49,7800,parDP,181456
49,7800,extDP,8189.47
49,7800,MILP,12550.2
49,8100,stdDP,344330
49,8100,parDP,191401
49,8100,extDP,7151.12
49,8100,MILP,14271.5
49,8400,stdDP,357527
49,8400,parDP,188583
49,8400,extDP,8519.55
49,8400,MILP,12682.7
49,8700,stdDP,341923
49,8700,parDP,247117
49,8700,extDP,15201.4
49,8700,MILP,12807.2
49,900,stdDP,354471
49,900,parDP,250204
49,900,extDP,7519.97
49,900,MILP,12208.9
49,9000,stdDP,401306
49,9000,parDP,225738
49,9000,extDP,8946.13
49,9000,MILP,14104.4
49,9300,stdDP,350014
49,9300,parDP,205129
49,9300,extDP,7277.92
49,9300,MILP,15547
49,9600,stdDP,354887
49,9600,parDP,192478
49,9600,extDP,8142.87
49,9600,MILP,13645.6
49,9900,stdDP,353900
49,9900,parDP,201677
49,9900,extDP,8449.43
49,9900,MILP,12957.1
5,1200,stdDP,352494
5,1200,parDP,187454
5,1200,extDP,7019.93
5,1200,MILP,14729.3
5,1500,stdDP,348995
5,1500,parDP,183593
5,1500,extDP,6428.8
5,1500,MILP,12610.8
5,1800,stdDP,369609
5,1800,parDP,180839
5,1800,extDP,11838.3
5,1800,MILP,14962.9
5,2100,stdDP,346839
5,2100,parDP,194477
5,2100,extDP,7405.54
5,2100,MILP,13822.5
5,2400,stdDP,482028
5,2400,parDP,199621
5,2400,extDP,7244.81
5,2400,MILP,12074.9
5,2700,stdDP,343154
5,2700,parDP,191245
5,2700,extDP,6120.6
5,2700,MILP,11391
5,300,stdDP,330985
5,300,parDP,194624
5,300,extDP,10371.5
5,300,MILP,19742.4
5,3000,stdDP,333003
5,3000,parDP,166289
5,3000,extDP,6837.16
5,3000,MILP,12187.8
5,3300,stdDP,418745
5,3300,parDP,172481
5,3300,extDP,6229.39
5,3300,MILP,12737.1
5,3600,stdDP,339783
5,3600,parDP,170589
5,3600,extDP,7109.04
5,3600,MILP,12043
5,3900,stdDP,329899
5,3900,parDP,163749
5,3900,extDP,5627.43
5,3900,MILP,10979.2
5,4200,stdDP,326619
5,4200,parDP,175433
5,4200,extDP,6583.72
5,4200,MILP,11146.5
5,4500,stdDP,346713
5,4500,parDP,191779
5,4500,extDP,7264.4
5,4500,MILP,12082.4
5,4800,stdDP,336114
5,4800,parDP,169908
5,4800,extDP,6240.55
5,4800,MILP,11525.1
5,5100,stdDP,333918
5,5100,parDP,180369
5,5100,extDP,6340.34
5,5100,MILP,11583.5
5,5400,stdDP,323526
5,5400,parDP,171526
5,5400,extDP,6905.27
5,5400,MILP,11963.3
5,5700,stdDP,342357
5,5700,parDP,180706
5,5700,extDP,5997.23
5,5700,MILP,13102.5
5,600,stdDP,339814
5,600,parDP,174338
5,600,extDP,6463.52
5,600,MILP,11935.6
5,6000,stdDP,327810
5,6000,parDP,171251
5,6000,extDP,5799.58
5,6000,MILP,11572.5
5,6300,stdDP,328670
5,6300,parDP,174365
5,6300,extDP,6020.6
5,6300,MILP,13481.3
5,6600,stdDP,335987
5,6600,parDP,177330
5,6600,extDP,12508.2
5,6600,MILP,12748.9
5,6900,stdDP,328893
5,6900,parDP,187970
5,6900,extDP,8767.56
5,6900,MILP,16041.8
5,7200,stdDP,340404
5,7200,parDP,184214
5,7200,extDP,10589.1
5,7200,MILP,12811.2
5,7500,stdDP,346874
5,7500,parDP,174168
5,7500,extDP,6190.72
5,7500,MILP,12796.4
5,7800,stdDP,330166
5,7800,parDP,166082
5,7800,extDP,5626.3
5,7800,MILP,13770.2
5,8100,stdDP,364391
5,8100,parDP,187385
5,8100,extDP,7092.69
5,8100,MILP,12821
5,8400,stdDP,354717
5,8400,parDP,182396
5,8400,extDP,5940.1
5,8400,MILP,13928.7
5,8700,stdDP,355892
5,8700,parDP,186454
5,8700,extDP,9388.14
5,8700,MILP,14672.3
5,900,stdDP,501448
5,900,parDP,239256
5,900,extDP,7580.4
5,900,MILP,17196.6
5,9000,stdDP,595924
5,9000,parDP,524565
5,9000,extDP,17962.9
5,9000,MILP,22328.2
5,9300,stdDP,662814
5,9300,parDP,406516
5,9300,extDP,7835.6
5,9300,MILP,16489
5,9600,stdDP,456422
5,9600,parDP,232647
5,9600,extDP,11599.4
5,9600,MILP,21803.7
5,9900,stdDP,475707
5,9900,parDP,233061
5,9900,extDP,11091.5
5,9900,MILP,18012.6
6,1200,stdDP,396394
6,1200,parDP,229984
6,1200,extDP,28326.5
6,1200,MILP,21072.9
6,1500,stdDP,442299
6,1500,parDP,251606
6,1500,extDP,19845.7
6,1500,MILP,15981.7
6,1800,stdDP,372686
6,1800,parDP,213050
6,1800,extDP,23359.3
6,1800,MILP,15361.2
6,2100,stdDP,439232
6,2100,parDP,195539
6,2100,extDP,17324.4
6,2100,MILP,15312.9
6,2400,stdDP,364698
6,2400,parDP,240295
6,2400,extDP,20129.8
6,2400,MILP,17017.5
6,2700,stdDP,375527
6,2700,parDP,195870
6,2700,extDP,20382.9
6,2700,MILP,17417.9
6,300,stdDP,450848
6,300,parDP,267608
6,300,extDP,24733.3
6,300,MILP,15041.5
6,3000,stdDP,376023
6,3000,parDP,242557
6,3000,extDP,17273.5
6,3000,MILP,20255.9
6,3300,stdDP,431656
6,3300,parDP,267502
6,3300,extDP,26664.7
6,3300,MILP,23823.8
6,3600,stdDP,452004
6,3600,parDP,512210
6,3600,extDP,39200
6,3600,MILP,25113.4
6,3900,stdDP,597865
6,3900,parDP,337041
6,3900,extDP,29776.9
6,3900,MILP,26688.2
6,4200,stdDP,525723
6,4200,parDP,292758
6,4200,extDP,29091.7
6,4200,MILP,46982
6,4500,stdDP,683134
6,4500,parDP,319530
6,4500,extDP,28848.6
6,4500,MILP,20217
6,4800,stdDP,503748
6,4800,parDP,301771
6,4800,extDP,28100.1
6,4800,MILP,37001.9
6,5100,stdDP,549099
6,5100,parDP,266745
6,5100,extDP,28410.7
6,5100,MILP,25133.5
6,5400,stdDP,698737
6,5400,parDP,436411
6,5400,extDP,29998.1
6,5400,MILP,26808.4
6,5700,stdDP,774545
6,5700,parDP,464945
6,5700,extDP,34269.2
6,5700,MILP,27450.9
6,600,stdDP,559429
6,600,parDP,260518
6,600,extDP,21171.5
6,600,MILP,20655.4
6,6000,stdDP,644100
6,6000,parDP,340556
6,6000,extDP,29611.6
6,6000,MILP,24661.4
6,6300,stdDP,580837
6,6300,parDP,251142
6,6300,extDP,17666.6
6,6300,MILP,14445
6,6600,stdDP,462388
6,6600,parDP,246514
6,6600,extDP,23606.3
6,6600,MILP,27877.9
6,6900,stdDP,493403
6,6900,parDP,247349
6,6900,extDP,27866.6
6,6900,MILP,20750.4
6,7200,stdDP,600499
6,7200,parDP,277612
6,7200,extDP,24410.3
6,7200,MILP,16893.2
6,7500,stdDP,447082
6,7500,parDP,319620
6,7500,extDP,28203.4
6,7500,MILP,26707.1
6,7800,stdDP,588194
6,7800,parDP,271660
6,7800,extDP,27456.2
6,7800,MILP,24739.6
6,8100,stdDP,427700
6,8100,parDP,262148
6,8100,extDP,18792.4
6,8100,MILP,14493.7
6,8400,stdDP,492513
6,8400,parDP,215197
6,8400,extDP,18502.7
6,8400,MILP,15967.8
6,8700,stdDP,401923
6,8700,parDP,246968
6,8700,extDP,21845.6
6,8700,MILP,16520.6
6,900,stdDP,418010
6,900,parDP,208853
6,900,extDP,24926.3
6,900,MILP,14907
6,9000,stdDP,381021
6,9000,parDP,230135
6,9000,extDP,22168.9
6,9000,MILP,15021.2
6,9300,stdDP,458265
6,9300,parDP,217212
6,9300,extDP,34104.7
6,9300,MILP,18857.2
6,9600,stdDP,451673
6,9600,parDP,196652
6,9600,extDP,16263.6
6,9600,MILP,15120.9
6,9900,stdDP,359382
6,9900,parDP,218393
6,9900,extDP,17005.7
6,9900,MILP,13715.6
7,1200,stdDP,1.16481e+06
7,1200,parDP,393029
7,1200,extDP,73892.2
7,1200,MILP,25306.2
7,1500,stdDP,863852
7,1500,parDP,361929
7,1500,extDP,70361.6
7,1500,MILP,24223.5
7,1800,stdDP,791084
7,1800,parDP,362243
7,1800,extDP,77979.1
7,1800,MILP,25111.3
7,2100,stdDP,799935
7,2100,parDP,393879
7,2100,extDP,87354.7
7,2100,MILP,26671.6
7,2400,stdDP,832141
7,2400,parDP,363818
7,2400,extDP,68453.2
7,2400,MILP,25143.5
7,2700,stdDP,727944
7,2700,parDP,362587
7,2700,extDP,75577.6
7,2700,MILP,24875.8
7,300,stdDP,796714
7,300,parDP,503452
7,300,extDP,83366.2
7,300,MILP,23970.3
7,3000,stdDP,920594
7,3000,parDP,426898
7,3000,extDP,71917.7
7,3000,MILP,39150.4
7,3300,stdDP,772717
7,3300,parDP,331949
7,3300,extDP,68829.8
7,3300,MILP,25524.9
7,3600,stdDP,738291
7,3600,parDP,328420
7,3600,extDP,67124.3
7,3600,MILP,23149.2
7,3900,stdDP,753498
7,3900,parDP,376746
7,3900,extDP,69783.6
7,3900,MILP,27021.9
7,4200,stdDP,727318
7,4200,parDP,373967
7,4200,extDP,66775.8
7,4200,MILP,34098.1
7,4500,stdDP,777707
7,4500,parDP,390482
7,4500,extDP,109428
7,4500,MILP,23863.9
7,4800,stdDP,767170
7,4800,parDP,316555
7,4800,extDP,71083.7
7,4800,MILP,23996.2
7,5100,stdDP,739312
7,5100,parDP,350100
7,5100,extDP,65648.4
7,5100,MILP,23362.5
7,5400,stdDP,744078
7,5400,parDP,307881
7,5400,extDP,64725.6
7,5400,MILP,23272.9
7,5700,stdDP,741298
7,5700,parDP,316498
7,5700,extDP,68228.3
7,5700,MILP,26049.9
7,600,stdDP,708696
7,600,parDP,316998
7,600,extDP,94202.7
7,600,MILP,29768.6
7,6000,stdDP,694323
7,6000,parDP,329996
7,6000,extDP,65049.9
7,6000,MILP,23014.8
7,6300,stdDP,699507
7,6300,parDP,335238
7,6300,extDP,67375.7
7,6300,MILP,23353.7
7,6600,stdDP,695749
7,6600,parDP,317752
7,6600,extDP,66770
7,6600,MILP,23421.3
7,6900,stdDP,703877
7,6900,parDP,335126
7,6900,extDP,67972.5
7,6900,MILP,25128.1
7,7200,stdDP,736510
7,7200,parDP,319143
7,7200,extDP,68248.9
7,7200,MILP,24107.4
7,7500,stdDP,737565
7,7500,parDP,322377
7,7500,extDP,76348.1
7,7500,MILP,26549.2
7,7800,stdDP,737017
7,7800,parDP,332769
7,7800,extDP,65273
7,7800,MILP,23267.5
7,8100,stdDP,721455
7,8100,parDP,336817
7,8100,extDP,63356.2
7,8100,MILP,23954.4
7,8400,stdDP,711320
7,8400,parDP,323818
7,8400,extDP,69031.1
7,8400,MILP,24381
7,8700,stdDP,725334
7,8700,parDP,300138
7,8700,extDP,64805.8
7,8700,MILP,27548.9
7,900,stdDP,676887
7,900,parDP,313455
7,900,extDP,68104.5
7,900,MILP,22850
7,9000,stdDP,691259
7,9000,parDP,309839
7,9000,extDP,64968.2
7,9000,MILP,24476.6
7,9300,stdDP,693025
7,9300,parDP,311900
7,9300,extDP,67094.7
7,9300,MILP,23788.2
7,9600,stdDP,700065
7,9600,parDP,316565
7,9600,extDP,66222.7
7,9600,MILP,24939.7
7,9900,stdDP,709652
7,9900,parDP,336554
7,9900,extDP,70971.2
7,9900,MILP,24526.2
8,1200,stdDP,514555
8,1200,parDP,277417
8,1200,extDP,38553
8,1200,MILP,19177
8,1500,stdDP,501260
8,1500,parDP,236261
8,1500,extDP,35173.2
8,1500,MILP,17791.3
8,1800,stdDP,499313
8,1800,parDP,252398
8,1800,extDP,38171
8,1800,MILP,18389.5
8,2100,stdDP,484295
8,2100,parDP,246415
8,2100,extDP,35261.7
8,2100,MILP,18223
8,2400,stdDP,489516
8,2400,parDP,226097
8,2400,extDP,36582.1
8,2400,MILP,18592.1
8,2700,stdDP,484996
8,2700,parDP,242178
8,2700,extDP,37915.9
8,2700,MILP,19679.1
8,300,stdDP,572648
8,300,parDP,301382
8,300,extDP,45439.4
8,300,MILP,21774.6
8,3000,stdDP,542073
8,3000,parDP,260868
8,3000,extDP,39501.4
8,3000,MILP,22873.9
8,3300,stdDP,483951
8,3300,parDP,290506
8,3300,extDP,42405.5
8,3300,MILP,20522.3
8,3600,stdDP,509799
8,3600,parDP,244794
8,3600,extDP,38603.4
8,3600,MILP,23650.5
8,3900,stdDP,533587
8,3900,parDP,252634
8,3900,extDP,45039.7
8,3900,MILP,20128.9
8,4200,stdDP,490402
8,4200,parDP,241902
8,4200,extDP,35830
8,4200,MILP,18332.3
8,4500,stdDP,438957
8,4500,parDP,283758
8,4500,extDP,47219.6
8,4500,MILP,21106.9
8,4800,stdDP,476931
8,4800,parDP,255844
8,4800,extDP,38285.5
8,4800,MILP,18694.7
8,5100,stdDP,541773
8,5100,parDP,311039
8,5100,extDP,54601.8
8,5100,MILP,29007.3
8,5400,stdDP,554955
8,5400,parDP,280338
8,5400,extDP,44737.1
8,5400,MILP,21236.1
8,5700,stdDP,647782
8,5700,parDP,294428
8,5700,extDP,57227.8
8,5700,MILP,18814.8
8,600,stdDP,461703
8,600,parDP,262767
8,600,extDP,36978.2
8,600,MILP,21702.5
8,6000,stdDP,496920
8,6000,parDP,291863
8,6000,extDP,40594.9
8,6000,MILP,19792.9
8,6300,stdDP,558216
8,6300,parDP,241539
8,6300,extDP,40993.4
8,6300,MILP,19390.1
8,6600,stdDP,579991
8,6600,parDP,300796
8,6600,extDP,55066.4
8,6600,MILP,31151.5
8,6900,stdDP,545417
8,6900,parDP,308922
8,6900,extDP,47060.7
8,6900,MILP,21234.5
8,7200,stdDP,505622
8,7200,parDP,255167
8,7200,extDP,38716.9
8,7200,MILP,19107.2
8,7500,stdDP,540069
8,7500,parDP,261812
8,7500,extDP,51772.5
8,7500,MILP,20256.7
8,7800,stdDP,524778
8,7800,parDP,257625
8,7800,extDP,47168.1
8,7800,MILP,19702.5
8,8100,stdDP,556912
8,8100,parDP,259629
8,8100,extDP,41658.3
8,8100,MILP,21471.8
8,8400,stdDP,528775
8,8400,parDP,265355
8,8400,extDP,41924.6
8,8400,MILP,25001
8,8700,stdDP,542842
8,8700,parDP,246251
8,8700,extDP,40597
8,8700,MILP,20030
8,900,stdDP,558452
8,900,parDP,364096
8,900,extDP,95516.1
8,900,MILP,30047.5
8,9000,stdDP,548099
8,9000,parDP,296911
8,9000,extDP,42076.7
8,9000,MILP,29155.5
8,9300,stdDP,557293
8,9300,parDP,369007
8,9300,extDP,62644.8
8,9300,MILP,25248.3
8,9600,stdDP,995618
8,9600,parDP,291380
8,9600,extDP,42089.6
8,9600,MILP,22438
8,9900,stdDP,573762
8,9900,parDP,324338
8,9900,extDP,45913.8
8,9900,MILP,22675.6
9,1200,stdDP,481121
9,1200,parDP,334075
9,1200,extDP,35976.3
9,1200,MILP,19162.4
9,1500,stdDP,442516
9,1500,parDP,218256
9,1500,extDP,25795
9,1500,MILP,18794.8
9,1800,stdDP,428454
9,1800,parDP,246304
9,1800,extDP,24302.2
9,1800,MILP,19592.4
9,2100,stdDP,413040
9,2100,parDP,239255
9,2100,extDP,24194.4
9,2100,MILP,18498.5
9,2400,stdDP,538367
9,2400,parDP,249857
9,2400,extDP,41669
9,2400,MILP,27275.9
9,2700,stdDP,664437
9,2700,parDP,351900
9,2700,extDP,29798.5
9,2700,MILP,19965.5
9,300,stdDP,453563
9,300,parDP,230457
9,300,extDP,29751.9
9,300,MILP,23746
9,3000,stdDP,545331
9,3000,parDP,318743
9,3000,extDP,42931.1
9,3000,MILP,24981.5
9,3300,stdDP,548890
9,3300,parDP,241791
9,3300,extDP,26742
9,3300,MILP,17067.6
9,3600,stdDP,531811
9,3600,parDP,263253
9,3600,extDP,36902.4
9,3600,MILP,21454.2
9,3900,stdDP,468909
9,3900,parDP,240531
9,3900,extDP,28992.5
9,3900,MILP,17985.3
9,4200,stdDP,422641
9,4200,parDP,200573
9,4200,extDP,26935.1
9,4200,MILP,26997.9
9,4500,stdDP,425131
9,4500,parDP,200206
9,4500,extDP,24683.1
9,4500,MILP,16433.2
9,4800,stdDP,467460
9,4800,parDP,281336
9,4800,extDP,41689.3
9,4800,MILP,29233.9
9,5100,stdDP,421383
9,5100,parDP,220649
9,5100,extDP,24973.2
9,5100,MILP,19206.4
9,5400,stdDP,425702
9,5400,parDP,287104
9,5400,extDP,43621.2
9,5400,MILP,33614.4
9,5700,stdDP,702914
9,5700,parDP,526083
9,5700,extDP,42642.3
9,5700,MILP,29643.3
9,600,stdDP,691425
9,600,parDP,418848
9,600,extDP,52487.7
9,600,MILP,27886.2
9,6000,stdDP,673014
9,6000,parDP,303211
9,6000,extDP,28476.4
9,6000,MILP,21060.2
9,6300,stdDP,460548
9,6300,parDP,248165
9,6300,extDP,28274
9,6300,MILP,17362.1
9,6600,stdDP,503825
9,6600,parDP,328557
9,6600,extDP,34372.6
9,6600,MILP,20747.5
9,6900,stdDP,600117
9,6900,parDP,268424
9,6900,extDP,48709.6
9,6900,MILP,18330.9
9,7200,stdDP,431249
9,7200,parDP,227379
9,7200,extDP,25107.2
9,7200,MILP,16372.3
9,7500,stdDP,421978
9,7500,parDP,261195
9,7500,extDP,33686.1
9,7500,MILP,17308.9
9,7800,stdDP,422163
9,7800,parDP,248430
9,7800,extDP,39494.5
9,7800,MILP,17951.5
9,8100,stdDP,433554
9,8100,parDP,250543
9,8100,extDP,28876.3
9,8100,MILP,22172.1
9,8400,stdDP,459971
9,8400,parDP,223666
9,8400,extDP,24828.4
9,8400,MILP,22325.8
9,8700,stdDP,451228
9,8700,parDP,218188
9,8700,extDP,25770.4
9,8700,MILP,16732.1
9,900,stdDP,481499
9,900,parDP,262962
9,900,extDP,66484
9,900,MILP,24896.1
9,9000,stdDP,529374
9,9000,parDP,249253
9,9000,extDP,41979.9
9,9000,MILP,30295.6
9,9300,stdDP,677616
9,9300,parDP,257531
9,9300,extDP,28109.6
9,9300,MILP,17681.7
9,9600,stdDP,610476
9,9600,parDP,297565
9,9600,extDP,39331.6
9,9600,MILP,19221.7
9,9900,stdDP,640009
9,9900,parDP,222232
9,9900,extDP,24616.7
9,9900,MILP,24929.2
