unit,iter,solver,time_us
0,1200,stdDP,391966
0,1200,parDP,238759
0,1200,extDP,44936
0,1200,MILP,20304.6
0,1500,stdDP,440445
0,1500,parDP,184915
0,1500,extDP,25084
0,1500,MILP,21137.6
0,1800,stdDP,398497
0,1800,parDP,193667
0,1800,extDP,30058.8
0,1800,MILP,16347.6
0,2100,stdDP,383220
0,2100,parDP,176095
0,2100,extDP,25944.2
0,2100,MILP,17284.4
0,2400,stdDP,382951
0,2400,parDP,206915
0,2400,extDP,26409.1
0,2400,MILP,18246
0,2700,stdDP,401333
0,2700,parDP,216368
0,2700,extDP,28944.4
0,2700,MILP,19963.8
0,300,stdDP,401993
0,300,parDP,183191
0,300,extDP,24958.4
0,300,MILP,17288.8
0,3000,stdDP,385064
0,3000,parDP,174052
0,3000,extDP,26649.6
0,3000,MILP,16945
0,3300,stdDP,418947
0,3300,parDP,182151
0,3300,extDP,24945.5
0,3300,MILP,16629
0,3600,stdDP,377383
0,3600,parDP,182207
0,3600,extDP,24812.3
0,3600,MILP,17754.2
0,3900,stdDP,375851
0,3900,parDP,207506
0,3900,extDP,24712.8
0,3900,MILP,18250
0,4200,stdDP,386903
0,4200,parDP,202841
0,4200,extDP,23928.7
0,4200,MILP,16378.7
0,4500,stdDP,395735
0,4500,parDP,497710
0,4500,extDP,29862.2
0,4500,MILP,30342.6
0,4800,stdDP,680250
0,4800,parDP,222301
0,4800,extDP,37845.5
0,4800,MILP,19656.7
0,5100,stdDP,486487
0,5100,parDP,194095
0,5100,extDP,27999.9
0,5100,MILP,28751.4
0,5400,stdDP,375550
0,5400,parDP,173872
0,5400,extDP,23683.7
0,5400,MILP,16117.9
0,5700,stdDP,363513
0,5700,parDP,193041
0,5700,extDP,25875.2
0,5700,MILP,16516.1
0,600,stdDP,380602
0,600,parDP,201485
0,600,extDP,29438.7
0,600,MILP,18719.3
0,6000,stdDP,405172
0,6000,parDP,225656
0,6000,extDP,28876.2
0,6000,MILP,17710.7
0,6300,stdDP,386110
0,6300,parDP,178818
0,6300,extDP,25064.9
0,6300,MILP,16119.7
0,6600,stdDP,405564
0,6600,parDP,234348
0,6600,extDP,27333.5
0,6600,MILP,18683.2
0,6900,stdDP,429849
0,6900,parDP,196077
0,6900,extDP,28578.5
0,6900,MILP,20667.4
0,7200,stdDP,402287
0,7200,parDP,200769
0,7200,extDP,26383.6
0,7200,MILP,18850.9
0,7500,stdDP,393556
0,7500,parDP,192988
0,7500,extDP,27913.2
0,7500,MILP,19631.2
0,7800,stdDP,414226
0,7800,parDP,216810
0,7800,extDP,26734.6
0,7800,MILP,18939.4
0,8100,stdDP,474265
0,8100,parDP,206823
0,8100,extDP,29673.5
0,8100,MILP,19855
0,8400,stdDP,492649
0,8400,parDP,217622
0,8400,extDP,28094.8
0,8400,MILP,35576.6
0,8700,stdDP,424541
0,8700,parDP,358010
0,8700,extDP,97011.3
0,8700,MILP,41628.9
0,900,stdDP,1.01729e+06
0,900,parDP,326733
0,900,extDP,31830.3
0,900,MILP,31286.8
0,9000,stdDP,761240
0,9000,parDP,312910
0,9000,extDP,53942.2
0,9000,MILP,24294.9
0,9300,stdDP,419105
0,9300,parDP,184877
0,9300,extDP,24583
0,9300,MILP,16653
0,9600,stdDP,430332
0,9600,parDP,184192
0,9600,extDP,27305.3
0,9600,MILP,19044.2
0,9900,stdDP,392252
0,9900,parDP,201218
0,9900,extDP,23555.6
0,9900,MILP,17467
1,1200,stdDP,455013
1,1200,parDP,213464
1,1200,extDP,36519.6
1,1200,MILP,19040.9
1,1500,stdDP,454631
1,1500,parDP,208463
1,1500,extDP,37704.1
1,1500,MILP,21610.2
1,1800,stdDP,637018
1,1800,parDP,642868
1,1800,extDP,63635.9
1,1800,MILP,32447.7
1,2100,stdDP,1.02932e+06
1,2100,parDP,359294
1,2100,extDP,48436.9
1,2100,MILP,34344.5
1,2400,stdDP,861403
1,2400,parDP,323888
1,2400,extDP,39826.2
1,2400,MILP,23415
1,2700,stdDP,466440
1,2700,parDP,238263
1,2700,extDP,40156.1
1,2700,MILP,20082.9
1,300,stdDP,463284
1,300,parDP,225540
1,300,extDP,39532.6
1,300,MILP,22499
1,3000,stdDP,665425
1,3000,parDP,336344
1,3000,extDP,72226.9
1,3000,MILP,31334.2
1,3300,stdDP,813049
1,3300,parDP,254908
1,3300,extDP,41544.7
1,3300,MILP,22401.1
1,3600,stdDP,470278
1,3600,parDP,248642
1,3600,extDP,40634.1
1,3600,MILP,20393.8
1,3900,stdDP,452775
1,3900,parDP,233236
1,3900,extDP,40959.7
1,3900,MILP,22031.5
1,4200,stdDP,493505
1,4200,parDP,255761
1,4200,extDP,60626.6
1,4200,MILP,22966.7
1,4500,stdDP,503998
1,4500,parDP,250595
1,4500,extDP,40719
1,4500,MILP,73696.2
1,4800,stdDP,465896
1,4800,parDP,225773
1,4800,extDP,41307.3
1,4800,MILP,25295.7
1,5100,stdDP,478576
1,5100,parDP,220994
1,5100,extDP,37696.2
1,5100,MILP,20241.7
1,5400,stdDP,470889
1,5400,parDP,217854
1,5400,extDP,44711.2
1,5400,MILP,20882.4
1,5700,stdDP,464524
1,5700,parDP,208196
1,5700,extDP,37989.2
1,5700,MILP,20240.1
1,600,stdDP,454195
1,600,parDP,207461
1,600,extDP,36491.2
1,600,MILP,20460.5
1,6000,stdDP,448495
1,6000,parDP,213853
1,6000,extDP,36664.8
1,6000,MILP,19450.2
1,6300,stdDP,465954
1,6300,parDP,217945
1,6300,extDP,40801.2
1,6300,MILP,20391.4
1,6600,stdDP,457210
1,6600,parDP,216069
1,6600,extDP,36052.3
1,6600,MILP,18774.3
1,6900,stdDP,464062
1,6900,parDP,208703
1,6900,extDP,36787.1
1,6900,MILP,20870.9
1,7200,stdDP,451653
1,7200,parDP,213724
1,7200,extDP,38060.3
1,7200,MILP,22203.3
1,7500,stdDP,468541
1,7500,parDP,203041
1,7500,extDP,43964.8
1,7500,MILP,22244.3
1,7800,stdDP,500485
1,7800,parDP,219844
1,7800,extDP,37612
1,7800,MILP,18701.9
1,8100,stdDP,494323
1,8100,parDP,226398
1,8100,extDP,40252.8
1,8100,MILP,20608.1
1,8400,stdDP,461240
1,8400,parDP,274003
1,8400,extDP,54975.7
1,8400,MILP,31393.6
1,8700,stdDP,476663
1,8700,parDP,251975
1,8700,extDP,43151.5
1,8700,MILP,20157.9
1,900,stdDP,529040
1,900,parDP,226486
1,900,extDP,41973.3
1,900,MILP,21715.3
1,9000,stdDP,490066
1,9000,parDP,256056
1,9000,extDP,39290.6
1,9000,MILP,20535.2
1,9300,stdDP,482070
1,9300,parDP,218328
1,9300,extDP,37890.4
1,9300,MILP,29054.8
1,9600,stdDP,982039
1,9600,parDP,559835
1,9600,extDP,66441.7
1,9600,MILP,34012.9
1,9900,stdDP,818036
1,9900,parDP,316260
1,9900,extDP,43037.5
1,9900,MILP,19837.1
10,1200,stdDP,490093
10,1200,parDP,243169
10,1200,extDP,9179.06
10,1200,MILP,14097.7
10,1500,stdDP,561698
10,1500,parDP,239593
10,1500,extDP,9748.67
10,1500,MILP,12904.2
10,1800,stdDP,399322
10,1800,parDP,194687
10,1800,extDP,7885.24
10,1800,MILP,14090.3
10,2100,stdDP,335651
10,2100,parDP,185171
10,2100,extDP,7461.33
10,2100,MILP,12092.5
10,2400,stdDP,564737
10,2400,parDP,303801
10,2400,extDP,10600.9
10,2400,MILP,20525.1
10,2700,stdDP,531436
10,2700,parDP,188465
10,2700,extDP,8329.44
10,2700,MILP,17408.8
10,300,stdDP,340776
10,300,parDP,185780
10,300,extDP,8135.95
10,300,MILP,16956
10,3000,stdDP,325121
10,3000,parDP,188471
10,3000,extDP,6636.15
10,3000,MILP,13473.5
10,3300,stdDP,319687
10,3300,parDP,183209
10,3300,extDP,12566.2
10,3300,MILP,14223.9
10,3600,stdDP,336381
10,3600,parDP,163451
10,3600,extDP,6754.3
10,3600,MILP,13016.2
10,3900,stdDP,318701
10,3900,parDP,161506
10,3900,extDP,6185.97
10,3900,MILP,11991.3
10,4200,stdDP,328116
10,4200,parDP,170830
10,4200,extDP,5874.28
10,4200,MILP,12933.7
10,4500,stdDP,321051
10,4500,parDP,190590
10,4500,extDP,6809.18
10,4500,MILP,13085.1
10,4800,stdDP,328150
10,4800,parDP,209323
10,4800,extDP,7063.93
10,4800,MILP,14637.4
10,5100,stdDP,319057
10,5100,parDP,194959
10,5100,extDP,11017.1
10,5100,MILP,16837.2
10,5400,stdDP,344909
10,5400,parDP,274993
10,5400,extDP,13659
10,5400,MILP,23631.9
10,5700,stdDP,601910
10,5700,parDP,211127
10,5700,extDP,8967.8
10,5700,MILP,19790.6
10,600,stdDP,365253
10,600,parDP,185320
10,600,extDP,7240.42
10,600,MILP,14140.6
10,6000,stdDP,378364
10,6000,parDP,189416
10,6000,extDP,8331.89
10,6000,MILP,15843.6
10,6300,stdDP,318493
10,6300,parDP,166516
10,6300,extDP,5974.6
10,6300,MILP,12114
10,6600,stdDP,326927
10,6600,parDP,177597
10,6600,extDP,6708.04
10,6600,MILP,11884.5
10,6900,stdDP,337959
10,6900,parDP,183842
10,6900,extDP,7766.79
10,6900,MILP,14200.9
10,7200,stdDP,376175
10,7200,parDP,181498
10,7200,extDP,7712.16
10,7200,MILP,12687.9
10,7500,stdDP,371913
10,7500,parDP,220667
10,7500,extDP,11992.7
10,7500,MILP,21932.3
10,7800,stdDP,359641
10,7800,parDP,253496
10,7800,extDP,15059.1
10,7800,MILP,21050.5
10,8100,stdDP,444114
10,8100,parDP,270156
10,8100,extDP,8162.36
10,8100,MILP,13962.2
10,8400,stdDP,315980
10,8400,parDP,193521
10,8400,extDP,6942.05
10,8400,MILP,17252.5
10,8700,stdDP,325343
10,8700,parDP,186162
10,8700,extDP,7851.52
10,8700,MILP,13994.8
10,900,stdDP,330033
10,900,parDP,169456
10,900,extDP,5764.54
10,900,MILP,12231.6
10,9000,stdDP,316471
10,9000,parDP,164715
10,9000,extDP,5956.35
10,9000,MILP,11309.4
10,9300,stdDP,305145
10,9300,parDP,167544
10,9300,extDP,6211.07
10,9300,MILP,12906.9
10,9600,stdDP,316365
10,9600,parDP,165035
10,9600,extDP,6860.47
10,9600,MILP,12542.8
10,9900,stdDP,311675
10,9900,parDP,166516
10,9900,extDP,6632.51
10,9900,MILP,12200.9
11,1200,stdDP,332851
11,1200,parDP,172588
11,1200,extDP,6449.37
11,1200,MILP,18261.1
11,1500,stdDP,332441
11,1500,parDP,169079
11,1500,extDP,6542.06
11,1500,MILP,12772
11,1800,stdDP,321322
11,1800,parDP,162134
11,1800,extDP,6040.99
11,1800,MILP,11464.4
11,2100,stdDP,317270
11,2100,parDP,161825
11,2100,extDP,5354.06
11,2100,MILP,11513.9
11,2400,stdDP,318494
11,2400,parDP,161263
11,2400,extDP,5544.63
11,2400,MILP,11456.1
11,2700,stdDP,317451
11,2700,parDP,162017
11,2700,extDP,5873.82
11,2700,MILP,11485
11,300,stdDP,315351
11,300,parDP,163843
11,300,extDP,5540.17
11,300,MILP,11402.6
11,3000,stdDP,317846
11,3000,parDP,162907
11,3000,extDP,5642
11,3000,MILP,11851.1
11,3300,stdDP,313751
11,3300,parDP,162287
11,3300,extDP,5979.1
11,3300,MILP,11824.6
11,3600,stdDP,317474
11,3600,parDP,163270
11,3600,extDP,5254.37
11,3600,MILP,13046.2
11,3900,stdDP,314725
11,3900,parDP,163046
11,3900,extDP,5523.79
11,3900,MILP,11238.8
11,4200,stdDP,314821
11,4200,parDP,162145
11,4200,extDP,5856.62
11,4200,MILP,11140
11,4500,stdDP,315107
11,4500,parDP,162678
11,4500,extDP,5598.56
11,4500,MILP,11539.1
11,4800,stdDP,315824
11,4800,parDP,162367
11,4800,extDP,5442.65
11,4800,MILP,11302.6
11,5100,stdDP,316601
11,5100,parDP,161115
11,5100,extDP,5830.33
11,5100,MILP,11144.3
11,5400,stdDP,314364
11,5400,parDP,163879
11,5400,extDP,5721.83
11,5400,MILP,12246.8
11,5700,stdDP,319439
11,5700,parDP,162672
11,5700,extDP,5701.98
11,5700,MILP,11414.2
11,600,stdDP,320027
11,600,parDP,161747
11,600,extDP,6102.27
11,600,MILP,11286.7
11,6000,stdDP,316922
11,6000,parDP,162456
11,6000,extDP,5693.31
11,6000,MILP,11745.4
11,6300,stdDP,312654
11,6300,parDP,162002
11,6300,extDP,5951.25
11,6300,MILP,11266.3
11,6600,stdDP,315526
11,6600,parDP,162895
11,6600,extDP,5366.68
11,6600,MILP,11459.7
11,6900,stdDP,319854
11,6900,parDP,163009
11,6900,extDP,5805.34
11,6900,MILP,11838.5
11,7200,stdDP,317477
11,7200,parDP,161377
11,7200,extDP,5884.81
11,7200,MILP,11214.7
11,7500,stdDP,313400
11,7500,parDP,160882
11,7500,extDP,5494.26
11,7500,MILP,11408.9
11,7800,stdDP,314880
11,7800,parDP,163181
11,7800,extDP,5543.36
11,7800,MILP,12334.3
11,8100,stdDP,318125
11,8100,parDP,162658
11,8100,extDP,6075.4
11,8100,MILP,11147.9
11,8400,stdDP,315683
11,8400,parDP,161664
11,8400,extDP,5583.74
11,8400,MILP,11795.2
11,8700,stdDP,318019
11,8700,parDP,164957
11,8700,extDP,5534.94
11,8700,MILP,11088.3
11,900,stdDP,313712
11,900,parDP,160685
11,900,extDP,6135.66
11,900,MILP,11093.1
11,9000,stdDP,315365
11,9000,parDP,161416
11,9000,extDP,5600.63
11,9000,MILP,11554.4
11,9300,stdDP,314517
11,9300,parDP,161294
11,9300,extDP,5848.15
11,9300,MILP,10950.7
11,9600,stdDP,314293
11,9600,parDP,174594
11,9600,extDP,5781.92
11,9600,MILP,11317.2
11,9900,stdDP,314042
11,9900,parDP,161921
11,9900,extDP,5290.5
11,9900,MILP,11340.8
12,1200,stdDP,298380
12,1200,parDP,156272
12,1200,extDP,2132.18
12,1200,MILP,9779.67
12,1500,stdDP,299440
12,1500,parDP,156933
12,1500,extDP,2317.81
12,1500,MILP,9822.08
12,1800,stdDP,300773
12,1800,parDP,157210
12,1800,extDP,2157.63
12,1800,MILP,10119.7
12,2100,stdDP,302343
12,2100,parDP,156555
12,2100,extDP,2117.88
12,2100,MILP,10558.3
12,2400,stdDP,293885
12,2400,parDP,156652
12,2400,extDP,2188.31
12,2400,MILP,10541.9
12,2700,stdDP,297050
12,2700,parDP,158020
12,2700,extDP,2268.55
12,2700,MILP,9570.19
12,300,stdDP,299220
12,300,parDP,155962
12,300,extDP,2244.35
12,300,MILP,10086.7
12,3000,stdDP,299489
12,3000,parDP,156635
12,3000,extDP,2153.79
12,3000,MILP,9960.17
12,3300,stdDP,296170
12,3300,parDP,158078
12,3300,extDP,2048.27
12,3300,MILP,10099
12,3600,stdDP,296630
12,3600,parDP,157419
12,3600,extDP,2294.79
12,3600,MILP,9526.3
12,3900,stdDP,299677
12,3900,parDP,158741
12,3900,extDP,2223.55
12,3900,MILP,9794.33
12,4200,stdDP,299923
12,4200,parDP,159751
12,4200,extDP,2097.13
12,4200,MILP,10038.6
12,4500,stdDP,299576
12,4500,parDP,164007
12,4500,extDP,2126.95
12,4500,MILP,10223.6
12,4800,stdDP,300226
12,4800,parDP,160394
12,4800,extDP,2166.39
12,4800,MILP,9641.78
12,5100,stdDP,298183
12,5100,parDP,157657
12,5100,extDP,2305.72
12,5100,MILP,9416.84
12,5400,stdDP,298894
12,5400,parDP,155703
12,5400,extDP,2210.14
12,5400,MILP,10034.3
12,5700,stdDP,298015
12,5700,parDP,156657
12,5700,extDP,2132.8
12,5700,MILP,11017.2
12,600,stdDP,296961
12,600,parDP,158735
12,600,extDP,2189.37
12,600,MILP,9963.64
12,6000,stdDP,296426
12,6000,parDP,155995
12,6000,extDP,2431.4
12,6000,MILP,9566.72
12,6300,stdDP,297053
12,6300,parDP,156737
12,6300,extDP,2139.64
12,6300,MILP,9735.75
12,6600,stdDP,302111
12,6600,parDP,157668
12,6600,extDP,2332.01
12,6600,MILP,10206.9
12,6900,stdDP,297886
12,6900,parDP,157221
12,6900,extDP,2161.77
12,6900,MILP,9915.98
12,7200,stdDP,295085
12,7200,parDP,158326
12,7200,extDP,2366.09
12,7200,MILP,9872.77
12,7500,stdDP,300232
12,7500,parDP,158831
12,7500,extDP,2209.37
12,7500,MILP,10416.2
12,7800,stdDP,296245
12,7800,parDP,156456
12,7800,extDP,2141.29
12,7800,MILP,10427
12,8100,stdDP,299013
12,8100,parDP,159295
12,8100,extDP,2214.25
12,8100,MILP,10651.1
12,8400,stdDP,299254
12,8400,parDP,156888
12,8400,extDP,2253.37
12,8400,MILP,9838.89
12,8700,stdDP,300076
12,8700,parDP,158026
12,8700,extDP,2320.75
12,8700,MILP,9831.3
12,900,stdDP,300906
12,900,parDP,156071
12,900,extDP,2184.84
12,900,MILP,9891.15
12,9000,stdDP,298859
12,9000,parDP,178233
12,9000,extDP,5259.06
12,9000,MILP,10325.1
12,9300,stdDP,296854
12,9300,parDP,157211
12,9300,extDP,2144.65
12,9300,MILP,9848.18
12,9600,stdDP,300818
12,9600,parDP,157385
12,9600,extDP,2264.97
12,9600,MILP,9486.24
12,9900,stdDP,299266
12,9900,parDP,157281
12,9900,extDP,2051.51
12,9900,MILP,10956.6
13,1200,stdDP,344066
13,1200,parDP,168705
13,1200,extDP,13182.1
13,1200,MILP,13008
13,1500,stdDP,346037
13,1500,parDP,169509
13,1500,extDP,13005.3
13,1500,MILP,13679.8
13,1800,stdDP,346563
13,1800,parDP,169876
13,1800,extDP,13965.8
13,1800,MILP,13380.4
13,2100,stdDP,345874
13,2100,parDP,168915
13,2100,extDP,13093.4
13,2100,MILP,13838
13,2400,stdDP,342194
13,2400,parDP,169748
13,2400,extDP,14530.8
13,2400,MILP,12969.4
13,2700,stdDP,344731
13,2700,parDP,170440
13,2700,extDP,13133.8
13,2700,MILP,15696
13,300,stdDP,345975
13,300,parDP,172575
13,300,extDP,14208.4
13,300,MILP,13293.7
13,3000,stdDP,351135
13,3000,parDP,173522
13,3000,extDP,13828.5
13,3000,MILP,13909.3
13,3300,stdDP,346188
13,3300,parDP,169583
13,3300,extDP,13246.1
13,3300,MILP,13618.5
13,3600,stdDP,347415
13,3600,parDP,171571
13,3600,extDP,13471.6
13,3600,MILP,12886.3
13,3900,stdDP,345012
13,3900,parDP,169758
13,3900,extDP,13145
13,3900,MILP,13439.4
13,4200,stdDP,345319
13,4200,parDP,170269
13,4200,extDP,14093.9
13,4200,MILP,13061.4
13,4500,stdDP,344867
13,4500,parDP,169228
13,4500,extDP,13651
13,4500,MILP,13905.8
13,4800,stdDP,347186
13,4800,parDP,177136
13,4800,extDP,17525.4
13,4800,MILP,13324.8
13,5100,stdDP,348168
13,5100,parDP,175810
13,5100,extDP,13633.7
13,5100,MILP,13441.9
13,5400,stdDP,345919
13,5400,parDP,171359
13,5400,extDP,13936.8
13,5400,MILP,13704.6
13,5700,stdDP,348394
13,5700,parDP,173515
13,5700,extDP,13539.8
13,5700,MILP,13098.2
13,600,stdDP,350049
13,600,parDP,170073
13,600,extDP,12902.2
13,600,MILP,13682.3
13,6000,stdDP,344450
13,6000,parDP,170005
13,6000,extDP,14075.9
13,6000,MILP,13038.5
13,6300,stdDP,348635
13,6300,parDP,170436
13,6300,extDP,13176.5
13,6300,MILP,13806.9
13,6600,stdDP,345649
13,6600,parDP,172904
13,6600,extDP,14258.5
13,6600,MILP,13097.1
13,6900,stdDP,347648
13,6900,parDP,178930
13,6900,extDP,12835.9
13,6900,MILP,13660.4
13,7200,stdDP,347978
13,7200,parDP,170576
13,7200,extDP,14037.4
13,7200,MILP,13781.5
13,7500,stdDP,348475
13,7500,parDP,170206
13,7500,extDP,13195
13,7500,MILP,13436
13,7800,stdDP,345041
13,7800,parDP,170344
13,7800,extDP,12964.1
13,7800,MILP,13789.8
13,8100,stdDP,340962
13,8100,parDP,169711
13,8100,extDP,12953.4
13,8100,MILP,13037.6
13,8400,stdDP,344425
13,8400,parDP,172090
13,8400,extDP,13197.9
13,8400,MILP,13232.4
13,8700,stdDP,344295
13,8700,parDP,168445
13,8700,extDP,14051.2
13,8700,MILP,12925
13,900,stdDP,346881
13,900,parDP,170876
13,900,extDP,14072.6
13,900,MILP,14339.7
13,9000,stdDP,356382
13,9000,parDP,221249
13,9000,extDP,15662.3
13,9000,MILP,14917.8
13,9300,stdDP,403021
13,9300,parDP,206928
13,9300,extDP,14710.4
13,9300,MILP,13625
13,9600,stdDP,389087
13,9600,parDP,184959
13,9600,extDP,15814.7
13,9600,MILP,16488
13,9900,stdDP,408765
13,9900,parDP,196405
13,9900,extDP,15868.3
13,9900,MILP,14585.5
14,1200,stdDP,339553
14,1200,parDP,167479
14,1200,extDP,16799
14,1200,MILP,13521.1
14,1500,stdDP,352536
14,1500,parDP,209132
14,1500,extDP,23531.9
14,1500,MILP,14549.5
14,1800,stdDP,347882
14,1800,parDP,191784
14,1800,extDP,17071.6
14,1800,MILP,14410.1
14,2100,stdDP,654538
14,2100,parDP,425184
14,2100,extDP,24682.3
14,2100,MILP,18561.8
14,2400,stdDP,452224
14,2400,parDP,174140
14,2400,extDP,16656.5
14,2400,MILP,13515
14,2700,stdDP,361855
14,2700,parDP,195292
14,2700,extDP,20099.7
14,2700,MILP,24685.5
14,300,stdDP,374485
14,300,parDP,181290
14,300,extDP,18109.1
14,300,MILP,16312.9
14,3000,stdDP,363824
14,3000,parDP,188817
14,3000,extDP,16272.8
14,3000,MILP,21736.4
14,3300,stdDP,380784
14,3300,parDP,204477
14,3300,extDP,24565.6
14,3300,MILP,16543
14,3600,stdDP,353388
14,3600,parDP,187111
14,3600,extDP,17077.5
14,3600,MILP,16022.9
14,3900,stdDP,398599
14,3900,parDP,193264
14,3900,extDP,17386.4
14,3900,MILP,17737.1
14,4200,stdDP,372967
14,4200,parDP,175982
14,4200,extDP,17239.1
14,4200,MILP,15062.7
14,4500,stdDP,361179
14,4500,parDP,172298
14,4500,extDP,18528
14,4500,MILP,15419.1
14,4800,stdDP,356260
14,4800,parDP,173288
14,4800,extDP,16607
14,4800,MILP,16264.5
14,5100,stdDP,355678
14,5100,parDP,184368
14,5100,extDP,15792.6
14,5100,MILP,14914.8
14,5400,stdDP,391745
14,5400,parDP,176007
14,5400,extDP,16696
14,5400,MILP,13997.8
14,5700,stdDP,359737
14,5700,parDP,185123
14,5700,extDP,17646.9
14,5700,MILP,14325.1
14,600,stdDP,356863
14,600,parDP,179542
14,600,extDP,16932.9
14,600,MILP,16882.1
14,6000,stdDP,372280
14,6000,parDP,178143
14,6000,extDP,16448.1
14,6000,MILP,15979.5
14,6300,stdDP,361451
14,6300,parDP,186480
14,6300,extDP,17058.9
14,6300,MILP,14022.5
14,6600,stdDP,362048
14,6600,parDP,185651
14,6600,extDP,17197.2
14,6600,MILP,16739.2
14,6900,stdDP,355240
14,6900,parDP,193963
14,6900,extDP,18430.4
14,6900,MILP,17304.2
14,7200,stdDP,362136
14,7200,parDP,218559
14,7200,extDP,20062.1
14,7200,MILP,23574.7
14,7500,stdDP,351723
14,7500,parDP,171063
14,7500,extDP,18442.5
14,7500,MILP,17020.1
14,7800,stdDP,359505
14,7800,parDP,191898
14,7800,extDP,15122.2
14,7800,MILP,17294.9
14,8100,stdDP,352930
14,8100,parDP,179859
14,8100,extDP,17169.4
14,8100,MILP,14066.9
14,8400,stdDP,350028
14,8400,parDP,199532
14,8400,extDP,16650
14,8400,MILP,15342.1
14,8700,stdDP,358367
14,8700,parDP,180436
14,8700,extDP,17467.8
14,8700,MILP,18369.9
14,900,stdDP,389117
14,900,parDP,191489
14,900,extDP,19469.4
14,900,MILP,15573.7
14,9000,stdDP,340535
14,9000,parDP,197297
14,9000,extDP,16483.7
14,9000,MILP,15769.5
14,9300,stdDP,414010
14,9300,parDP,192264
14,9300,extDP,18382.1
14,9300,MILP,14721
14,9600,stdDP,379917
14,9600,parDP,181986
14,9600,extDP,16391.2
14,9600,MILP,17062.5
14,9900,stdDP,357513
14,9900,parDP,182522
14,9900,extDP,17340.7
14,9900,MILP,15276.7
15,1200,stdDP,761919
15,1200,parDP,289625
15,1200,extDP,68686.6
15,1200,MILP,25113.3
15,1500,stdDP,762543
15,1500,parDP,274514
15,1500,extDP,64845.8
15,1500,MILP,24082.4
15,1800,stdDP,689798
15,1800,parDP,276664
15,1800,extDP,70316.7
15,1800,MILP,24690.3
15,2100,stdDP,793122
15,2100,parDP,342533
15,2100,extDP,82211
15,2100,MILP,26075.4
15,2400,stdDP,1.39816e+06
15,2400,parDP,338320
15,2400,extDP,75217.6
15,2400,MILP,24403.4
15,2700,stdDP,713507
15,2700,parDP,301500
15,2700,extDP,67068.1
15,2700,MILP,35261.1
15,300,stdDP,708226
15,300,parDP,290856
15,300,extDP,70788.8
15,300,MILP,25900.9
15,3000,stdDP,713590
15,3000,parDP,296393
15,3000,extDP,80863.1
15,3000,MILP,24771.4
15,3300,stdDP,741172
15,3300,parDP,300907
15,3300,extDP,78409.9
15,3300,MILP,26447.3
15,3600,stdDP,718263
15,3600,parDP,291307
15,3600,extDP,70754.7
15,3600,MILP,25201.3
15,3900,stdDP,708551
15,3900,parDP,286101
15,3900,extDP,72161.7
15,3900,MILP,23384.6
15,4200,stdDP,688033
15,4200,parDP,287410
15,4200,extDP,69970.6
15,4200,MILP,24239.5
15,4500,stdDP,694249
15,4500,parDP,408580
15,4500,extDP,68562.7
15,4500,MILP,23684.8
15,4800,stdDP,682689
15,4800,parDP,274290
15,4800,extDP,65435.3
15,4800,MILP,23370.1
15,5100,stdDP,664703
15,5100,parDP,286914
15,5100,extDP,67698.4
15,5100,MILP,26559.8
15,5400,stdDP,689718
15,5400,parDP,274006
15,5400,extDP,70213.8
15,5400,MILP,24314.9
15,5700,stdDP,679118
15,5700,parDP,271823
15,5700,extDP,66449.3
15,5700,MILP,23904.1
15,600,stdDP,731703
15,600,parDP,309778
15,600,extDP,68553.1
15,600,MILP,24377.4
15,6000,stdDP,731207
15,6000,parDP,296349
15,6000,extDP,73155.5
15,6000,MILP,27799.1
15,6300,stdDP,733574
15,6300,parDP,292399
15,6300,extDP,70347.4
15,6300,MILP,28282.8
15,6600,stdDP,790442
15,6600,parDP,300235
15,6600,extDP,68652.4
15,6600,MILP,26997.7
15,6900,stdDP,753690
15,6900,parDP,275295
15,6900,extDP,71062.3
15,6900,MILP,24114.1
15,7200,stdDP,695208
15,7200,parDP,273117
15,7200,extDP,65606.3
15,7200,MILP,23254.1
15,7500,stdDP,688866
15,7500,parDP,270093
15,7500,extDP,72000
15,7500,MILP,23899.6
15,7800,stdDP,735757
15,7800,parDP,288585
15,7800,extDP,70627.6
15,7800,MILP,25739.1
15,8100,stdDP,723619
15,8100,parDP,268821
15,8100,extDP,65683.3
15,8100,MILP,23887.2
15,8400,stdDP,691292
15,8400,parDP,268387
15,8400,extDP,69992.4
15,8400,MILP,23991.1
15,8700,stdDP,676046
15,8700,parDP,300046
15,8700,extDP,71419.1
15,8700,MILP,25582.8
15,900,stdDP,695070
15,900,parDP,334625
15,900,extDP,69368.6
15,900,MILP,24459.8
15,9000,stdDP,746714
15,9000,parDP,344827
15,9000,extDP,72503.1
15,9000,MILP,29449.3
15,9300,stdDP,741724
15,9300,parDP,465927
15,9300,extDP,82265.2
15,9300,MILP,26848.8
15,9600,stdDP,701984
15,9600,parDP,301296
15,9600,extDP,69762.8
15,9600,MILP,22823.4
15,9900,stdDP,709450
15,9900,parDP,294629
15,9900,extDP,80035.7
15,9900,MILP,41989.1
16,1200,stdDP,828252
16,1200,parDP,265436
16,1200,extDP,44489.6
16,1200,MILP,19770.2
16,1500,stdDP,486698
16,1500,parDP,221211
16,1500,extDP,46244.9
16,1500,MILP,31861.6
16,1800,stdDP,892064
16,1800,parDP,425481
16,1800,extDP,82023.2
16,1800,MILP,33254.1
16,2100,stdDP,774015
16,2100,parDP,227916
16,2100,extDP,47729.7
16,2100,MILP,22540.1
16,2400,stdDP,507781
16,2400,parDP,243983
16,2400,extDP,56758.9
16,2400,MILP,26795.1
16,2700,stdDP,811350
16,2700,parDP,222279
16,2700,extDP,52838.5
16,2700,MILP,20364.4
16,300,stdDP,471986
16,300,parDP,220786
16,300,extDP,50028
16,300,MILP,20076.9
16,3000,stdDP,473935
16,3000,parDP,205714
16,3000,extDP,42460.2
16,3000,MILP,19885.5
16,3300,stdDP,466531
16,3300,parDP,214959
16,3300,extDP,43120.1
16,3300,MILP,19244.7
16,3600,stdDP,470041
16,3600,parDP,215143
16,3600,extDP,42462.8
16,3600,MILP,21294
16,3900,stdDP,482653
16,3900,parDP,230818
16,3900,extDP,44761.2
16,3900,MILP,19891.8
16,4200,stdDP,462756
16,4200,parDP,207085
16,4200,extDP,42257.1
16,4200,MILP,21054.1
16,4500,stdDP,464706
16,4500,parDP,250936
16,4500,extDP,48824.5
16,4500,MILP,21346.8
16,4800,stdDP,491672
16,4800,parDP,226228
16,4800,extDP,46514.7
16,4800,MILP,22910.5
16,5100,stdDP,497043
16,5100,parDP,256511
16,5100,extDP,69442.4
16,5100,MILP,28953.6
16,5400,stdDP,494640
16,5400,parDP,216036
16,5400,extDP,42914.1
16,5400,MILP,20117.6
16,5700,stdDP,488175
16,5700,parDP,215668
16,5700,extDP,45677.7
16,5700,MILP,20253.2
16,600,stdDP,627956
16,600,parDP,212078
16,600,extDP,47265.6
16,600,MILP,23321
16,6000,stdDP,543283
16,6000,parDP,274449
16,6000,extDP,44252.6
16,6000,MILP,21057.9
16,6300,stdDP,616388
16,6300,parDP,344688
16,6300,extDP,48087.7
16,6300,MILP,39888
16,6600,stdDP,501408
16,6600,parDP,221939
16,6600,extDP,46617.2
16,6600,MILP,20512.2
16,6900,stdDP,490629
16,6900,parDP,221368
16,6900,extDP,45862.4
16,6900,MILP,20712.6
16,7200,stdDP,499502
16,7200,parDP,225925
16,7200,extDP,47100.8
16,7200,MILP,19787.8
16,7500,stdDP,510196
16,7500,parDP,237712
16,7500,extDP,47576.2
16,7500,MILP,24965.1
16,7800,stdDP,491121
16,7800,parDP,230985
16,7800,extDP,45192.1
16,7800,MILP,23324.4
16,8100,stdDP,495073
16,8100,parDP,245693
16,8100,extDP,46740.6
16,8100,MILP,21717.1
16,8400,stdDP,504108
16,8400,parDP,227603
16,8400,extDP,45826.7
16,8400,MILP,21753.2
16,8700,stdDP,519960
16,8700,parDP,246859
16,8700,extDP,54510.9
16,8700,MILP,23035.3
16,900,stdDP,503298
16,900,parDP,223747
16,900,extDP,54306.2
16,900,MILP,24922.8
16,9000,stdDP,495639
16,9000,parDP,241756
16,9000,extDP,46456.9
16,9000,MILP,25167.6
16,9300,stdDP,515415
16,9300,parDP,249012
16,9300,extDP,47130.6
16,9300,MILP,22480.4
16,9600,stdDP,522415
16,9600,parDP,268941
16,9600,extDP,51398.6
16,9600,MILP,24577.2
16,9900,stdDP,528118
16,9900,parDP,266004
16,9900,extDP,59410
16,9900,MILP,21985.5
17,1200,stdDP,352804
17,1200,parDP,193411
17,1200,extDP,8155.45
17,1200,MILP,13524
17,1500,stdDP,343661
17,1500,parDP,191847
17,1500,extDP,7181.38
17,1500,MILP,13345.3
17,1800,stdDP,335448
17,1800,parDP,185106
17,1800,extDP,6990.09
17,1800,MILP,13920.4
17,2100,stdDP,331713
17,2100,parDP,191457
17,2100,extDP,6993.14
17,2100,MILP,13887.6
17,2400,stdDP,347208
17,2400,parDP,201421
17,2400,extDP,10868.5
17,2400,MILP,16659.7
17,2700,stdDP,386015
17,2700,parDP,199896
17,2700,extDP,7049.97
17,2700,MILP,14628.4
17,300,stdDP,349048
17,300,parDP,212414
17,300,extDP,8400.84
17,300,MILP,13302.8
17,3000,stdDP,348163
17,3000,parDP,189296
17,3000,extDP,8542.64
17,3000,MILP,12057.2
17,3300,stdDP,343927
17,3300,parDP,179629
17,3300,extDP,5786.1
17,3300,MILP,14170.5
17,3600,stdDP,327849
17,3600,parDP,174882
17,3600,extDP,8092.75
17,3600,MILP,17076.8
17,3900,stdDP,338281
17,3900,parDP,178006
17,3900,extDP,7536.75
17,3900,MILP,15018
17,4200,stdDP,332087
17,4200,parDP,192506
17,4200,extDP,7229.49
17,4200,MILP,15466.1
17,4500,stdDP,349047
17,4500,parDP,198434
17,4500,extDP,8310.38
17,4500,MILP,14087.6
17,4800,stdDP,351106
17,4800,parDP,212562
17,4800,extDP,7930.19
17,4800,MILP,13875.7
17,5100,stdDP,345959
17,5100,parDP,193502
17,5100,extDP,7362.15
17,5100,MILP,14803.3
17,5400,stdDP,343609
17,5400,parDP,208663
17,5400,extDP,7357.84
17,5400,MILP,14711.6
17,5700,stdDP,358995
17,5700,parDP,193966
17,5700,extDP,6884.9
17,5700,MILP,14364.7
17,600,stdDP,345059
17,600,parDP,200616
17,600,extDP,7695.41
17,600,MILP,12506.8
17,6000,stdDP,334988
17,6000,parDP,184134
17,6000,extDP,7067.86
17,6000,MILP,13367.5
17,6300,stdDP,326864
17,6300,parDP,172975
17,6300,extDP,6885.09
17,6300,MILP,13834
17,6600,stdDP,331951
17,6600,parDP,177005
17,6600,extDP,6908.67
17,6600,MILP,13368.8
17,6900,stdDP,326247
17,6900,parDP,173952
17,6900,extDP,7027
17,6900,MILP,13392.7
17,7200,stdDP,342204
17,7200,parDP,202291
17,7200,extDP,8996.48
17,7200,MILP,16977.5
17,7500,stdDP,355154
17,7500,parDP,195559
17,7500,extDP,7044.67
17,7500,MILP,14435.4
17,7800,stdDP,346584
17,7800,parDP,199834
17,7800,extDP,8123.06
17,7800,MILP,13858.2
17,8100,stdDP,358004
17,8100,parDP,196716
17,8100,extDP,7423.48
17,8100,MILP,15663.7
17,8400,stdDP,358584
17,8400,parDP,202230
17,8400,extDP,6724.4
17,8400,MILP,13429.7
17,8700,stdDP,339261
17,8700,parDP,179138
17,8700,extDP,6606.94
17,8700,MILP,13795.2
17,900,stdDP,333308
17,900,parDP,175283
17,900,extDP,6670.5
17,900,MILP,14100.8
17,9000,stdDP,330428
17,9000,parDP,184702
17,9000,extDP,7597.75
17,9000,MILP,12659.5
17,9300,stdDP,331838
17,9300,parDP,171916
17,9300,extDP,7353.53
17,9300,MILP,13695
17,9600,stdDP,331111
17,9600,parDP,191306
17,9600,extDP,7028.59
17,9600,MILP,12611.1
17,9900,stdDP,330542
17,9900,parDP,176306
17,9900,extDP,7300.57
17,9900,MILP,14239.9
18,1200,stdDP,295487
18,1200,parDP,180915
18,1200,extDP,3053.09
18,1200,MILP,12038.6
18,1500,stdDP,302378
18,1500,parDP,155721
18,1500,extDP,2901.58
18,1500,MILP,10207.6
18,1800,stdDP,290520
18,1800,parDP,160345
18,1800,extDP,3061.28
18,1800,MILP,11801.9
18,2100,stdDP,295933
18,2100,parDP,164045
18,2100,extDP,2370.25
18,2100,MILP,10758.5
18,2400,stdDP,297384
18,2400,parDP,387145
18,2400,extDP,5223.43
18,2400,MILP,14346.5
18,2700,stdDP,366217
18,2700,parDP,401335
18,2700,extDP,6961.39
18,2700,MILP,14658
18,300,stdDP,493893
18,300,parDP,213775
18,300,extDP,5458.11
18,300,MILP,16244.8
18,3000,stdDP,324045
18,3000,parDP,272318
18,3000,extDP,7435.52
18,3000,MILP,26847.2
18,3300,stdDP,550015
18,3300,parDP,202885
18,3300,extDP,6028.8
18,3300,MILP,15563.5
18,3600,stdDP,429824
18,3600,parDP,168516
18,3600,extDP,3857.75
18,3600,MILP,13252.1
18,3900,stdDP,296171
18,3900,parDP,163842
18,3900,extDP,2966
18,3900,MILP,12463
18,4200,stdDP,304700
18,4200,parDP,167052
18,4200,extDP,2927.92
18,4200,MILP,13076.8
18,4500,stdDP,301126
18,4500,parDP,170728
18,4500,extDP,5420.09
18,4500,MILP,12774.7
18,4800,stdDP,398788
18,4800,parDP,163234
18,4800,extDP,5369.2
18,4800,MILP,12018.4
18,5100,stdDP,297603
18,5100,parDP,154730
18,5100,extDP,2369.26
18,5100,MILP,10066.1
18,5400,stdDP,410934
18,5400,parDP,272946
18,5400,extDP,3671.6
18,5400,MILP,10632
18,5700,stdDP,305930
18,5700,parDP,197912
18,5700,extDP,3065.2
18,5700,MILP,10906
18,600,stdDP,351181
18,600,parDP,201679
18,600,extDP,6106.93
18,600,MILP,17165.2
18,6000,stdDP,374892
18,6000,parDP,179467
18,6000,extDP,3140.77
18,6000,MILP,12101.7
18,6300,stdDP,288801
18,6300,parDP,155842
18,6300,extDP,2407.97
18,6300,MILP,11320
18,6600,stdDP,281932
18,6600,parDP,167037
18,6600,extDP,2852.19
18,6600,MILP,12481.6
18,6900,stdDP,284322
18,6900,parDP,210852
18,6900,extDP,3394.71
18,6900,MILP,18568.1
18,7200,stdDP,310736
18,7200,parDP,201444
18,7200,extDP,3375.93
18,7200,MILP,11154.7
18,7500,stdDP,300976
18,7500,parDP,185582
18,7500,extDP,3541.42
18,7500,MILP,12032.9
18,7800,stdDP,296374
18,7800,parDP,161729
18,7800,extDP,2783.14
18,7800,MILP,10904
18,8100,stdDP,282896
18,8100,parDP,223793
18,8100,extDP,3118.65
18,8100,MILP,10598
18,8400,stdDP,323457
18,8400,parDP,170296
18,8400,extDP,3089.79
18,8400,MILP,13232.4
18,8700,stdDP,282929
18,8700,parDP,157802
18,8700,extDP,2374.11
18,8700,MILP,10792.2
18,900,stdDP,317838
18,900,parDP,231953
18,900,extDP,2352.91
18,900,MILP,11484.6
18,9000,stdDP,281159
18,9000,parDP,220634
18,9000,extDP,4357.82
18,9000,MILP,12749.9
18,9300,stdDP,323753
18,9300,parDP,158416
18,9300,extDP,2902.34
18,9300,MILP,11435.7
18,9600,stdDP,290640
18,9600,parDP,155053
18,9600,extDP,2828.52
18,9600,MILP,18626.9
18,9900,stdDP,543622
18,9900,parDP,421251
18,9900,extDP,8312.3
18,9900,MILP,22771.2
19,1200,stdDP,1.60904e+06
19,1200,parDP,625311
19,1200,extDP,87854.9
19,1200,MILP,27751
19,1500,stdDP,904196
19,1500,parDP,421419
19,1500,extDP,89749.4
19,1500,MILP,41636.2
19,1800,stdDP,856392
19,1800,parDP,368143
19,1800,extDP,79471.6
19,1800,MILP,23272.5
19,2100,stdDP,986812
19,2100,parDP,335510
19,2100,extDP,81877.4
19,2100,MILP,24508.2
19,2400,stdDP,781721
19,2400,parDP,316080
19,2400,extDP,83279.6
19,2400,MILP,26260.5
19,2700,stdDP,798709
19,2700,parDP,330986
19,2700,extDP,77361.5
19,2700,MILP,24332.6
19,300,stdDP,832492
19,300,parDP,316393
19,300,extDP,76757.7
19,300,MILP,25394.7
19,3000,stdDP,780800
19,3000,parDP,370601
19,3000,extDP,90597.9
19,3000,MILP,27311.3
19,3300,stdDP,850782
19,3300,parDP,409423
19,3300,extDP,95595.2
19,3300,MILP,42414.2
19,3600,stdDP,843373
19,3600,parDP,317632
19,3600,extDP,77645
19,3600,MILP,24906.4
19,3900,stdDP,863488
19,3900,parDP,355381
19,3900,extDP,85493.7
19,3900,MILP,25332.2
19,4200,stdDP,795432
19,4200,parDP,310236
19,4200,extDP,79097.6
19,4200,MILP,25284.5
19,4500,stdDP,810668
19,4500,parDP,402641
19,4500,extDP,95051.6
19,4500,MILP,27761.6
19,4800,stdDP,823010
19,4800,parDP,314390
19,4800,extDP,79546.1
19,4800,MILP,23937.7
19,5100,stdDP,733912
19,5100,parDP,292563
19,5100,extDP,74617.5
19,5100,MILP,24046.2
19,5400,stdDP,754683
19,5400,parDP,290887
19,5400,extDP,77393.9
19,5400,MILP,22913.6
19,5700,stdDP,765615
19,5700,parDP,319874
19,5700,extDP,80533
19,5700,MILP,28426.1
19,600,stdDP,820688
19,600,parDP,326342
19,600,extDP,78715.5
19,600,MILP,25135.7
19,6000,stdDP,904454
19,6000,parDP,358409
19,6000,extDP,84473.2
19,6000,MILP,28771.5
19,6300,stdDP,855103
19,6300,parDP,306845
19,6300,extDP,80098.1
19,6300,MILP,24640
19,6600,stdDP,790233
19,6600,parDP,332090
19,6600,extDP,85501
19,6600,MILP,26002.2
19,6900,stdDP,807500
19,6900,parDP,330977
19,6900,extDP,84258.5
19,6900,MILP,26232
19,7200,stdDP,811040
19,7200,parDP,314049
19,7200,extDP,78720.5
19,7200,MILP,26362
19,7500,stdDP,948798
19,7500,parDP,319114
19,7500,extDP,81051
19,7500,MILP,25425.3
19,7800,stdDP,790718
19,7800,parDP,402880
19,7800,extDP,94830.6
19,7800,MILP,28102.4
19,8100,stdDP,917711
19,8100,parDP,385493
19,8100,extDP,94607
19,8100,MILP,31067.6
19,8400,stdDP,945024
19,8400,parDP,342189
19,8400,extDP,84899.4
19,8400,MILP,25629.6
19,8700,stdDP,804545
19,8700,parDP,328834
19,8700,extDP,98762.7
19,8700,MILP,25496.8
19,900,stdDP,845271
19,900,parDP,346138
19,900,extDP,108537
19,900,MILP,32316.9
19,9000,stdDP,905092
19,9000,parDP,409376
19,9000,extDP,92102.6
19,9000,MILP,32146.7
19,9300,stdDP,796381
19,9300,parDP,322025
19,9300,extDP,93153.7
19,9300,MILP,27777.2
19,9600,stdDP,800520
19,9600,parDP,320723
19,9600,extDP,79815.4
19,9600,MILP,28284.4
19,9900,stdDP,780570
19,9900,parDP,314126
19,9900,extDP,82137.1
19,9900,MILP,23756.1
2,1200,stdDP,332189
2,1200,parDP,175863
2,1200,extDP,17043.2
2,1200,MILP,13185.1
2,1500,stdDP,341738
2,1500,parDP,175509
2,1500,extDP,7157.15
2,1500,MILP,13599.7
2,1800,stdDP,340759
2,1800,parDP,173441
2,1800,extDP,7957.21
2,1800,MILP,12447.9
2,2100,stdDP,337062
2,2100,parDP,175030
2,2100,extDP,10925.8
2,2100,MILP,14681.7
2,2400,stdDP,341200
2,2400,parDP,174731
2,2400,extDP,7774.99
2,2400,MILP,14644.6
2,2700,stdDP,349727
2,2700,parDP,177796
2,2700,extDP,8315.8
2,2700,MILP,14498.3
2,300,stdDP,360538
2,300,parDP,182402
2,300,extDP,8773.83
2,300,MILP,14535.9
2,3000,stdDP,359641
2,3000,parDP,177363
2,3000,extDP,7354.16
2,3000,MILP,12832.2
2,3300,stdDP,339344
2,3300,parDP,179639
2,3300,extDP,8075.94
2,3300,MILP,14016.8
2,3600,stdDP,342799
2,3600,parDP,179916
2,3600,extDP,8255.42
2,3600,MILP,13313.5
2,3900,stdDP,348892
2,3900,parDP,188262
2,3900,extDP,7823.18
2,3900,MILP,15996.7
2,4200,stdDP,350578
2,4200,parDP,181426
2,4200,extDP,9569.81
2,4200,MILP,14821.9
2,4500,stdDP,342478
2,4500,parDP,175794
2,4500,extDP,8536.32
2,4500,MILP,14914.4
2,4800,stdDP,343760
2,4800,parDP,187795
2,4800,extDP,7695.01
2,4800,MILP,13329.1
2,5100,stdDP,351086
2,5100,parDP,182306
2,5100,extDP,8831.94
2,5100,MILP,12956.8
2,5400,stdDP,348514
2,5400,parDP,194578
2,5400,extDP,7642.73
2,5400,MILP,13291
2,5700,stdDP,350013
2,5700,parDP,187995
2,5700,extDP,8140.17
2,5700,MILP,13480.2
2,600,stdDP,371611
2,600,parDP,181341
2,600,extDP,7328.44
2,600,MILP,12932.5
2,6000,stdDP,340163
2,6000,parDP,177280
2,6000,extDP,7998.74
2,6000,MILP,13301.9
2,6300,stdDP,343856
2,6300,parDP,179035
2,6300,extDP,8032.8
2,6300,MILP,13180.8
2,6600,stdDP,358222
2,6600,parDP,184562
2,6600,extDP,8359.18
2,6600,MILP,13507.6
2,6900,stdDP,360029
2,6900,parDP,185441
2,6900,extDP,9344.57
2,6900,MILP,15010.8
2,7200,stdDP,358557
2,7200,parDP,176171
2,7200,extDP,7784.39
2,7200,MILP,13383.4
2,7500,stdDP,368034
2,7500,parDP,177384
2,7500,extDP,7753.18
2,7500,MILP,12459
2,7800,stdDP,357646
2,7800,parDP,181821
2,7800,extDP,10134.2
2,7800,MILP,14838.5
2,8100,stdDP,355250
2,8100,parDP,364807
2,8100,extDP,10378.9
2,8100,MILP,15047.1
2,8400,stdDP,392567
2,8400,parDP,227201
2,8400,extDP,13524.1
2,8400,MILP,15359.7
2,8700,stdDP,364509
2,8700,parDP,203869
2,8700,extDP,7885.99
2,8700,MILP,16397.8
2,900,stdDP,361040
2,900,parDP,187724
2,900,extDP,13938
2,900,MILP,13504.2
2,9000,stdDP,373730
2,9000,parDP,184829
2,9000,extDP,9042.77
2,9000,MILP,12683.8
2,9300,stdDP,364489
2,9300,parDP,183732
2,9300,extDP,12254.7
2,9300,MILP,14209.1
2,9600,stdDP,572339
2,9600,parDP,205391
2,9600,extDP,7727.96
2,9600,MILP,17877.2
2,9900,stdDP,362761
2,9900,parDP,196643
2,9900,extDP,7281.43
2,9900,MILP,14649.5
20,1200,stdDP,372526
20,1200,parDP,259005
20,1200,extDP,23293.8
20,1200,MILP,24982.3
20,1500,stdDP,389419
20,1500,parDP,194187
20,1500,extDP,16416.1
20,1500,MILP,15488.9
20,1800,stdDP,388771
20,1800,parDP,215523
20,1800,extDP,13971.9
20,1800,MILP,14348.4
20,2100,stdDP,378979
20,2100,parDP,203348
20,2100,extDP,14624.7
20,2100,MILP,16623
20,2400,stdDP,376377
20,2400,parDP,191796
20,2400,extDP,14340.6
20,2400,MILP,17164.8
20,2700,stdDP,632158
20,2700,parDP,206764
20,2700,extDP,23398.1
20,2700,MILP,16849.4
20,300,stdDP,394328
20,300,parDP,211814
20,300,extDP,14717.6
20,300,MILP,14586.8
20,3000,stdDP,382965
20,3000,parDP,179316
20,3000,extDP,15372.4
20,3000,MILP,13905.9
20,3300,stdDP,373683
20,3300,parDP,184861
20,3300,extDP,14137.8
20,3300,MILP,13520.5
20,3600,stdDP,372802
20,3600,parDP,198843
20,3600,extDP,15370.2
20,3600,MILP,16111
20,3900,stdDP,360430
20,3900,parDP,188736
20,3900,extDP,16789.3
20,3900,MILP,15532.9
20,4200,stdDP,377355
20,4200,parDP,203404
20,4200,extDP,15495.6
20,4200,MILP,17502.5
20,4500,stdDP,365329
20,4500,parDP,191881
20,4500,extDP,14043.9
20,4500,MILP,20363.4
20,4800,stdDP,367640
20,4800,parDP,212988
20,4800,extDP,15230.8
20,4800,MILP,18169.4
20,5100,stdDP,387006
20,5100,parDP,200480
20,5100,extDP,15140.8
20,5100,MILP,19453.8
20,5400,stdDP,370898
20,5400,parDP,196861
20,5400,extDP,16865.7
20,5400,MILP,17199.5
20,5700,stdDP,412538
20,5700,parDP,207879
20,5700,extDP,18881.3
20,5700,MILP,18832.3
20,600,stdDP,440471
20,600,parDP,240768
20,600,extDP,16690.6
20,600,MILP,21667.7
20,6000,stdDP,388665
20,6000,parDP,201197
20,6000,extDP,14841.8
20,6000,MILP,15742.6
20,6300,stdDP,364334
20,6300,parDP,235642
20,6300,extDP,15038.5
20,6300,MILP,15803.3
20,6600,stdDP,375116
20,6600,parDP,211645
20,6600,extDP,15105.5
20,6600,MILP,17174
20,6900,stdDP,547711
20,6900,parDP,323146
20,6900,extDP,32552.5
20,6900,MILP,28613.3
20,7200,stdDP,651781
20,7200,parDP,237822
20,7200,extDP,22267.9
20,7200,MILP,25876
20,7500,stdDP,470910
20,7500,parDP,236458
20,7500,extDP,14510.5
20,7500,MILP,23186.9
20,7800,stdDP,391347
20,7800,parDP,235217
20,7800,extDP,18008
20,7800,MILP,16607.9
20,8100,stdDP,402841
20,8100,parDP,203843
20,8100,extDP,15725.5
20,8100,MILP,14556.6
20,8400,stdDP,365411
20,8400,parDP,181742
20,8400,extDP,15811.3
20,8400,MILP,17769.5
20,8700,stdDP,389484
20,8700,parDP,221097
20,8700,extDP,19966.4
20,8700,MILP,14952.4
20,900,stdDP,430287
20,900,parDP,187486
20,900,extDP,15357.3
20,900,MILP,21410.2
20,9000,stdDP,472457
20,9000,parDP,193275
20,9000,extDP,14647.4
20,9000,MILP,14353.8
20,9300,stdDP,367744
20,9300,parDP,197612
20,9300,extDP,14904.5
20,9300,MILP,16265.8
20,9600,stdDP,380480
20,9600,parDP,191208
20,9600,extDP,14520.4
20,9600,MILP,14432.8
20,9900,stdDP,357178
20,9900,parDP,180779
20,9900,extDP,13830.3
20,9900,MILP,14904.6
21,1200,stdDP,335748
21,1200,parDP,180928
21,1200,extDP,6932.57
21,1200,MILP,13076.4
21,1500,stdDP,333462
21,1500,parDP,201763
21,1500,extDP,8105.15
21,1500,MILP,16191
21,1800,stdDP,368934
21,1800,parDP,195792
21,1800,extDP,8276.44
21,1800,MILP,19506.1
21,2100,stdDP,335629
21,2100,parDP,172490
21,2100,extDP,5731.27
21,2100,MILP,13164.1
21,2400,stdDP,326418
21,2400,parDP,190775
21,2400,extDP,9058.84
21,2400,MILP,13848.4
21,2700,stdDP,360395
21,2700,parDP,217291
21,2700,extDP,7849.67
21,2700,MILP,16234.5
21,300,stdDP,372405
21,300,parDP,212898
21,300,extDP,8794.57
21,300,MILP,15359.3
21,3000,stdDP,392021
21,3000,parDP,214622
21,3000,extDP,9451.07
21,3000,MILP,16008.2
21,3300,stdDP,574255
21,3300,parDP,431208
21,3300,extDP,19806.7
21,3300,MILP,22984.5
21,3600,stdDP,709392
21,3600,parDP,267432
21,3600,extDP,15123.4
21,3600,MILP,17428.9
21,3900,stdDP,384162
21,3900,parDP,219547
21,3900,extDP,10777.6
21,3900,MILP,19911.9
21,4200,stdDP,361286
21,4200,parDP,209786
21,4200,extDP,7744.73
21,4200,MILP,12841
21,4500,stdDP,339732
21,4500,parDP,180607
21,4500,extDP,7372.76
21,4500,MILP,14498.2
21,4800,stdDP,341895
21,4800,parDP,188592
21,4800,extDP,6653.96
21,4800,MILP,13718.6
21,5100,stdDP,340941
21,5100,parDP,174436
21,5100,extDP,6908.37
21,5100,MILP,16811.9
21,5400,stdDP,363960
21,5400,parDP,240063
21,5400,extDP,8442.01
21,5400,MILP,14609.3
21,5700,stdDP,324740
21,5700,parDP,176323
21,5700,extDP,6788.56
21,5700,MILP,14957.1
21,600,stdDP,328822
21,600,parDP,184308
21,600,extDP,6767.77
21,600,MILP,15632.1
21,6000,stdDP,350114
21,6000,parDP,179566
21,6000,extDP,6855.75
21,6000,MILP,12651
21,6300,stdDP,349278
21,6300,parDP,175619
21,6300,extDP,6471.64
21,6300,MILP,13277.6
21,6600,stdDP,331288
21,6600,parDP,185122
21,6600,extDP,6707.39
21,6600,MILP,13961
21,6900,stdDP,384262
21,6900,parDP,212395
21,6900,extDP,11850.9
21,6900,MILP,15514.9
21,7200,stdDP,425767
21,7200,parDP,313141
21,7200,extDP,11282.7
21,7200,MILP,27405.9
21,7500,stdDP,550908
21,7500,parDP,406906
21,7500,extDP,14940.2
21,7500,MILP,23747
21,7800,stdDP,526374
21,7800,parDP,242753
21,7800,extDP,14785.9
21,7800,MILP,15932.7
21,8100,stdDP,426529
21,8100,parDP,213708
21,8100,extDP,10707.5
21,8100,MILP,13605
21,8400,stdDP,373782
21,8400,parDP,192175
21,8400,extDP,7868.87
21,8400,MILP,14097.9
21,8700,stdDP,357696
21,8700,parDP,184343
21,8700,extDP,7235.22
21,8700,MILP,15073.3
21,900,stdDP,359635
21,900,parDP,197873
21,900,extDP,8181.05
21,900,MILP,19597.3
21,9000,stdDP,364070
21,9000,parDP,187439
21,9000,extDP,7671.59
21,9000,MILP,12837.7
21,9300,stdDP,348462
21,9300,parDP,174730
21,9300,extDP,6636.89
21,9300,MILP,15356.6
21,9600,stdDP,342385
21,9600,parDP,181654
21,9600,extDP,6650.22
21,9600,MILP,15364.4
21,9900,stdDP,344769
21,9900,parDP,173248
21,9900,extDP,6325.9
21,9900,MILP,13112.1
22,1200,stdDP,316101
22,1200,parDP,175325
22,1200,extDP,2957.04
22,1200,MILP,10889.6
22,1500,stdDP,309301
22,1500,parDP,162221
22,1500,extDP,3046.27
22,1500,MILP,11810.7
22,1800,stdDP,314282
22,1800,parDP,170651
22,1800,extDP,3695.33
22,1800,MILP,10088.3
22,2100,stdDP,297583
22,2100,parDP,174896
22,2100,extDP,3167.8
22,2100,MILP,15888.1
22,2400,stdDP,305258
22,2400,parDP,187226
22,2400,extDP,3316.14
22,2400,MILP,12272
22,2700,stdDP,311909
22,2700,parDP,172346
22,2700,extDP,2486.37
22,2700,MILP,11417
22,300,stdDP,298945
22,300,parDP,191041
22,300,extDP,3395.82
22,300,MILP,14615.1
22,3000,stdDP,320920
22,3000,parDP,190910
22,3000,extDP,7143.1
22,3000,MILP,15892.7
22,3300,stdDP,325618
22,3300,parDP,178427
22,3300,extDP,3070.28
22,3300,MILP,13219.6
22,3600,stdDP,302758
22,3600,parDP,199228
22,3600,extDP,3328.65
22,3600,MILP,14524.6
22,3900,stdDP,316579
22,3900,parDP,181113
22,3900,extDP,2942.39
22,3900,MILP,13517.6
22,4200,stdDP,318522
22,4200,parDP,181816
22,4200,extDP,4189.31
22,4200,MILP,13480.1
22,4500,stdDP,431355
22,4500,parDP,209546
22,4500,extDP,4171.82
22,4500,MILP,17280.4
22,4800,stdDP,366683
22,4800,parDP,181964
22,4800,extDP,3996.9
22,4800,MILP,15196.2
22,5100,stdDP,323201
22,5100,parDP,198232
22,5100,extDP,8226.91
22,5100,MILP,16974.7
22,5400,stdDP,360640
22,5400,parDP,295623
22,5400,extDP,5758.35
22,5400,MILP,14416.9
22,5700,stdDP,330993
22,5700,parDP,169679
22,5700,extDP,2963.45
22,5700,MILP,14394
22,600,stdDP,299753
22,600,parDP,182179
22,600,extDP,3425.71
22,600,MILP,10951.7
22,6000,stdDP,295688
22,6000,parDP,178686
22,6000,extDP,6401.25
22,6000,MILP,17217.4
22,6300,stdDP,301802
22,6300,parDP,167129
22,6300,extDP,3130.79
22,6300,MILP,10590.3
22,6600,stdDP,289788
22,6600,parDP,162431
22,6600,extDP,2970.79
22,6600,MILP,10581.2
22,6900,stdDP,279280
22,6900,parDP,153893
22,6900,extDP,3054.06
22,6900,MILP,10580.4
22,7200,stdDP,276650
22,7200,parDP,152794
22,7200,extDP,6269.84
22,7200,MILP,11290.8
22,7500,stdDP,273831
22,7500,parDP,154121
22,7500,extDP,2773.21
22,7500,MILP,10319
22,7800,stdDP,275368
22,7800,parDP,154520
22,7800,extDP,3398.36
22,7800,MILP,10734.2
22,8100,stdDP,275160
22,8100,parDP,155771
22,8100,extDP,3560.67
22,8100,MILP,11760.8
22,8400,stdDP,283560
22,8400,parDP,158804
22,8400,extDP,2940.59
22,8400,MILP,10997.1
22,8700,stdDP,272458
22,8700,parDP,151604
22,8700,extDP,2674.57
22,8700,MILP,10304.9
22,900,stdDP,273901
22,900,parDP,155201
22,900,extDP,2690.77
22,900,MILP,10566.8
22,9000,stdDP,284472
22,9000,parDP,155627
22,9000,extDP,2694.11
22,9000,MILP,9777.88
22,9300,stdDP,274980
22,9300,parDP,151380
22,9300,extDP,2443.66
22,9300,MILP,10021.5
22,9600,stdDP,287177
22,9600,parDP,158571
22,9600,extDP,2852.4
22,9600,MILP,10954.5
22,9900,stdDP,280345
22,9900,parDP,161477
22,9900,extDP,2329.2
22,9900,MILP,9469.07
23,1200,stdDP,294277
23,1200,parDP,159964
23,1200,extDP,6572.35
23,1200,MILP,15301.4
23,1500,stdDP,285823
23,1500,parDP,162524
23,1500,extDP,2835.16
23,1500,MILP,11235.3
23,1800,stdDP,285266
23,1800,parDP,157941
23,1800,extDP,3042.79
23,1800,MILP,10282.3
23,2100,stdDP,288937
23,2100,parDP,160622
23,2100,extDP,3198.11
23,2100,MILP,10600.8
23,2400,stdDP,294644
23,2400,parDP,164456
23,2400,extDP,2540.8
23,2400,MILP,9836.35
23,2700,stdDP,285359
23,2700,parDP,177682
23,2700,extDP,2631.86
23,2700,MILP,11140.7
23,300,stdDP,289500
23,300,parDP,166508
23,300,extDP,4699.91
23,300,MILP,11027.3
23,3000,stdDP,293765
23,3000,parDP,170708
23,3000,extDP,11963.3
23,3000,MILP,13381
23,3300,stdDP,327696
23,3300,parDP,158160
23,3300,extDP,6072.48
23,3300,MILP,10229.1
23,3600,stdDP,311006
23,3600,parDP,156716
23,3600,extDP,2964.03
23,3600,MILP,10449.3
23,3900,stdDP,278476
23,3900,parDP,155245
23,3900,extDP,3409.94
23,3900,MILP,10491.3
23,4200,stdDP,271883
23,4200,parDP,160093
23,4200,extDP,2085.49
23,4200,MILP,10530.1
23,4500,stdDP,279993
23,4500,parDP,169231
23,4500,extDP,2825.84
23,4500,MILP,10309.8
23,4800,stdDP,289884
23,4800,parDP,168754
23,4800,extDP,3921.11
23,4800,MILP,14721.1
23,5100,stdDP,286195
23,5100,parDP,160433
23,5100,extDP,2213.88
23,5100,MILP,11319
23,5400,stdDP,300587
23,5400,parDP,168704
23,5400,extDP,2575.73
23,5400,MILP,11324.4
23,5700,stdDP,295005
23,5700,parDP,177476
23,5700,extDP,3329.8
23,5700,MILP,15206.7
23,600,stdDP,307236
23,600,parDP,182628
23,600,extDP,3080.11
23,600,MILP,11760.5
23,6000,stdDP,296551
23,6000,parDP,171746
23,6000,extDP,4720.71
23,6000,MILP,14046.3
23,6300,stdDP,302802
23,6300,parDP,175914
23,6300,extDP,2370.13
23,6300,MILP,11161.8
23,6600,stdDP,290459
23,6600,parDP,154709
23,6600,extDP,3600.52
23,6600,MILP,12646.8
23,6900,stdDP,299322
23,6900,parDP,163864
23,6900,extDP,3188.85
23,6900,MILP,11759.9
23,7200,stdDP,306952
23,7200,parDP,168990
23,7200,extDP,2547.61
23,7200,MILP,12059.7
23,7500,stdDP,303679
23,7500,parDP,166024
23,7500,extDP,2365.56
23,7500,MILP,11537.1
23,7800,stdDP,325417
23,7800,parDP,177710
23,7800,extDP,2801.11
23,7800,MILP,12568.9
23,8100,stdDP,297258
23,8100,parDP,160902
23,8100,extDP,2730.64
23,8100,MILP,11852.8
23,8400,stdDP,302505
23,8400,parDP,172217
23,8400,extDP,3048.2
23,8400,MILP,10824.6
23,8700,stdDP,297644
23,8700,parDP,176312
23,8700,extDP,2346.68
23,8700,MILP,13147.4
23,900,stdDP,306707
23,900,parDP,172273
23,900,extDP,2872.15
23,900,MILP,12990
23,9000,stdDP,310475
23,9000,parDP,170602
23,9000,extDP,2976.69
23,9000,MILP,11371.3
23,9300,stdDP,306167
23,9300,parDP,171033
23,9300,extDP,2186.93
23,9300,MILP,10851.1
23,9600,stdDP,297667
23,9600,parDP,173186
23,9600,extDP,4095.98
23,9600,MILP,11738
23,9900,stdDP,292426
23,9900,parDP,170556
23,9900,extDP,2883.65
23,9900,MILP,15729.4
24,1200,stdDP,364267
24,1200,parDP,194468
24,1200,extDP,6693.6
24,1200,MILP,12381.5
24,1500,stdDP,365534
24,1500,parDP,175023
24,1500,extDP,8033.66
24,1500,MILP,16002.9
24,1800,stdDP,423036
24,1800,parDP,184052
24,1800,extDP,9482.24
24,1800,MILP,15937.7
24,2100,stdDP,417048
24,2100,parDP,244665
24,2100,extDP,7290.34
24,2100,MILP,14587.7
24,2400,stdDP,469369
24,2400,parDP,249566
24,2400,extDP,9191.43
24,2400,MILP,16420.1
24,2700,stdDP,536268
24,2700,parDP,258408
24,2700,extDP,12193.3
24,2700,MILP,16853.8
24,300,stdDP,427063
24,300,parDP,238989
24,300,extDP,6438.31
24,300,MILP,13916.1
24,3000,stdDP,555197
24,3000,parDP,258776
24,3000,extDP,9383.13
24,3000,MILP,19673.9
24,3300,stdDP,490028
24,3300,parDP,305398
24,3300,extDP,15227.8
24,3300,MILP,17124.1
24,3600,stdDP,592718
24,3600,parDP,252122
24,3600,extDP,13536.5
24,3600,MILP,15954.7
24,3900,stdDP,369448
24,3900,parDP,235908
24,3900,extDP,7194.14
24,3900,MILP,13584.6
24,4200,stdDP,370734
24,4200,parDP,209640
24,4200,extDP,6992.72
24,4200,MILP,12720.7
24,4500,stdDP,401280
24,4500,parDP,219413
24,4500,extDP,7711.89
24,4500,MILP,13869.8
24,4800,stdDP,352120
24,4800,parDP,185738
24,4800,extDP,7972.7
24,4800,MILP,13499
24,5100,stdDP,363523
24,5100,parDP,194817
24,5100,extDP,7552.91
24,5100,MILP,13150.2
24,5400,stdDP,423621
24,5400,parDP,241878
24,5400,extDP,6983.91
24,5400,MILP,23541.2
24,5700,stdDP,392324
24,5700,parDP,189155
24,5700,extDP,8038.44
24,5700,MILP,12849.8
24,600,stdDP,413410
24,600,parDP,196857
24,600,extDP,7823.06
24,600,MILP,16495.1
24,6000,stdDP,437543
24,6000,parDP,306132
24,6000,extDP,11955.1
24,6000,MILP,15601.8
24,6300,stdDP,552912
24,6300,parDP,391579
24,6300,extDP,11464.6
24,6300,MILP,22097.7
24,6600,stdDP,534452
24,6600,parDP,282473
24,6600,extDP,21612.5
24,6600,MILP,35110.2
24,6900,stdDP,728059
24,6900,parDP,297229
24,6900,extDP,12660.9
24,6900,MILP,23061.4
24,7200,stdDP,469464
24,7200,parDP,235230
24,7200,extDP,12480.1
24,7200,MILP,21567.4
24,7500,stdDP,469592
24,7500,parDP,221882
24,7500,extDP,12123.6
24,7500,MILP,23328.1
24,7800,stdDP,512292
24,7800,parDP,219565
24,7800,extDP,7592.77
24,7800,MILP,13843
24,8100,stdDP,459936
24,8100,parDP,201241
24,8100,extDP,7530.28
24,8100,MILP,13658.9
24,8400,stdDP,509102
24,8400,parDP,230225
24,8400,extDP,10979.1
24,8400,MILP,16172.2
24,8700,stdDP,379431
24,8700,parDP,202290
24,8700,extDP,8134.02
24,8700,MILP,16653.8
24,900,stdDP,389192
24,900,parDP,215771
24,900,extDP,7372.89
24,900,MILP,13798.3
24,9000,stdDP,399362
24,9000,parDP,207208
24,9000,extDP,7639.73
24,9000,MILP,12436.7
24,9300,stdDP,358793
24,9300,parDP,194144
24,9300,extDP,7365.47
24,9300,MILP,13752.9
24,9600,stdDP,373158
24,9600,parDP,209956
24,9600,extDP,7382.48
24,9600,MILP,14666.6
24,9900,stdDP,355312
24,9900,parDP,201805
24,9900,extDP,7653.9
24,9900,MILP,14661
25,1200,stdDP,437948
25,1200,parDP,232923
25,1200,extDP,29500.1
25,1200,MILP,17945.1
25,1500,stdDP,419740
25,1500,parDP,326231
25,1500,extDP,65301.4
25,1500,MILP,31741.2
25,1800,stdDP,578070
25,1800,parDP,192795
25,1800,extDP,32230.2
25,1800,MILP,22427.8
25,2100,stdDP,427514
25,2100,parDP,326541
25,2100,extDP,50099.6
25,2100,MILP,31410.3
25,2400,stdDP,652602
25,2400,parDP,293570
25,2400,extDP,63099.9
25,2400,MILP,23029.5
25,2700,stdDP,459169
25,2700,parDP,247539
25,2700,extDP,43350.2
25,2700,MILP,34429.3
25,300,stdDP,447913
25,300,parDP,231827
25,300,extDP,33722.9
25,300,MILP,23019.6
25,3000,stdDP,406088
25,3000,parDP,230405
25,3000,extDP,44177.9
25,3000,MILP,21653.8
25,3300,stdDP,486692
25,3300,parDP,278938
25,3300,extDP,48946.5
25,3300,MILP,29303.1
25,3600,stdDP,720546
25,3600,parDP,491330
25,3600,extDP,49348.7
25,3600,MILP,31942.1
25,3900,stdDP,728391
25,3900,parDP,365220
25,3900,extDP,60556.5
25,3900,MILP,30762
25,4200,stdDP,706202
25,4200,parDP,265054
25,4200,extDP,46998.8
25,4200,MILP,30061.2
25,4500,stdDP,690868
25,4500,parDP,310184
25,4500,extDP,39361.1
25,4500,MILP,28619.4
25,4800,stdDP,687240
25,4800,parDP,255788
25,4800,extDP,42748.7
25,4800,MILP,28832.5
25,5100,stdDP,576409
25,5100,parDP,276189
25,5100,extDP,50744
25,5100,MILP,28040.2
25,5400,stdDP,675894
25,5400,parDP,278133
25,5400,extDP,38418.2
25,5400,MILP,39616.8
25,5700,stdDP,553304
25,5700,parDP,268057
25,5700,extDP,46430.2
25,5700,MILP,28067.8
25,600,stdDP,506612
25,600,parDP,246642
25,600,extDP,40654.5
25,600,MILP,19340.4
25,6000,stdDP,428418
25,6000,parDP,242370
25,6000,extDP,33432.2
25,6000,MILP,24082.4
25,6300,stdDP,436133
25,6300,parDP,258133
25,6300,extDP,33179.6
25,6300,MILP,19942.3
25,6600,stdDP,429995
25,6600,parDP,234321
25,6600,extDP,35194.6
25,6600,MILP,20760.4
25,6900,stdDP,439647
25,6900,parDP,236597
25,6900,extDP,43508.1
25,6900,MILP,25758.5
25,7200,stdDP,443887
25,7200,parDP,242077
25,7200,extDP,38610.5
25,7200,MILP,20087.1
25,7500,stdDP,436620
25,7500,parDP,236258
25,7500,extDP,39930.7
25,7500,MILP,19439.6
25,7800,stdDP,448119
25,7800,parDP,242160
25,7800,extDP,33533.2
25,7800,MILP,22730.2
25,8100,stdDP,466348
25,8100,parDP,256708
25,8100,extDP,41559.1
25,8100,MILP,21798.6
25,8400,stdDP,433639
25,8400,parDP,283552
25,8400,extDP,34293.5
25,8400,MILP,26290.3
25,8700,stdDP,596967
25,8700,parDP,289577
25,8700,extDP,42410.1
25,8700,MILP,28829.6
25,900,stdDP,720142
25,900,parDP,252981
25,900,extDP,47486.5
25,900,MILP,22529.1
25,9000,stdDP,481644
25,9000,parDP,244747
25,9000,extDP,44723.3
25,9000,MILP,21570.7
25,9300,stdDP,471199
25,9300,parDP,289027
25,9300,extDP,61947.9
25,9300,MILP,28469.9
25,9600,stdDP,485698
25,9600,parDP,252685
25,9600,extDP,63507.8
25,9600,MILP,25507
25,9900,stdDP,568849
25,9900,parDP,355319
25,9900,extDP,45040.2
25,9900,MILP,28791.4
26,1200,stdDP,654916
26,1200,parDP,293335
26,1200,extDP,24701.1
26,1200,MILP,25831.1
26,1500,stdDP,586397
26,1500,parDP,246802
26,1500,extDP,20537.1
26,1500,MILP,19104.9
26,1800,stdDP,606403
26,1800,parDP,261315
26,1800,extDP,21008.7
26,1800,MILP,29732
26,2100,stdDP,618258
26,2100,parDP,253094
26,2100,extDP,15852.3
26,2100,MILP,16025.3
26,2400,stdDP,426096
26,2400,parDP,238966
26,2400,extDP,16501.4
26,2400,MILP,16152
26,2700,stdDP,440629
26,2700,parDP,338250
26,2700,extDP,26187
26,2700,MILP,16753.6
26,300,stdDP,427394
26,300,parDP,236017
26,300,extDP,35942.5
26,300,MILP,31180.1
26,3000,stdDP,487061
26,3000,parDP,334305
26,3000,extDP,24574.7
26,3000,MILP,23068.4
26,3300,stdDP,629921
26,3300,parDP,346125
26,3300,extDP,21805.5
26,3300,MILP,23447.1
26,3600,stdDP,757637
26,3600,parDP,254383
26,3600,extDP,21817.2
26,3600,MILP,18117.1
26,3900,stdDP,515562
26,3900,parDP,228248
26,3900,extDP,17287.3
26,3900,MILP,28990.7
26,4200,stdDP,437509
26,4200,parDP,244183
26,4200,extDP,16237.3
26,4200,MILP,16592.4
26,4500,stdDP,443794
26,4500,parDP,242293
26,4500,extDP,23783.9
26,4500,MILP,24398
26,4800,stdDP,455793
26,4800,parDP,223610
26,4800,extDP,18439.3
26,4800,MILP,16758.4
26,5100,stdDP,777013
26,5100,parDP,393122
26,5100,extDP,25198.1
26,5100,MILP,23384
26,5400,stdDP,605062
26,5400,parDP,227466
26,5400,extDP,30710.6
26,5400,MILP,31389.9
26,5700,stdDP,457870
26,5700,parDP,229840
26,5700,extDP,16133.4
26,5700,MILP,17999.1
26,600,stdDP,435318
26,600,parDP,236845
26,600,extDP,29708.8
26,600,MILP,16631.9
26,6000,stdDP,423830
26,6000,parDP,229109
26,6000,extDP,17290.3
26,6000,MILP,19533.5
26,6300,stdDP,437635
26,6300,parDP,203637
26,6300,extDP,16232.3
26,6300,MILP,15073.9
26,6600,stdDP,397604
26,6600,parDP,193979
26,6600,extDP,15903.8
26,6600,MILP,17048.2
26,6900,stdDP,402683
26,6900,parDP,253902
26,6900,extDP,17465.8
26,6900,MILP,17738
26,7200,stdDP,495342
26,7200,parDP,257361
26,7200,extDP,23041.9
26,7200,MILP,23931.5
26,7500,stdDP,458859
26,7500,parDP,272476
26,7500,extDP,23331.1
26,7500,MILP,24548.9
26,7800,stdDP,593339
26,7800,parDP,540799
26,7800,extDP,66438.8
26,7800,MILP,25464.6
26,8100,stdDP,839325
26,8100,parDP,464659
26,8100,extDP,26192.8
26,8100,MILP,26004.7
26,8400,stdDP,603311
26,8400,parDP,269711
26,8400,extDP,19637.8
26,8400,MILP,18396
26,8700,stdDP,399990
26,8700,parDP,245758
26,8700,extDP,17214.4
26,8700,MILP,16600.2
26,900,stdDP,419791
26,900,parDP,225431
26,900,extDP,22193.1
26,900,MILP,17392.7
26,9000,stdDP,405102
26,9000,parDP,223379
26,9000,extDP,16347.6
26,9000,MILP,15532.7
26,9300,stdDP,393155
26,9300,parDP,208335
26,9300,extDP,14760.5
26,9300,MILP,16234.9
26,9600,stdDP,403885
26,9600,parDP,220266
26,9600,extDP,16347
26,9600,MILP,15625.1
26,9900,stdDP,399374
26,9900,parDP,214607
26,9900,extDP,15802.9
26,9900,MILP,16848.9
27,1200,stdDP,339506
27,1200,parDP,182613
27,1200,extDP,3386.13
27,1200,MILP,12361
27,1500,stdDP,331374
27,1500,parDP,186687
27,1500,extDP,3910.6
27,1500,MILP,13419.5
27,1800,stdDP,347667
27,1800,parDP,195992
27,1800,extDP,6988.07
27,1800,MILP,15105.5
27,2100,stdDP,346961
27,2100,parDP,192556
27,2100,extDP,3214.78
27,2100,MILP,13238.9
27,2400,stdDP,340501
27,2400,parDP,185403
27,2400,extDP,3579.16
27,2400,MILP,12595.4
27,2700,stdDP,344396
27,2700,parDP,173101
27,2700,extDP,2513.03
27,2700,MILP,11342.8
27,300,stdDP,311702
27,300,parDP,170352
27,300,extDP,2705.18
27,300,MILP,10651.1
27,3000,stdDP,312588
27,3000,parDP,203860
27,3000,extDP,2568.35
27,3000,MILP,12138.6
27,3300,stdDP,330229
27,3300,parDP,191153
27,3300,extDP,3117.53
27,3300,MILP,13026.2
27,3600,stdDP,319776
27,3600,parDP,172035
27,3600,extDP,2750.57
27,3600,MILP,11834.1
27,3900,stdDP,322074
27,3900,parDP,168200
27,3900,extDP,4336.64
27,3900,MILP,11292.3
27,4200,stdDP,317650
27,4200,parDP,168054
27,4200,extDP,2567.75
27,4200,MILP,10411.1
27,4500,stdDP,316107
27,4500,parDP,176710
27,4500,extDP,2627.51
27,4500,MILP,10609.9
27,4800,stdDP,314107
27,4800,parDP,192380
27,4800,extDP,2882.25
27,4800,MILP,12128.4
27,5100,stdDP,309640
27,5100,parDP,178945
27,5100,extDP,2960.19
27,5100,MILP,11584.1
27,5400,stdDP,310222
27,5400,parDP,175467
27,5400,extDP,2586.91
27,5400,MILP,10679.5
27,5700,stdDP,309744
27,5700,parDP,190662
27,5700,extDP,2747.67
27,5700,MILP,11093.3
27,600,stdDP,311798
27,600,parDP,168984
27,600,extDP,2818.72
27,600,MILP,11346.9
27,6000,stdDP,309602
27,6000,parDP,170437
27,6000,extDP,3062.52
27,6000,MILP,11441.8
27,6300,stdDP,314645
27,6300,parDP,173101
27,6300,extDP,2762.6
27,6300,MILP,10956.6
27,6600,stdDP,314152
27,6600,parDP,169012
27,6600,extDP,2878.55
27,6600,MILP,10903.1
27,6900,stdDP,307297
27,6900,parDP,181555
27,6900,extDP,2970.34
27,6900,MILP,11521.8
27,7200,stdDP,313662
27,7200,parDP,173577
27,7200,extDP,2476.65
27,7200,MILP,11084
27,7500,stdDP,309741
27,7500,parDP,174625
27,7500,extDP,2947.24
27,7500,MILP,11086.5
27,7800,stdDP,308131
27,7800,parDP,178255
27,7800,extDP,2947.63
27,7800,MILP,11518.9
27,8100,stdDP,307790
27,8100,parDP,170676
27,8100,extDP,2741.38
27,8100,MILP,10525.6
27,8400,stdDP,311763
27,8400,parDP,172377
27,8400,extDP,2803.17
27,8400,MILP,11909.3
27,8700,stdDP,313527
27,8700,parDP,177365
27,8700,extDP,2915.57
27,8700,MILP,11203.9
27,900,stdDP,316975
27,900,parDP,165323
27,900,extDP,2941.77
27,900,MILP,10681.5
27,9000,stdDP,310379
27,9000,parDP,179561
27,9000,extDP,2771.5
27,9000,MILP,11031
27,9300,stdDP,332721
27,9300,parDP,198043
27,9300,extDP,4704.31
27,9300,MILP,10633.6
27,9600,stdDP,310564
27,9600,parDP,181661
27,9600,extDP,2827.67
27,9600,MILP,11008.1
27,9900,stdDP,315222
27,9900,parDP,179797
27,9900,extDP,2784.95
27,9900,MILP,10639.3
28,1200,stdDP,370212
28,1200,parDP,193483
28,1200,extDP,24978.4
28,1200,MILP,17125.7
28,1500,stdDP,382259
28,1500,parDP,193202
28,1500,extDP,27444.5
28,1500,MILP,16768.4
28,1800,stdDP,376093
28,1800,parDP,200817
28,1800,extDP,27322.2
28,1800,MILP,18940.4
28,2100,stdDP,378455
28,2100,parDP,179067
28,2100,extDP,25788.3
28,2100,MILP,17497.5
28,2400,stdDP,380283
28,2400,parDP,187632
28,2400,extDP,26706.3
28,2400,MILP,16936.9
28,2700,stdDP,382085
28,2700,parDP,181410
28,2700,extDP,26354.5
28,2700,MILP,17540.8
28,300,stdDP,370382
28,300,parDP,178629
28,300,extDP,24590
28,300,MILP,17045.8
28,3000,stdDP,378592
28,3000,parDP,179959
28,3000,extDP,25071
28,3000,MILP,18871.1
28,3300,stdDP,593162
28,3300,parDP,214762
28,3300,extDP,36193.8
28,3300,MILP,26868.4
28,3600,stdDP,393372
28,3600,parDP,177065
28,3600,extDP,25043.8
28,3600,MILP,17821.9
28,3900,stdDP,372293
28,3900,parDP,206319
28,3900,extDP,25136.1
28,3900,MILP,16394.5
28,4200,stdDP,380459
28,4200,parDP,185036
28,4200,extDP,24988.5
28,4200,MILP,16672.4
28,4500,stdDP,375919
28,4500,parDP,190812
28,4500,extDP,24964.8
28,4500,MILP,16563.6
28,4800,stdDP,369678
28,4800,parDP,179439
28,4800,extDP,25920.5
28,4800,MILP,17776.6
28,5100,stdDP,372912
28,5100,parDP,181509
28,5100,extDP,27681.3
28,5100,MILP,16990.1
28,5400,stdDP,385488
28,5400,parDP,199654
28,5400,extDP,25707.8
28,5400,MILP,17076.2
28,5700,stdDP,367262
28,5700,parDP,178746
28,5700,extDP,24127.5
28,5700,MILP,17612.8
28,600,stdDP,380067
28,600,parDP,181289
28,600,extDP,24301.1
28,600,MILP,16589.4
28,6000,stdDP,372669
28,6000,parDP,176665
28,6000,extDP,24562.4
28,6000,MILP,16045.5
28,6300,stdDP,381508
28,6300,parDP,177204
28,6300,extDP,24923.9
28,6300,MILP,16848.4
28,6600,stdDP,369906
28,6600,parDP,177731
28,6600,extDP,24775.2
28,6600,MILP,16769.5
28,6900,stdDP,375479
28,6900,parDP,216489
28,6900,extDP,27821.3
28,6900,MILP,17786.5
28,7200,stdDP,369626
28,7200,parDP,200699
28,7200,extDP,25314
28,7200,MILP,16941
28,7500,stdDP,386611
28,7500,parDP,219559
28,7500,extDP,25489.2
28,7500,MILP,18235.8
28,7800,stdDP,374240
28,7800,parDP,199608
28,7800,extDP,25240.8
28,7800,MILP,17216.2
28,8100,stdDP,375276
28,8100,parDP,184695
28,8100,extDP,26430.7
28,8100,MILP,17193.3
28,8400,stdDP,373498
28,8400,parDP,203568
28,8400,extDP,25380.4
28,8400,MILP,17427.4
28,8700,stdDP,383389
28,8700,parDP,190165
28,8700,extDP,25217.8
28,8700,MILP,17050.7
28,900,stdDP,384927
28,900,parDP,209875
28,900,extDP,26033
28,900,MILP,16887.8
28,9000,stdDP,371208
28,9000,parDP,194954
28,9000,extDP,26304.8
28,9000,MILP,17029.8
28,9300,stdDP,375211
28,9300,parDP,183687
28,9300,extDP,24911.8
28,9300,MILP,17228.1
28,9600,stdDP,394062
28,9600,parDP,185239
28,9600,extDP,25828.3
28,9600,MILP,16414.3
28,9900,stdDP,370825
28,9900,parDP,195051
28,9900,extDP,26629.4
28,9900,MILP,19389.1
29,1200,stdDP,333954
29,1200,parDP,185478
29,1200,extDP,3339.62
29,1200,MILP,11334.7
29,1500,stdDP,326298
29,1500,parDP,182147
29,1500,extDP,2643.71
29,1500,MILP,10944.7
29,1800,stdDP,311724
29,1800,parDP,168985
29,1800,extDP,4897.6
29,1800,MILP,10578
29,2100,stdDP,315055
29,2100,parDP,184557
29,2100,extDP,3045.37
29,2100,MILP,10845.4
29,2400,stdDP,307434
29,2400,parDP,168713
29,2400,extDP,2618.22
29,2400,MILP,10673.2
29,2700,stdDP,313410
29,2700,parDP,187563
29,2700,extDP,2554.86
29,2700,MILP,10826.7
29,300,stdDP,312691
29,300,parDP,176646
29,300,extDP,2691.18
29,300,MILP,10666.8
29,3000,stdDP,317540
29,3000,parDP,180194
29,3000,extDP,2894.09
29,3000,MILP,10591.7
29,3300,stdDP,308052
29,3300,parDP,167216
29,3300,extDP,3217.36
29,3300,MILP,11764.5
29,3600,stdDP,324116
29,3600,parDP,211092
29,3600,extDP,6266.52
29,3600,MILP,19421.7
29,3900,stdDP,367508
29,3900,parDP,195620
29,3900,extDP,4085.43
29,3900,MILP,11459.1
29,4200,stdDP,342345
29,4200,parDP,199099
29,4200,extDP,3502.41
29,4200,MILP,12293
29,4500,stdDP,346774
29,4500,parDP,182853
29,4500,extDP,4905.61
29,4500,MILP,12595
29,4800,stdDP,333947
29,4800,parDP,183054
29,4800,extDP,3712.68
29,4800,MILP,12587
29,5100,stdDP,335883
29,5100,parDP,196411
29,5100,extDP,5530.87
29,5100,MILP,12588.9
29,5400,stdDP,329050
29,5400,parDP,195043
29,5400,extDP,4496.24
29,5400,MILP,12129.9
29,5700,stdDP,345961
29,5700,parDP,191181
29,5700,extDP,3071.39
29,5700,MILP,12511.3
29,600,stdDP,335958
29,600,parDP,188939
29,600,extDP,3798.05
29,600,MILP,14267.8
29,6000,stdDP,338001
29,6000,parDP,180957
29,6000,extDP,3836.46
29,6000,MILP,11760.1
29,6300,stdDP,336569
29,6300,parDP,229671
29,6300,extDP,2961.21
29,6300,MILP,16294.6
29,6600,stdDP,378062
29,6600,parDP,195709
29,6600,extDP,4746.73
29,6600,MILP,17886.9
29,6900,stdDP,355871
29,6900,parDP,210640
29,6900,extDP,5558.45
29,6900,MILP,15319.7
29,7200,stdDP,319419
29,7200,parDP,226390
29,7200,extDP,4071.82
29,7200,MILP,12587.2
29,7500,stdDP,389547
29,7500,parDP,225880
29,7500,extDP,5703.69
29,7500,MILP,21197
29,7800,stdDP,362889
29,7800,parDP,233673
29,7800,extDP,5498.84
29,7800,MILP,19289.3
29,8100,stdDP,341142
29,8100,parDP,227421
29,8100,extDP,5143.34
29,8100,MILP,19049.2
29,8400,stdDP,774763
29,8400,parDP,364921
29,8400,extDP,6173.79
29,8400,MILP,12974.1
29,8700,stdDP,523691
29,8700,parDP,215378
29,8700,extDP,5295.61
29,8700,MILP,16259.6
29,900,stdDP,414426
29,900,parDP,478173
29,900,extDP,6288.57
29,900,MILP,22437.8
29,9000,stdDP,624555
29,9000,parDP,207342
29,9000,extDP,2671.58
29,9000,MILP,10831.9
29,9300,stdDP,342496
29,9300,parDP,234701
29,9300,extDP,5646.17
29,9300,MILP,11994.3
29,9600,stdDP,388322
29,9600,parDP,219901
29,9600,extDP,3829.27
29,9600,MILP,13686.2
29,9900,stdDP,396780
29,9900,parDP,209062
29,9900,extDP,5645.45
29,9900,MILP,12221.7
3,1200,stdDP,389348
3,1200,parDP,234399
3,1200,extDP,18935.5
3,1200,MILP,16151.1
3,1500,stdDP,380222
3,1500,parDP,209273
3,1500,extDP,19350.9
3,1500,MILP,16699.5
3,1800,stdDP,440643
3,1800,parDP,235295
3,1800,extDP,21491.9
3,1800,MILP,19873.1
3,2100,stdDP,466364
3,2100,parDP,245255
3,2100,extDP,21057
3,2100,MILP,18410
3,2400,stdDP,491080
3,2400,parDP,292732
3,2400,extDP,27875.1
3,2400,MILP,19933.6
3,2700,stdDP,370913
3,2700,parDP,196954
3,2700,extDP,25117.2
3,2700,MILP,18618.5
3,300,stdDP,421063
3,300,parDP,231482
3,300,extDP,18776.6
3,300,MILP,21669.3
3,3000,stdDP,393123
3,3000,parDP,206750
3,3000,extDP,19178.4
3,3000,MILP,18136.8
3,3300,stdDP,370638
3,3300,parDP,191572
3,3300,extDP,19065.5
3,3300,MILP,17761.8
3,3600,stdDP,368530
3,3600,parDP,194926
3,3600,extDP,18169
3,3600,MILP,15520.4
3,3900,stdDP,373237
3,3900,parDP,194953
3,3900,extDP,18278
3,3900,MILP,24204.5
3,4200,stdDP,370427
3,4200,parDP,194794
3,4200,extDP,27541.3
3,4200,MILP,15919.1
3,4500,stdDP,357866
3,4500,parDP,207565
3,4500,extDP,18364.9
3,4500,MILP,18347.1
3,4800,stdDP,365410
3,4800,parDP,188445
3,4800,extDP,18441.6
3,4800,MILP,17257.2
3,5100,stdDP,383890
3,5100,parDP,201527
3,5100,extDP,18493.1
3,5100,MILP,16149
3,5400,stdDP,356442
3,5400,parDP,188679
3,5400,extDP,18680.1
3,5400,MILP,18847.3
3,5700,stdDP,368430
3,5700,parDP,201575
3,5700,extDP,19564
3,5700,MILP,17826.1
3,600,stdDP,372181
3,600,parDP,203573
3,600,extDP,18842.5
3,600,MILP,17857.8
3,6000,stdDP,400846
3,6000,parDP,202709
3,6000,extDP,17577.3
3,6000,MILP,17659.4
3,6300,stdDP,363083
3,6300,parDP,192621
3,6300,extDP,18734
3,6300,MILP,15322.9
3,6600,stdDP,349585
3,6600,parDP,189244
3,6600,extDP,18039.7
3,6600,MILP,14702.8
3,6900,stdDP,357533
3,6900,parDP,226160
3,6900,extDP,17905.9
3,6900,MILP,18708.7
3,7200,stdDP,404600
3,7200,parDP,196662
3,7200,extDP,19477.8
3,7200,MILP,16787.5
3,7500,stdDP,359228
3,7500,parDP,200791
3,7500,extDP,18622.2
3,7500,MILP,19945.7
3,7800,stdDP,371086
3,7800,parDP,241412
3,7800,extDP,25659.3
3,7800,MILP,22258.5
3,8100,stdDP,383839
3,8100,parDP,202574
3,8100,extDP,20058.3
3,8100,MILP,18074.9
3,8400,stdDP,376473
3,8400,parDP,192197
3,8400,extDP,18863.6
3,8400,MILP,16946.9
3,8700,stdDP,372604
3,8700,parDP,204570
3,8700,extDP,26689.5
3,8700,MILP,17626.2
3,900,stdDP,387223
3,900,parDP,195693
3,900,extDP,16955.4
3,900,MILP,15422.3
3,9000,stdDP,340976
3,9000,parDP,189023
3,9000,extDP,17069.2
3,9000,MILP,14827.3
3,9300,stdDP,343768
3,9300,parDP,196674
3,9300,extDP,18163.9
3,9300,MILP,15452.6
3,9600,stdDP,344529
3,9600,parDP,181814
3,9600,extDP,17526.3
3,9600,MILP,15052.9
3,9900,stdDP,370959
3,9900,parDP,189343
3,9900,extDP,17970.5
3,9900,MILP,15537.9
30,1200,stdDP,275414
30,1200,parDP,156894
30,1200,extDP,2825.18
30,1200,MILP,10288.7
30,1500,stdDP,274016
30,1500,parDP,159862
30,1500,extDP,3171.7
30,1500,MILP,12088.3
30,1800,stdDP,292671
30,1800,parDP,163331
30,1800,extDP,2819.96
30,1800,MILP,11076.2
30,2100,stdDP,305580
30,2100,parDP,170328
30,2100,extDP,2874.72
30,2100,MILP,11667.5
30,2400,stdDP,310469
30,2400,parDP,167507
30,2400,extDP,2769.68
30,2400,MILP,13750
30,2700,stdDP,311776
30,2700,parDP,170717
30,2700,extDP,3745.84
30,2700,MILP,12578.6
30,300,stdDP,298710
30,300,parDP,166377
30,300,extDP,2809.2
30,300,MILP,12466.2
30,3000,stdDP,294809
30,3000,parDP,168297
30,3000,extDP,2917.14
30,3000,MILP,12353.7
30,3300,stdDP,336834
30,3300,parDP,193589
30,3300,extDP,3623.84
30,3300,MILP,12422.8
30,3600,stdDP,315253
30,3600,parDP,167158
30,3600,extDP,2996.48
30,3600,MILP,12073.8
30,3900,stdDP,294754
30,3900,parDP,169852
30,3900,extDP,2965.67
30,3900,MILP,11654.4
30,4200,stdDP,287202
30,4200,parDP,176905
30,4200,extDP,3704.52
30,4200,MILP,11647.6
30,4500,stdDP,288986
30,4500,parDP,173439
30,4500,extDP,3360.99
30,4500,MILP,11881.2
30,4800,stdDP,289961
30,4800,parDP,172640
30,4800,extDP,2871.74
30,4800,MILP,11603.4
30,5100,stdDP,291652
30,5100,parDP,176202
30,5100,extDP,3233.82
30,5100,MILP,12213.5
30,5400,stdDP,293921
30,5400,parDP,166613
30,5400,extDP,3557.12
30,5400,MILP,12003.3
30,5700,stdDP,290901
30,5700,parDP,166600
30,5700,extDP,3116.92
30,5700,MILP,12866
30,600,stdDP,334431
30,600,parDP,167991
30,600,extDP,3583.32
30,600,MILP,12739.7
30,6000,stdDP,309986
30,6000,parDP,230127
30,6000,extDP,3926.54
30,6000,MILP,18751
30,6300,stdDP,327244
30,6300,parDP,201798
30,6300,extDP,5572.33
30,6300,MILP,16543.1
30,6600,stdDP,369157
30,6600,parDP,194489
30,6600,extDP,7041.58
30,6600,MILP,22487.3
30,6900,stdDP,329212
30,6900,parDP,220838
30,6900,extDP,3154.16
30,6900,MILP,12095
30,7200,stdDP,360241
30,7200,parDP,223798
30,7200,extDP,5053.93
30,7200,MILP,19005.1
30,7500,stdDP,348419
30,7500,parDP,207744
30,7500,extDP,7324.04
30,7500,MILP,15844.6
30,7800,stdDP,308239
30,7800,parDP,179862
30,7800,extDP,3169.63
30,7800,MILP,13257.5
30,8100,stdDP,358261
30,8100,parDP,185799
30,8100,extDP,3605.36
30,8100,MILP,11763.2
30,8400,stdDP,320919
30,8400,parDP,285631
30,8400,extDP,6280.91
30,8400,MILP,17889.7
30,8700,stdDP,345879
30,8700,parDP,218868
30,8700,extDP,3869.86
30,8700,MILP,13414.3
30,900,stdDP,484297
30,900,parDP,236810
30,900,extDP,4479.94
30,900,MILP,21472.2
30,9000,stdDP,395393
30,9000,parDP,201014
30,9000,extDP,3353.41
30,9000,MILP,19611.8
30,9300,stdDP,431248
30,9300,parDP,223364
30,9300,extDP,4163.29
30,9300,MILP,13338.7
30,9600,stdDP,359944
30,9600,parDP,206955
30,9600,extDP,3743.59
30,9600,MILP,12123.3
30,9900,stdDP,371772
30,9900,parDP,205323
30,9900,extDP,5723.67
30,9900,MILP,17280.7
31,1200,stdDP,584785
31,1200,parDP,269394
31,1200,extDP,60771.4
31,1200,MILP,28901.6
31,1500,stdDP,579552
31,1500,parDP,288260
31,1500,extDP,55449.7
31,1500,MILP,26299.6
31,1800,stdDP,654622
31,1800,parDP,358830
31,1800,extDP,57731
31,1800,MILP,30815.9
31,2100,stdDP,749160
31,2100,parDP,246308
31,2100,extDP,43389.6
31,2100,MILP,24266.5
31,2400,stdDP,490100
31,2400,parDP,213855
31,2400,extDP,37316.6
31,2400,MILP,20899.9
31,2700,stdDP,485574
31,2700,parDP,226863
31,2700,extDP,38919.1
31,2700,MILP,25586.4
31,300,stdDP,493389
31,300,parDP,265433
31,300,extDP,47719.2
31,300,MILP,24910.4
31,3000,stdDP,682946
31,3000,parDP,277314
31,3000,extDP,63362.3
31,3000,MILP,27906
31,3300,stdDP,524336
31,3300,parDP,279402
31,3300,extDP,54753.8
31,3300,MILP,32318.9
31,3600,stdDP,567729
31,3600,parDP,291520
31,3600,extDP,49618.6
31,3600,MILP,25083.7
31,3900,stdDP,692879
31,3900,parDP,343358
31,3900,extDP,40311.5
31,3900,MILP,20580.3
31,4200,stdDP,505334
31,4200,parDP,255968
31,4200,extDP,41728.2
31,4200,MILP,21998.9
31,4500,stdDP,538585
31,4500,parDP,293534
31,4500,extDP,43816.9
31,4500,MILP,24105
31,4800,stdDP,546035
31,4800,parDP,243473
31,4800,extDP,42860.3
31,4800,MILP,28202.3
31,5100,stdDP,488095
31,5100,parDP,237760
31,5100,extDP,39161.5
31,5100,MILP,20793.7
31,5400,stdDP,474059
31,5400,parDP,242293
31,5400,extDP,39711.4
31,5400,MILP,20230.5
31,5700,stdDP,465517
31,5700,parDP,248727
31,5700,extDP,38179.9
31,5700,MILP,20491.7
31,600,stdDP,471097
31,600,parDP,240412
31,600,extDP,41501.4
31,600,MILP,22431.4
31,6000,stdDP,474573
31,6000,parDP,233157
31,6000,extDP,37449.1
31,6000,MILP,20669.6
31,6300,stdDP,476817
31,6300,parDP,245472
31,6300,extDP,38042
31,6300,MILP,23089
31,6600,stdDP,469397
31,6600,parDP,229948
31,6600,extDP,39976.3
31,6600,MILP,21580.3
31,6900,stdDP,472142
31,6900,parDP,234615
31,6900,extDP,36594
31,6900,MILP,22247.4
31,7200,stdDP,508092
31,7200,parDP,444374
31,7200,extDP,64331.1
31,7200,MILP,36480.2
31,7500,stdDP,1.24508e+06
31,7500,parDP,822029
31,7500,extDP,147026
31,7500,MILP,98416.9
31,7800,stdDP,1.42503e+06
31,7800,parDP,777806
31,7800,extDP,141043
31,7800,MILP,45936.2
31,8100,stdDP,1.62154e+06
31,8100,parDP,710939
31,8100,extDP,156450
31,8100,MILP,57892.5
31,8400,stdDP,1.47894e+06
31,8400,parDP,688476
31,8400,extDP,64943.3
31,8400,MILP,33874.5
31,8700,stdDP,950014
31,8700,parDP,419318
31,8700,extDP,56067.4
31,8700,MILP,29569.6
31,900,stdDP,596436
31,900,parDP,301994
31,900,extDP,63148.1
31,900,MILP,31264.4
31,9000,stdDP,647033
31,9000,parDP,355268
31,9000,extDP,53736.7
31,9000,MILP,30914
31,9300,stdDP,648203
31,9300,parDP,556550
31,9300,extDP,149212
31,9300,MILP,83476.8
31,9600,stdDP,1.22399e+06
31,9600,parDP,351191
31,9600,extDP,63033.8
31,9600,MILP,24046
31,9900,stdDP,742422
31,9900,parDP,314049
31,9900,extDP,76639.4
31,9900,MILP,31698.8
32,1200,stdDP,429140
32,1200,parDP,230356
32,1200,extDP,19033.3
32,1200,MILP,15825.2
32,1500,stdDP,382216
32,1500,parDP,224598
32,1500,extDP,19960.6
32,1500,MILP,17134
32,1800,stdDP,399052
32,1800,parDP,214450
32,1800,extDP,34131.2
32,1800,MILP,15496.8
32,2100,stdDP,439040
32,2100,parDP,252031
32,2100,extDP,19188.2
32,2100,MILP,22329.5
32,2400,stdDP,439985
32,2400,parDP,263568
32,2400,extDP,21705
32,2400,MILP,18089.8
32,2700,stdDP,579018
32,2700,parDP,296973
32,2700,extDP,69356.5
32,2700,MILP,25935.9
32,300,stdDP,597877
32,300,parDP,261280
32,300,extDP,20422.4
32,300,MILP,17489.7
32,3000,stdDP,630701
32,3000,parDP,433567
32,3000,extDP,38689.9
32,3000,MILP,59031.5
32,3300,stdDP,1.00505e+06
32,3300,parDP,487394
32,3300,extDP,31917.4
32,3300,MILP,22050.8
32,3600,stdDP,600253
32,3600,parDP,297685
32,3600,extDP,28941.8
32,3600,MILP,27769.4
32,3900,stdDP,596415
32,3900,parDP,268066
32,3900,extDP,28282.9
32,3900,MILP,19664.5
32,4200,stdDP,625128
32,4200,parDP,272680
32,4200,extDP,26717.1
32,4200,MILP,23302
32,4500,stdDP,442460
32,4500,parDP,253365
32,4500,extDP,28154.8
32,4500,MILP,22317.5
32,4800,stdDP,469030
32,4800,parDP,236420
32,4800,extDP,23055.1
32,4800,MILP,17412.6
32,5100,stdDP,446139
32,5100,parDP,261993
32,5100,extDP,33495.9
32,5100,MILP,22377.6
32,5400,stdDP,405941
32,5400,parDP,272512
32,5400,extDP,28272.6
32,5400,MILP,23158.3
32,5700,stdDP,484984
32,5700,parDP,290883
32,5700,extDP,29390.8
32,5700,MILP,16275.5
32,600,stdDP,441898
32,600,parDP,201632
32,600,extDP,17737.9
32,600,MILP,16443.8
32,6000,stdDP,371887
32,6000,parDP,208396
32,6000,extDP,18249.6
32,6000,MILP,25049.5
32,6300,stdDP,370285
32,6300,parDP,197433
32,6300,extDP,17913.3
32,6300,MILP,14503.1
32,6600,stdDP,371933
32,6600,parDP,197481
32,6600,extDP,18657.6
32,6600,MILP,14741.5
32,6900,stdDP,365565
32,6900,parDP,189019
32,6900,extDP,18691.1
32,6900,MILP,16083.6
32,7200,stdDP,367488
32,7200,parDP,209152
32,7200,extDP,18308.6
32,7200,MILP,16022
32,7500,stdDP,617368
32,7500,parDP,289618
32,7500,extDP,21490.5
32,7500,MILP,18431.4
32,7800,stdDP,530265
32,7800,parDP,294693
32,7800,extDP,35737.8
32,7800,MILP,21594.7
32,8100,stdDP,566049
32,8100,parDP,373271
32,8100,extDP,28656.2
32,8100,MILP,17418.7
32,8400,stdDP,457153
32,8400,parDP,229239
32,8400,extDP,21375.3
32,8400,MILP,15280
32,8700,stdDP,408790
32,8700,parDP,209606
32,8700,extDP,19734.9
32,8700,MILP,20980.2
32,900,stdDP,387856
32,900,parDP,234207
32,900,extDP,27314.9
32,900,MILP,17088.2
32,9000,stdDP,375494
32,9000,parDP,236218
32,9000,extDP,25329.3
32,9000,MILP,16932.3
32,9300,stdDP,410018
32,9300,parDP,202433
32,9300,extDP,18692.4
32,9300,MILP,15615.9
32,9600,stdDP,386716
32,9600,parDP,227388
32,9600,extDP,19633.4
32,9600,MILP,16222.9
32,9900,stdDP,401825
32,9900,parDP,329442
32,9900,extDP,21420.4
32,9900,MILP,17310.7
33,1200,stdDP,1.06584e+06
33,1200,parDP,414018
33,1200,extDP,138592
33,1200,MILP,30044.3
33,1500,stdDP,930584
33,1500,parDP,366248
33,1500,extDP,90144
33,1500,MILP,29198.7
33,1800,stdDP,798561
33,1800,parDP,350527
33,1800,extDP,85942.4
33,1800,MILP,25139.8
33,2100,stdDP,799548
33,2100,parDP,402880
33,2100,extDP,85488.2
33,2100,MILP,26409
33,2400,stdDP,859747
33,2400,parDP,339922
33,2400,extDP,84909.2
33,2400,MILP,26198.9
33,2700,stdDP,807039
33,2700,parDP,351973
33,2700,extDP,84774.6
33,2700,MILP,27238.6
33,300,stdDP,804680
33,300,parDP,352276
33,300,extDP,85813.5
33,300,MILP,30003.1
33,3000,stdDP,808883
33,3000,parDP,402751
33,3000,extDP,94200.5
33,3000,MILP,27041.7
33,3300,stdDP,873780
33,3300,parDP,407148
33,3300,extDP,95728.8
33,3300,MILP,25360.6
33,3600,stdDP,804036
33,3600,parDP,365648
33,3600,extDP,89033.7
33,3600,MILP,28583.7
33,3900,stdDP,801858
33,3900,parDP,318190
33,3900,extDP,81923.2
33,3900,MILP,24563.7
33,4200,stdDP,789798
33,4200,parDP,329484
33,4200,extDP,85134.6
33,4200,MILP,28302.9
33,4500,stdDP,779830
33,4500,parDP,333383
33,4500,extDP,84454.7
33,4500,MILP,25585.4
33,4800,stdDP,804288
33,4800,parDP,330237
33,4800,extDP,84212.7
33,4800,MILP,25525.6
33,5100,stdDP,790443
33,5100,parDP,322965
33,5100,extDP,81774.9
33,5100,MILP,25692.7
33,5400,stdDP,781030
33,5400,parDP,348663
33,5400,extDP,84667.5
33,5400,MILP,30632.8
33,5700,stdDP,806305
33,5700,parDP,354576
33,5700,extDP,81929.2
33,5700,MILP,26663.8
33,600,stdDP,797011
33,600,parDP,352062
33,600,extDP,87884.9
33,600,MILP,26299.1
33,6000,stdDP,796409
33,6000,parDP,325842
33,6000,extDP,109342
33,6000,MILP,25485.1
33,6300,stdDP,789187
33,6300,parDP,335955
33,6300,extDP,81797.6
33,6300,MILP,26918.8
33,6600,stdDP,790043
33,6600,parDP,322598
33,6600,extDP,83751.2
33,6600,MILP,26099.1
33,6900,stdDP,864791
33,6900,parDP,323751
33,6900,extDP,82567.7
33,6900,MILP,25793.3
33,7200,stdDP,907498
33,7200,parDP,384135
33,7200,extDP,83951.2
33,7200,MILP,37646.1
33,7500,stdDP,784234
33,7500,parDP,313897
33,7500,extDP,75262.6
33,7500,MILP,24617
33,7800,stdDP,747622
33,7800,parDP,299902
33,7800,extDP,80894.3
33,7800,MILP,25444.9
33,8100,stdDP,771309
33,8100,parDP,306251
33,8100,extDP,81302.3
33,8100,MILP,23505.3
33,8400,stdDP,767774
33,8400,parDP,297207
33,8400,extDP,78337
33,8400,MILP,24566.2
33,8700,stdDP,764379
33,8700,parDP,299781
33,8700,extDP,78952.3
33,8700,MILP,23815.9
33,900,stdDP,789117
33,900,parDP,452806
33,900,extDP,94950.9
33,900,MILP,25392.2
33,9000,stdDP,1.18244e+06
33,9000,parDP,382687
33,9000,extDP,89485.2
33,9000,MILP,25002
33,9300,stdDP,786224
33,9300,parDP,358799
33,9300,extDP,94621
33,9300,MILP,29146.9
33,9600,stdDP,1.097e+06
33,9600,parDP,364564
33,9600,extDP,94390.9
33,9600,MILP,26550.3
33,9900,stdDP,863624
33,9900,parDP,350451
33,9900,extDP,80820.4
33,9900,MILP,24729.5
34,1200,stdDP,479609
34,1200,parDP,211106
34,1200,extDP,46257.9
34,1200,MILP,18365.6
34,1500,stdDP,488118
34,1500,parDP,231938
34,1500,extDP,45875.4
34,1500,MILP,23551.2
34,1800,stdDP,487101
34,1800,parDP,213875
34,1800,extDP,45396.6
34,1800,MILP,20188.7
34,2100,stdDP,500445
34,2100,parDP,234684
34,2100,extDP,45214.1
34,2100,MILP,19685
34,2400,stdDP,500777
34,2400,parDP,235267
34,2400,extDP,48033.9
34,2400,MILP,20671
34,2700,stdDP,512611
34,2700,parDP,212746
34,2700,extDP,48883.3
34,2700,MILP,21217.3
34,300,stdDP,477073
34,300,parDP,295966
34,300,extDP,43808.6
34,300,MILP,18946.9
34,3000,stdDP,477425
34,3000,parDP,210989
34,3000,extDP,44426.6
34,3000,MILP,20126.8
34,3300,stdDP,472853
34,3300,parDP,214478
34,3300,extDP,42530.7
34,3300,MILP,18660.3
34,3600,stdDP,516308
34,3600,parDP,307651
34,3600,extDP,46427.7
34,3600,MILP,20747.7
34,3900,stdDP,659338
34,3900,parDP,270398
34,3900,extDP,45323.6
34,3900,MILP,19741.5
34,4200,stdDP,749501
34,4200,parDP,355254
34,4200,extDP,48759.2
34,4200,MILP,24756.8
34,4500,stdDP,548676
34,4500,parDP,251473
34,4500,extDP,53177.5
34,4500,MILP,21776.8
34,4800,stdDP,792379
34,4800,parDP,319858
34,4800,extDP,59479.6
34,4800,MILP,33755.2
34,5100,stdDP,688981
34,5100,parDP,256289
34,5100,extDP,51742.4
34,5100,MILP,26634.2
34,5400,stdDP,666696
34,5400,parDP,274003
34,5400,extDP,52851.1
34,5400,MILP,28837.6
34,5700,stdDP,666048
34,5700,parDP,316155
34,5700,extDP,57983.1
34,5700,MILP,29885.6
34,600,stdDP,661203
34,600,parDP,308232
34,600,extDP,47934.5
34,600,MILP,27353.4
34,6000,stdDP,513267
34,6000,parDP,266612
34,6000,extDP,48598.7
34,6000,MILP,25493
34,6300,stdDP,555150
34,6300,parDP,273751
34,6300,extDP,46951.6
34,6300,MILP,21613
34,6600,stdDP,536223
34,6600,parDP,262532
34,6600,extDP,51593
34,6600,MILP,27519.6
34,6900,stdDP,502266
34,6900,parDP,262183
34,6900,extDP,46299.7
34,6900,MILP,23863.2
34,7200,stdDP,517781
34,7200,parDP,278237
34,7200,extDP,52966.3
34,7200,MILP,23816.3
34,7500,stdDP,498250
34,7500,parDP,298730
34,7500,extDP,47784.2
34,7500,MILP,24263.2
34,7800,stdDP,500850
34,7800,parDP,259277
34,7800,extDP,47878.2
34,7800,MILP,21881.5
34,8100,stdDP,498777
34,8100,parDP,233376
34,8100,extDP,46820
34,8100,MILP,22148.7
34,8400,stdDP,478998
34,8400,parDP,224941
34,8400,extDP,47725.5
34,8400,MILP,18782
34,8700,stdDP,516621
34,8700,parDP,236555
34,8700,extDP,48900.6
34,8700,MILP,20364.5
34,900,stdDP,507893
34,900,parDP,369791
34,900,extDP,50130.1
34,900,MILP,34244.3
34,9000,stdDP,581861
34,9000,parDP,231892
34,9000,extDP,46296.3
34,9000,MILP,22497.1
34,9300,stdDP,516986
34,9300,parDP,272966
34,9300,extDP,51778.1
34,9300,MILP,23769.9
34,9600,stdDP,672717
34,9600,parDP,345801
34,9600,extDP,54771.1
34,9600,MILP,30001.4
34,9900,stdDP,760048
34,9900,parDP,226656
34,9900,extDP,48335.3
34,9900,MILP,19806.5
35,1200,stdDP,414933
35,1200,parDP,217824
35,1200,extDP,33969.2
35,1200,MILP,20590.2
35,1500,stdDP,438472
35,1500,parDP,224290
35,1500,extDP,37610.8
35,1500,MILP,21823.6
35,1800,stdDP,538538
35,1800,parDP,258392
35,1800,extDP,44980.1
35,1800,MILP,26894.6
35,2100,stdDP,479048
35,2100,parDP,249524
35,2100,extDP,40232.8
35,2100,MILP,21491.7
35,2400,stdDP,459997
35,2400,parDP,405368
35,2400,extDP,37015.5
35,2400,MILP,21787.5
35,2700,stdDP,501629
35,2700,parDP,224517
35,2700,extDP,36070
35,2700,MILP,19236.4
35,300,stdDP,413708
35,300,parDP,188113
35,300,extDP,30569.2
35,300,MILP,18208.3
35,3000,stdDP,383905
35,3000,parDP,187212
35,3000,extDP,32715.1
35,3000,MILP,18631.2
35,3300,stdDP,404556
35,3300,parDP,223742
35,3300,extDP,33504.9
35,3300,MILP,17221.7
35,3600,stdDP,398181
35,3600,parDP,207145
35,3600,extDP,31109.4
35,3600,MILP,20702.3
35,3900,stdDP,411508
35,3900,parDP,226958
35,3900,extDP,32508.9
35,3900,MILP,22813.8
35,4200,stdDP,405772
35,4200,parDP,216330
35,4200,extDP,34260
35,4200,MILP,19200.7
35,4500,stdDP,716438
35,4500,parDP,268211
35,4500,extDP,37062.6
35,4500,MILP,28449.5
35,4800,stdDP,483189
35,4800,parDP,212126
35,4800,extDP,33489.8
35,4800,MILP,19352.4
35,5100,stdDP,403615
35,5100,parDP,233312
35,5100,extDP,31749
35,5100,MILP,23098.2
35,5400,stdDP,436073
35,5400,parDP,204776
35,5400,extDP,37201.2
35,5400,MILP,22004.5
35,5700,stdDP,533904
35,5700,parDP,248456
35,5700,extDP,37048.4
35,5700,MILP,19474.1
35,600,stdDP,679461
35,600,parDP,249686
35,600,extDP,41311.7
35,600,MILP,28807.5
35,6000,stdDP,456250
35,6000,parDP,205345
35,6000,extDP,32218.4
35,6000,MILP,17430.1
35,6300,stdDP,390450
35,6300,parDP,211926
35,6300,extDP,32279
35,6300,MILP,20742.3
35,6600,stdDP,450789
35,6600,parDP,228713
35,6600,extDP,54796.5
35,6600,MILP,20086.8
35,6900,stdDP,444312
35,6900,parDP,332160
35,6900,extDP,53384.2
35,6900,MILP,20780.4
35,7200,stdDP,438658
35,7200,parDP,242377
35,7200,extDP,48121.3
35,7200,MILP,18708.6
35,7500,stdDP,475343
35,7500,parDP,238431
35,7500,extDP,39640
35,7500,MILP,18431.1
35,7800,stdDP,472147
35,7800,parDP,335365
35,7800,extDP,53059.2
35,7800,MILP,24420.4
35,8100,stdDP,417249
35,8100,parDP,223288
35,8100,extDP,30688.4
35,8100,MILP,24350.5
35,8400,stdDP,517342
35,8400,parDP,273034
35,8400,extDP,47434.4
35,8400,MILP,17571.8
35,8700,stdDP,525665
35,8700,parDP,305843
35,8700,extDP,37437.8
35,8700,MILP,24581.4
35,900,stdDP,684711
35,900,parDP,279171
35,900,extDP,41801.9
35,900,MILP,31740.1
35,9000,stdDP,469247
35,9000,parDP,241652
35,9000,extDP,38540
35,9000,MILP,23160.7
35,9300,stdDP,442220
35,9300,parDP,229006
35,9300,extDP,30832
35,9300,MILP,22892.6
35,9600,stdDP,495018
35,9600,parDP,359531
35,9600,extDP,56202.2
35,9600,MILP,30396.1
35,9900,stdDP,672996
35,9900,parDP,275994
35,9900,extDP,43316.6
35,9900,MILP,18963.5
36,1200,stdDP,364283
36,1200,parDP,204882
36,1200,extDP,2763.74
36,1200,MILP,17136
36,1500,stdDP,365952
36,1500,parDP,178712
36,1500,extDP,3008.09
36,1500,MILP,11320
36,1800,stdDP,316812
36,1800,parDP,199845
36,1800,extDP,3539.08
36,1800,MILP,10713.6
36,2100,stdDP,304366
36,2100,parDP,174469
36,2100,extDP,4001.32
36,2100,MILP,11771.6
36,2400,stdDP,324048
36,2400,parDP,184172
36,2400,extDP,4580.11
36,2400,MILP,11750.2
36,2700,stdDP,295481
36,2700,parDP,213476
36,2700,extDP,4501.57
36,2700,MILP,16052.4
36,300,stdDP,464504
36,300,parDP,210213
36,300,extDP,4064.32
36,300,MILP,12049.6
36,3000,stdDP,320955
36,3000,parDP,171722
36,3000,extDP,4201.99
36,3000,MILP,12889.4
36,3300,stdDP,302577
36,3300,parDP,168774
36,3300,extDP,3419.88
36,3300,MILP,14421.8
36,3600,stdDP,306006
36,3600,parDP,173398
36,3600,extDP,2592.78
36,3600,MILP,11863.5
36,3900,stdDP,377551
36,3900,parDP,240389
36,3900,extDP,5479.99
36,3900,MILP,20066.3
36,4200,stdDP,285400
36,4200,parDP,175211
36,4200,extDP,3659.17
36,4200,MILP,10455
36,4500,stdDP,316880
36,4500,parDP,194532
36,4500,extDP,3170.93
36,4500,MILP,14409
36,4800,stdDP,312482
36,4800,parDP,201764
36,4800,extDP,3016.26
36,4800,MILP,11773
36,5100,stdDP,318436
36,5100,parDP,192531
36,5100,extDP,3309.46
36,5100,MILP,11083.5
36,5400,stdDP,318342
36,5400,parDP,199790
36,5400,extDP,3546.42
36,5400,MILP,9715.87
36,5700,stdDP,302291
36,5700,parDP,166677
36,5700,extDP,3246.49
36,5700,MILP,10545.9
36,600,stdDP,446775
36,600,parDP,210256
36,600,extDP,5272.86
36,600,MILP,13199.8
36,6000,stdDP,330914
36,6000,parDP,192986
36,6000,extDP,2954.8
36,6000,MILP,14012.1
36,6300,stdDP,366927
36,6300,parDP,176344
36,6300,extDP,2939.52
36,6300,MILP,11565.6
36,6600,stdDP,328885
36,6600,parDP,214614
36,6600,extDP,5704.49
36,6600,MILP,18427.5
36,6900,stdDP,337145
36,6900,parDP,183791
36,6900,extDP,3664.44
36,6900,MILP,15486
36,7200,stdDP,385991
36,7200,parDP,173014
36,7200,extDP,2584.81
36,7200,MILP,12682.3
36,7500,stdDP,301715
36,7500,parDP,178944
36,7500,extDP,4477.11
36,7500,MILP,13062.7
36,7800,stdDP,333213
36,7800,parDP,195998
36,7800,extDP,4946.13
36,7800,MILP,13393.2
36,8100,stdDP,337112
36,8100,parDP,191635
36,8100,extDP,6585.57
36,8100,MILP,23587.2
36,8400,stdDP,527426
36,8400,parDP,226933
36,8400,extDP,3837.97
36,8400,MILP,13856.5
36,8700,stdDP,332128
36,8700,parDP,202962
36,8700,extDP,4025.8
36,8700,MILP,15037.8
36,900,stdDP,318143
36,900,parDP,173141
36,900,extDP,2307.24
36,900,MILP,11122.6
36,9000,stdDP,319083
36,9000,parDP,168144
36,9000,extDP,2725.8
36,9000,MILP,15186.1
36,9300,stdDP,308897
36,9300,parDP,274179
36,9300,extDP,14550.6
36,9300,MILP,23941.7
36,9600,stdDP,461258
36,9600,parDP,174249
36,9600,extDP,5892.97
36,9600,MILP,12616.9
36,9900,stdDP,368013
36,9900,parDP,231348
36,9900,extDP,8765.45
36,9900,MILP,11033.7
37,1200,stdDP,496693
37,1200,parDP,410935
37,1200,extDP,38631.9
37,1200,MILP,28458.5
37,1500,stdDP,460586
37,1500,parDP,212403
37,1500,extDP,27069.3
37,1500,MILP,17814
37,1800,stdDP,444430
37,1800,parDP,261686
37,1800,extDP,47675.7
37,1800,MILP,28564
37,2100,stdDP,441523
37,2100,parDP,240451
37,2100,extDP,30949.9
37,2100,MILP,20830.8
37,2400,stdDP,441722
37,2400,parDP,211920
37,2400,extDP,27606.4
37,2400,MILP,17725.7
37,2700,stdDP,456061
37,2700,parDP,217798
37,2700,extDP,42436.2
37,2700,MILP,22660.3
37,300,stdDP,640988
37,300,parDP,278605
37,300,extDP,49453.5
37,300,MILP,27090.7
37,3000,stdDP,505932
37,3000,parDP,227391
37,3000,extDP,32529.3
37,3000,MILP,19958.6
37,3300,stdDP,435724
37,3300,parDP,228547
37,3300,extDP,29072.9
37,3300,MILP,19501.4
37,3600,stdDP,481009
37,3600,parDP,228128
37,3600,extDP,26399.1
37,3600,MILP,20537.3
37,3900,stdDP,609813
37,3900,parDP,225872
37,3900,extDP,27701.5
37,3900,MILP,26891
37,4200,stdDP,426922
37,4200,parDP,237815
37,4200,extDP,25205.6
37,4200,MILP,16320.9
37,4500,stdDP,464577
37,4500,parDP,302739
37,4500,extDP,46787.7
37,4500,MILP,28000.3
37,4800,stdDP,441875
37,4800,parDP,223239
37,4800,extDP,26422.6
37,4800,MILP,17378.9
37,5100,stdDP,526270
37,5100,parDP,305571
37,5100,extDP,43226.2
37,5100,MILP,34944.4
37,5400,stdDP,689405
37,5400,parDP,213638
37,5400,extDP,28894.4
37,5400,MILP,17333.4
37,5700,stdDP,443891
37,5700,parDP,344732
37,5700,extDP,45946.2
37,5700,MILP,27726.8
37,600,stdDP,450322
37,600,parDP,226527
37,600,extDP,26063.9
37,600,MILP,17105.8
37,6000,stdDP,454498
37,6000,parDP,240118
37,6000,extDP,48496.7
37,6000,MILP,25629.5
37,6300,stdDP,481175
37,6300,parDP,217825
37,6300,extDP,31464.3
37,6300,MILP,17899.4
37,6600,stdDP,511890
37,6600,parDP,229771
37,6600,extDP,30099.5
37,6600,MILP,16760.3
37,6900,stdDP,462974
37,6900,parDP,390613
37,6900,extDP,27208.1
37,6900,MILP,18223.7
37,7200,stdDP,468960
37,7200,parDP,240272
37,7200,extDP,43751.7
37,7200,MILP,27152.9
37,7500,stdDP,565870
37,7500,parDP,319014
37,7500,extDP,28655.8
37,7500,MILP,16494.6
37,7800,stdDP,535766
37,7800,parDP,230448
37,7800,extDP,31433.1
37,7800,MILP,20057.7
37,8100,stdDP,459855
37,8100,parDP,250985
37,8100,extDP,28798.1
37,8100,MILP,16928.5
37,8400,stdDP,519438
37,8400,parDP,228743
37,8400,extDP,26777.7
37,8400,MILP,19816.9
37,8700,stdDP,432331
37,8700,parDP,218148
37,8700,extDP,30704.4
37,8700,MILP,16423.2
37,900,stdDP,467426
37,900,parDP,249679
37,900,extDP,34407.6
37,900,MILP,21630.3
37,9000,stdDP,486145
37,9000,parDP,209916
37,9000,extDP,27918.5
37,9000,MILP,20898.2
37,9300,stdDP,460341
37,9300,parDP,219372
37,9300,extDP,35492.6
37,9300,MILP,19143.6
37,9600,stdDP,473860
37,9600,parDP,227490
37,9600,extDP,30436.2
37,9600,MILP,18975.4
37,9900,stdDP,488246
37,9900,parDP,249728
37,9900,extDP,45017.6
37,9900,MILP,24145.4
38,1200,stdDP,456965
38,1200,parDP,216426
38,1200,extDP,30984.1
38,1200,MILP,16923.4
38,1500,stdDP,436303
38,1500,parDP,204158
38,1500,extDP,33726.6
38,1500,MILP,17861.2
38,1800,stdDP,425502
38,1800,parDP,258393
38,1800,extDP,31295
38,1800,MILP,17370.3
38,2100,stdDP,415859
38,2100,parDP,243344
38,2100,extDP,31416
38,2100,MILP,19267.8
38,2400,stdDP,416591
38,2400,parDP,235463
38,2400,extDP,29213.2
38,2400,MILP,17716.2
38,2700,stdDP,456436
38,2700,parDP,216862
38,2700,extDP,29448.9
38,2700,MILP,21751.7
38,300,stdDP,393338
38,300,parDP,220395
38,300,extDP,37302.4
38,300,MILP,17193.2
38,3000,stdDP,492654
38,3000,parDP,307924
38,3000,extDP,43344.9
38,3000,MILP,17958
38,3300,stdDP,563664
38,3300,parDP,244092
38,3300,extDP,43137.4
38,3300,MILP,21674.3
38,3600,stdDP,550784
38,3600,parDP,315507
38,3600,extDP,40613.1
38,3600,MILP,24117.8
38,3900,stdDP,543370
38,3900,parDP,247589
38,3900,extDP,43278.4
38,3900,MILP,32057.4
38,4200,stdDP,530111
38,4200,parDP,270112
38,4200,extDP,46681.8
38,4200,MILP,23941.7
38,4500,stdDP,563017
38,4500,parDP,234752
38,4500,extDP,41134.6
38,4500,MILP,26650.7
38,4800,stdDP,537643
38,4800,parDP,275694
38,4800,extDP,37243
38,4800,MILP,23087.2
38,5100,stdDP,551264
38,5100,parDP,261349
38,5100,extDP,35496.4
38,5100,MILP,18584.5
38,5400,stdDP,519548
38,5400,parDP,261648
38,5400,extDP,32465.4
38,5400,MILP,21044.6
38,5700,stdDP,568550
38,5700,parDP,273808
38,5700,extDP,42441.8
38,5700,MILP,21256.2
38,600,stdDP,523558
38,600,parDP,264051
38,600,extDP,34631.5
38,600,MILP,28951.5
38,6000,stdDP,549114
38,6000,parDP,281938
38,6000,extDP,46059.8
38,6000,MILP,24109.5
38,6300,stdDP,599386
38,6300,parDP,276616
38,6300,extDP,37310
38,6300,MILP,24016
38,6600,stdDP,543481
38,6600,parDP,294787
38,6600,extDP,36400
38,6600,MILP,20922.9
38,6900,stdDP,545966
38,6900,parDP,277848
38,6900,extDP,39116.5
38,6900,MILP,21940.6
38,7200,stdDP,572905
38,7200,parDP,306515
38,7200,extDP,40963.9
38,7200,MILP,26298.2
38,7500,stdDP,620143
38,7500,parDP,256940
38,7500,extDP,40976.7
38,7500,MILP,20518.3
38,7800,stdDP,523865
38,7800,parDP,252352
38,7800,extDP,35020.4
38,7800,MILP,22511.6
38,8100,stdDP,558508
38,8100,parDP,342211
38,8100,extDP,44019.4
38,8100,MILP,22118.2
38,8400,stdDP,617288
38,8400,parDP,351120
38,8400,extDP,35775.8
38,8400,MILP,20226.6
38,8700,stdDP,524846
38,8700,parDP,277370
38,8700,extDP,36377.2
38,8700,MILP,20842
38,900,stdDP,512209
38,900,parDP,260303
38,900,extDP,34011.2
38,900,MILP,18945.6
38,9000,stdDP,532324
38,9000,parDP,249093
38,9000,extDP,35062.1
38,9000,MILP,31633.7
38,9300,stdDP,545488
38,9300,parDP,278863
38,9300,extDP,59762.5
38,9300,MILP,23515
38,9600,stdDP,611555
38,9600,parDP,325560
38,9600,extDP,37062.3
38,9600,MILP,22653.5
38,9900,stdDP,561357
38,9900,parDP,332291
38,9900,extDP,50166.3
38,9900,MILP,33404.7
39,1200,stdDP,592631
39,1200,parDP,292740
39,1200,extDP,41869.3
39,1200,MILP,21438.2
39,1500,stdDP,590841
39,1500,parDP,266742
39,1500,extDP,32232.7
39,1500,MILP,24469.5
39,1800,stdDP,535266
39,1800,parDP,335570
39,1800,extDP,36621
39,1800,MILP,20324.1
39,2100,stdDP,540637
39,2100,parDP,244154
39,2100,extDP,35339.9
39,2100,MILP,20256.2
39,2400,stdDP,525593
39,2400,parDP,328003
39,2400,extDP,39608
39,2400,MILP,19421.8
39,2700,stdDP,582175
39,2700,parDP,278997
39,2700,extDP,38696.6
39,2700,MILP,26335.3
39,300,stdDP,586994
39,300,parDP,315996
39,300,extDP,41980.7
39,300,MILP,33217.2
39,3000,stdDP,561878
39,3000,parDP,282500
39,3000,extDP,49418.2
39,3000,MILP,23478.1
39,3300,stdDP,690003
39,3300,parDP,286799
39,3300,extDP,35363.4
39,3300,MILP,25153.2
39,3600,stdDP,555746
39,3600,parDP,297451
39,3600,extDP,35903.9
39,3600,MILP,22551
39,3900,stdDP,664093
39,3900,parDP,262975
39,3900,extDP,33594.1
39,3900,MILP,23523.9
39,4200,stdDP,553987
39,4200,parDP,284841
39,4200,extDP,52647.6
39,4200,MILP,21420.8
39,4500,stdDP,557488
39,4500,parDP,305198
39,4500,extDP,33019.9
39,4500,MILP,16577.1
39,4800,stdDP,522951
39,4800,parDP,267451
39,4800,extDP,36853
39,4800,MILP,21721.5
39,5100,stdDP,494950
39,5100,parDP,238601
39,5100,extDP,27515.9
39,5100,MILP,21166.9
39,5400,stdDP,538431
39,5400,parDP,252825
39,5400,extDP,34181.2
39,5400,MILP,25859.5
39,5700,stdDP,564382
39,5700,parDP,288640
39,5700,extDP,33777.4
39,5700,MILP,33009.8
39,600,stdDP,559017
39,600,parDP,280855
39,600,extDP,42408.2
39,600,MILP,25762
39,6000,stdDP,579416
39,6000,parDP,288042
39,6000,extDP,34794.1
39,6000,MILP,27778.9
39,6300,stdDP,574124
39,6300,parDP,293380
39,6300,extDP,33240.2
39,6300,MILP,26451.2
39,6600,stdDP,568120
39,6600,parDP,280711
39,6600,extDP,30155.1
39,6600,MILP,21196.8
39,6900,stdDP,548309
39,6900,parDP,300485
39,6900,extDP,34308
39,6900,MILP,22802
39,7200,stdDP,576733
39,7200,parDP,328495
39,7200,extDP,42501.8
39,7200,MILP,26692.8
39,7500,stdDP,579996
39,7500,parDP,303961
39,7500,extDP,35052.5
39,7500,MILP,25897.3
39,7800,stdDP,646014
39,7800,parDP,348508
39,7800,extDP,67892.9
39,7800,MILP,29481.2
39,8100,stdDP,687899
39,8100,parDP,436296
39,8100,extDP,53058.8
39,8100,MILP,38593.5
39,8400,stdDP,599450
39,8400,parDP,324760
39,8400,extDP,49166.3
39,8400,MILP,25585.1
39,8700,stdDP,702888
39,8700,parDP,343705
39,8700,extDP,41304.6
39,8700,MILP,26044.1
39,900,stdDP,646893
39,900,parDP,261782
39,900,extDP,66051.4
39,900,MILP,29711.6
39,9000,stdDP,785934
39,9000,parDP,512242
39,9000,extDP,69722
39,9000,MILP,35606.4
39,9300,stdDP,782063
39,9300,parDP,455032
39,9300,extDP,43086
39,9300,MILP,24866.8
39,9600,stdDP,593538
39,9600,parDP,306652
39,9600,extDP,37602.3
39,9600,MILP,23012.3
39,9900,stdDP,590773
39,9900,parDP,297080
39,9900,extDP,33278.3
39,9900,MILP,21161.4
4,1200,stdDP,1.29142e+06
4,1200,parDP,489099
4,1200,extDP,120152
4,1200,MILP,37264.8
4,1500,stdDP,1.32122e+06
4,1500,parDP,433313
4,1500,extDP,114994
4,1500,MILP,30109.5
4,1800,stdDP,1.07521e+06
4,1800,parDP,465797
4,1800,extDP,103862
4,1800,MILP,28875.3
4,2100,stdDP,1.22082e+06
4,2100,parDP,520140
4,2100,extDP,142465
4,2100,MILP,38212.7
4,2400,stdDP,1.13576e+06
4,2400,parDP,542198
4,2400,extDP,171430
4,2400,MILP,40445.9
4,2700,stdDP,1.30565e+06
4,2700,parDP,524393
4,2700,extDP,110043
4,2700,MILP,31421.3
4,300,stdDP,1.26692e+06
4,300,parDP,473156
4,300,extDP,138790
4,300,MILP,29542.2
4,3000,stdDP,1.06456e+06
4,3000,parDP,448599
4,3000,extDP,158566
4,3000,MILP,31058.8
4,3300,stdDP,1.10017e+06
4,3300,parDP,411324
4,3300,extDP,109534
4,3300,MILP,32125.9
4,3600,stdDP,1.02145e+06
4,3600,parDP,583018
4,3600,extDP,122508
4,3600,MILP,25927.2
4,3900,stdDP,1.04508e+06
4,3900,parDP,511203
4,3900,extDP,110352
4,3900,MILP,29138.5
4,4200,stdDP,1.09418e+06
4,4200,parDP,444153
4,4200,extDP,114756
4,4200,MILP,36114.4
4,4500,stdDP,872944
4,4500,parDP,389033
4,4500,extDP,85253
4,4500,MILP,24601
4,4800,stdDP,931791
4,4800,parDP,345904
4,4800,extDP,98617.8
4,4800,MILP,27335.5
4,5100,stdDP,1.04366e+06
4,5100,parDP,362835
4,5100,extDP,100122
4,5100,MILP,24234.9
4,5400,stdDP,994900
4,5400,parDP,474322
4,5400,extDP,111835
4,5400,MILP,28613.8
4,5700,stdDP,1.27079e+06
4,5700,parDP,546366
4,5700,extDP,128986
4,5700,MILP,38281.2
4,600,stdDP,1.33194e+06
4,600,parDP,759524
4,600,extDP,118261
4,600,MILP,37068.5
4,6000,stdDP,1.26289e+06
4,6000,parDP,722431
4,6000,extDP,152621
4,6000,MILP,36554.1
4,6300,stdDP,1.39877e+06
4,6300,parDP,639621
4,6300,extDP,120826
4,6300,MILP,38590.6
4,6600,stdDP,1.14238e+06
4,6600,parDP,406732
4,6600,extDP,103274
4,6600,MILP,25582.4
4,6900,stdDP,1.00421e+06
4,6900,parDP,421310
4,6900,extDP,103043
4,6900,MILP,28633.1
4,7200,stdDP,968615
4,7200,parDP,375540
4,7200,extDP,108180
4,7200,MILP,27464.7
4,7500,stdDP,917641
4,7500,parDP,372864
4,7500,extDP,98511.7
4,7500,MILP,23152.2
4,7800,stdDP,926523
4,7800,parDP,479024
4,7800,extDP,121293
4,7800,MILP,33882.3
4,8100,stdDP,963994
4,8100,parDP,371288
4,8100,extDP,95932.2
4,8100,MILP,27190.8
4,8400,stdDP,928176
4,8400,parDP,366973
4,8400,extDP,99887.1
4,8400,MILP,32982
4,8700,stdDP,997320
4,8700,parDP,397062
4,8700,extDP,98433.1
4,8700,MILP,25185.1
4,900,stdDP,980858
4,900,parDP,435348
4,900,extDP,111961
4,900,MILP,26104.6
4,9000,stdDP,933475
4,9000,parDP,380099
4,9000,extDP,100313
4,9000,MILP,36993.7
4,9300,stdDP,960441
4,9300,parDP,441613
4,9300,extDP,169133
4,9300,MILP,33420.5
4,9600,stdDP,1.23129e+06
4,9600,parDP,403179
4,9600,extDP,97846.2
4,9600,MILP,23188.2
4,9900,stdDP,1.01689e+06
4,9900,parDP,381203
4,9900,extDP,138010
4,9900,MILP,28888.8
40,1200,stdDP,919155
40,1200,parDP,522575
40,1200,extDP,96493
40,1200,MILP,37633.8
40,1500,stdDP,1.30333e+06
40,1500,parDP,483392
40,1500,extDP,83513.1
40,1500,MILP,43716.9
40,1800,stdDP,1.1356e+06
40,1800,parDP,549758
40,1800,extDP,133551
40,1800,MILP,34337.5
40,2100,stdDP,877976
40,2100,parDP,407445
40,2100,extDP,85111.9
40,2100,MILP,35962.2
40,2400,stdDP,1.10758e+06
40,2400,parDP,386282
40,2400,extDP,80754.6
40,2400,MILP,31880.7
40,2700,stdDP,945696
40,2700,parDP,387747
40,2700,extDP,96652.2
40,2700,MILP,24265.6
40,300,stdDP,882040
40,300,parDP,459133
40,300,extDP,97291.2
40,300,MILP,37061.6
40,3000,stdDP,815940
40,3000,parDP,399161
40,3000,extDP,78482.7
40,3000,MILP,29266.4
40,3300,stdDP,908243
40,3300,parDP,365120
40,3300,extDP,81135.1
40,3300,MILP,25066.3
40,3600,stdDP,954776
40,3600,parDP,479115
40,3600,extDP,82794.7
40,3600,MILP,27769.3
40,3900,stdDP,879150
40,3900,parDP,375752
40,3900,extDP,85251.2
40,3900,MILP,27027.3
40,4200,stdDP,918189
40,4200,parDP,349994
40,4200,extDP,79549.6
40,4200,MILP,27909.9
40,4500,stdDP,942593
40,4500,parDP,446444
40,4500,extDP,87188.7
40,4500,MILP,25625.4
40,4800,stdDP,861317
40,4800,parDP,387663
40,4800,extDP,101984
40,4800,MILP,34715.6
40,5100,stdDP,861363
40,5100,parDP,373434
40,5100,extDP,92113.6
40,5100,MILP,25163.7
40,5400,stdDP,922926
40,5400,parDP,456691
40,5400,extDP,98380.6
40,5400,MILP,35806.6
40,5700,stdDP,1.01491e+06
40,5700,parDP,394039
40,5700,extDP,90275.7
40,5700,MILP,27763.6
40,600,stdDP,838788
40,600,parDP,461163
40,600,extDP,79558.4
40,600,MILP,30433.8
40,6000,stdDP,1.11119e+06
40,6000,parDP,449799
40,6000,extDP,125266
40,6000,MILP,33002.5
40,6300,stdDP,1.00862e+06
40,6300,parDP,403457
40,6300,extDP,85391.9
40,6300,MILP,35397.4
40,6600,stdDP,1.13352e+06
40,6600,parDP,446829
40,6600,extDP,100838
40,6600,MILP,36895.1
40,6900,stdDP,1.21291e+06
40,6900,parDP,550989
40,6900,extDP,90460.9
40,6900,MILP,29339.2
40,7200,stdDP,871963
40,7200,parDP,393502
40,7200,extDP,77650.7
40,7200,MILP,29100.6
40,7500,stdDP,936524
40,7500,parDP,481668
40,7500,extDP,84472.1
40,7500,MILP,24391.3
40,7800,stdDP,856152
40,7800,parDP,379836
40,7800,extDP,84538
40,7800,MILP,27370.8
40,8100,stdDP,843925
40,8100,parDP,438621
40,8100,extDP,77052.8
40,8100,MILP,27326
40,8400,stdDP,930085
40,8400,parDP,368989
40,8400,extDP,111862
40,8400,MILP,23797.3
40,8700,stdDP,838044
40,8700,parDP,396960
40,8700,extDP,84039.7
40,8700,MILP,24722.3
40,900,stdDP,853358
40,900,parDP,428693
40,900,extDP,71842.5
40,900,MILP,28607
40,9000,stdDP,908398
40,9000,parDP,403887
40,9000,extDP,80532.2
40,9000,MILP,32240.5
40,9300,stdDP,895258
40,9300,parDP,392103
40,9300,extDP,73893.8
40,9300,MILP,24316.6
40,9600,stdDP,879874
40,9600,parDP,352686
40,9600,extDP,79375.3
40,9600,MILP,26471.8
40,9900,stdDP,1.01408e+06
40,9900,parDP,390067
40,9900,extDP,82165.5
40,9900,MILP,24437.2
41,1200,stdDP,425584
41,1200,parDP,264102
41,1200,extDP,15415.1
41,1200,MILP,18361.9
41,1500,stdDP,464085
41,1500,parDP,230185
41,1500,extDP,23247.1
41,1500,MILP,30626.3
41,1800,stdDP,507243
41,1800,parDP,243184
41,1800,extDP,19592.4
41,1800,MILP,17188.5
41,2100,stdDP,407422
41,2100,parDP,227972
41,2100,extDP,19966.6
41,2100,MILP,23873.4
41,2400,stdDP,419978
41,2400,parDP,226880
41,2400,extDP,15335.8
41,2400,MILP,14734.9
41,2700,stdDP,435811
41,2700,parDP,223618
41,2700,extDP,13502.6
41,2700,MILP,17211.6
41,300,stdDP,504880
41,300,parDP,252434
41,300,extDP,13732
41,300,MILP,26560
41,3000,stdDP,430877
41,3000,parDP,217154
41,3000,extDP,10483.7
41,3000,MILP,14941.6
41,3300,stdDP,432881
41,3300,parDP,202395
41,3300,extDP,11456.1
41,3300,MILP,14251.2
41,3600,stdDP,453392
41,3600,parDP,210724
41,3600,extDP,11603.7
41,3600,MILP,16805.4
41,3900,stdDP,413715
41,3900,parDP,247975
41,3900,extDP,12581.5
41,3900,MILP,18527.4
41,4200,stdDP,417729
41,4200,parDP,221897
41,4200,extDP,11124.7
41,4200,MILP,15759
41,4500,stdDP,481605
41,4500,parDP,217848
41,4500,extDP,11986
41,4500,MILP,14116.1
41,4800,stdDP,440170
41,4800,parDP,223012
41,4800,extDP,10844.9
41,4800,MILP,17168.4
41,5100,stdDP,411008
41,5100,parDP,212323
41,5100,extDP,13098.9
41,5100,MILP,14419.1
41,5400,stdDP,432555
41,5400,parDP,255805
41,5400,extDP,12790.1
41,5400,MILP,16914.8
41,5700,stdDP,491031
41,5700,parDP,219491
41,5700,extDP,18838.8
41,5700,MILP,16485.3
41,600,stdDP,433809
41,600,parDP,243693
41,600,extDP,11185.5
41,600,MILP,14433.7
41,6000,stdDP,421689
41,6000,parDP,207430
41,6000,extDP,15002.8
41,6000,MILP,21970.5
41,6300,stdDP,465082
41,6300,parDP,223242
41,6300,extDP,15010.1
41,6300,MILP,16500.7
41,6600,stdDP,431404
41,6600,parDP,236771
41,6600,extDP,16036.8
41,6600,MILP,18459.5
41,6900,stdDP,455301
41,6900,parDP,222596
41,6900,extDP,14972.6
41,6900,MILP,19664.7
41,7200,stdDP,472853
41,7200,parDP,222070
41,7200,extDP,21106.1
41,7200,MILP,21000.1
41,7500,stdDP,469327
41,7500,parDP,235700
41,7500,extDP,13981.6
41,7500,MILP,20428.3
41,7800,stdDP,465408
41,7800,parDP,243233
41,7800,extDP,12601.5
41,7800,MILP,16109.7
41,8100,stdDP,452925
41,8100,parDP,221328
41,8100,extDP,14960.8
41,8100,MILP,17793.2
41,8400,stdDP,463178
41,8400,parDP,221325
41,8400,extDP,15222.7
41,8400,MILP,17104.9
41,8700,stdDP,503747
41,8700,parDP,243009
41,8700,extDP,13113.1
41,8700,MILP,19250.9
41,900,stdDP,458759
41,900,parDP,228551
41,900,extDP,12710.1
41,900,MILP,17248.8
41,9000,stdDP,459774
41,9000,parDP,232324
41,9000,extDP,13239.5
41,9000,MILP,19362.2
41,9300,stdDP,473749
41,9300,parDP,236552
41,9300,extDP,14013.6
41,9300,MILP,16784.9
41,9600,stdDP,461065
41,9600,parDP,272248
41,9600,extDP,12975.1
41,9600,MILP,15293.2
41,9900,stdDP,456124
41,9900,parDP,219296
41,9900,extDP,15155.4
41,9900,MILP,19914.5
42,1200,stdDP,640006
42,1200,parDP,296438
42,1200,extDP,57935.4
42,1200,MILP,24259.9
42,1500,stdDP,632802
42,1500,parDP,319434
42,1500,extDP,57031.5
42,1500,MILP,23895.8
42,1800,stdDP,669861
42,1800,parDP,309162
42,1800,extDP,77892.4
42,1800,MILP,23261
42,2100,stdDP,625834
42,2100,parDP,275794
42,2100,extDP,57944.9
42,2100,MILP,27291.4
42,2400,stdDP,605867
42,2400,parDP,273618
42,2400,extDP,59793.7
42,2400,MILP,23634.8
42,2700,stdDP,623992
42,2700,parDP,270283
42,2700,extDP,58349.7
42,2700,MILP,22016.5
42,300,stdDP,628450
42,300,parDP,312030
42,300,extDP,60299.8
42,300,MILP,25038.6
42,3000,stdDP,700234
42,3000,parDP,282842
42,3000,extDP,59116.4
42,3000,MILP,29152.9
42,3300,stdDP,613156
42,3300,parDP,285914
42,3300,extDP,59193.4
42,3300,MILP,26555.4
42,3600,stdDP,612269
42,3600,parDP,307938
42,3600,extDP,58800.1
42,3600,MILP,23710.9
42,3900,stdDP,621197
42,3900,parDP,299405
42,3900,extDP,60728.8
42,3900,MILP,34296
42,4200,stdDP,671180
42,4200,parDP,319129
42,4200,extDP,64760
42,4200,MILP,24632.4
42,4500,stdDP,660070
42,4500,parDP,314236
42,4500,extDP,64597.6
42,4500,MILP,22335.3
42,4800,stdDP,621877
42,4800,parDP,304307
42,4800,extDP,65190.2
42,4800,MILP,23462.7
42,5100,stdDP,614177
42,5100,parDP,304761
42,5100,extDP,62281.1
42,5100,MILP,26918.6
42,5400,stdDP,633795
42,5400,parDP,306582
42,5400,extDP,79874.9
42,5400,MILP,25866
42,5700,stdDP,618955
42,5700,parDP,294878
42,5700,extDP,59427.9
42,5700,MILP,31948.7
42,600,stdDP,605239
42,600,parDP,275128
42,600,extDP,62940.2
42,600,MILP,29913.7
42,6000,stdDP,673263
42,6000,parDP,321807
42,6000,extDP,55907.4
42,6000,MILP,25276.8
42,6300,stdDP,601872
42,6300,parDP,314852
42,6300,extDP,55018.2
42,6300,MILP,37428.1
42,6600,stdDP,663555
42,6600,parDP,285880
42,6600,extDP,65431.5
42,6600,MILP,23261.1
42,6900,stdDP,645188
42,6900,parDP,251948
42,6900,extDP,58030
42,6900,MILP,28181.4
42,7200,stdDP,595524
42,7200,parDP,298306
42,7200,extDP,63151.8
42,7200,MILP,23037.6
42,7500,stdDP,615437
42,7500,parDP,276747
42,7500,extDP,59648.7
42,7500,MILP,20948
42,7800,stdDP,644146
42,7800,parDP,309957
42,7800,extDP,58809.5
42,7800,MILP,24293.3
42,8100,stdDP,636376
42,8100,parDP,289975
42,8100,extDP,69005.4
42,8100,MILP,21248.1
42,8400,stdDP,647343
42,8400,parDP,290513
42,8400,extDP,58219.4
42,8400,MILP,23158.2
42,8700,stdDP,627170
42,8700,parDP,289611
42,8700,extDP,57341.3
42,8700,MILP,22594.3
42,900,stdDP,603260
42,900,parDP,301309
42,900,extDP,67923.8
42,900,MILP,21996
42,9000,stdDP,623700
42,9000,parDP,295914
42,9000,extDP,60870.1
42,9000,MILP,27159.3
42,9300,stdDP,654041
42,9300,parDP,305299
42,9300,extDP,52765.4
42,9300,MILP,20264.8
42,9600,stdDP,606821
42,9600,parDP,290363
42,9600,extDP,54702.5
42,9600,MILP,24521.4
42,9900,stdDP,509629
42,9900,parDP,252695
42,9900,extDP,54185.6
42,9900,MILP,30083.1
43,1200,stdDP,297118
43,1200,parDP,161740
43,1200,extDP,2622.33
43,1200,MILP,10697.1
43,1500,stdDP,309434
43,1500,parDP,180179
43,1500,extDP,4031.97
43,1500,MILP,10433.7
43,1800,stdDP,307283
43,1800,parDP,226761
43,1800,extDP,3600.64
43,1800,MILP,12165.3
43,2100,stdDP,301734
43,2100,parDP,188688
43,2100,extDP,2354.59
43,2100,MILP,12776.6
43,2400,stdDP,350198
43,2400,parDP,174913
43,2400,extDP,2559.8
43,2400,MILP,10017.4
43,2700,stdDP,317373
43,2700,parDP,166562
43,2700,extDP,2580.53
43,2700,MILP,18812.5
43,300,stdDP,281625
43,300,parDP,190951
43,300,extDP,2685.86
43,300,MILP,12883.4
43,3000,stdDP,316595
43,3000,parDP,186148
43,3000,extDP,2976.46
43,3000,MILP,12852.4
43,3300,stdDP,324013
43,3300,parDP,197110
43,3300,extDP,6399.29
43,3300,MILP,12472
43,3600,stdDP,367477
43,3600,parDP,217313
43,3600,extDP,5878.18
43,3600,MILP,12462.3
43,3900,stdDP,349008
43,3900,parDP,183535
43,3900,extDP,3440.94
43,3900,MILP,12317.3
43,4200,stdDP,347676
43,4200,parDP,207920
43,4200,extDP,2876.7
43,4200,MILP,11512.7
43,4500,stdDP,305788
43,4500,parDP,208300
43,4500,extDP,4576.84
43,4500,MILP,11260.2
43,4800,stdDP,347508
43,4800,parDP,196108
43,4800,extDP,2894.12
43,4800,MILP,12743.4
43,5100,stdDP,366914
43,5100,parDP,220735
43,5100,extDP,3587.69
43,5100,MILP,12737.9
43,5400,stdDP,355525
43,5400,parDP,206765
43,5400,extDP,3193.67
43,5400,MILP,10763
43,5700,stdDP,343312
43,5700,parDP,214343
43,5700,extDP,3600.06
43,5700,MILP,13396.6
43,600,stdDP,373380
43,600,parDP,193890
43,600,extDP,3750.21
43,600,MILP,22272.6
43,6000,stdDP,343076
43,6000,parDP,257904
43,6000,extDP,5418.65
43,6000,MILP,14758.9
43,6300,stdDP,374604
43,6300,parDP,235166
43,6300,extDP,5817.98
43,6300,MILP,15405.5
43,6600,stdDP,380136
43,6600,parDP,239404
43,6600,extDP,4311.42
43,6600,MILP,11866.9
43,6900,stdDP,347315
43,6900,parDP,230943
43,6900,extDP,3466.62
43,6900,MILP,12414.5
43,7200,stdDP,373964
43,7200,parDP,213407
43,7200,extDP,4895.11
43,7200,MILP,14861.4
43,7500,stdDP,421119
43,7500,parDP,239661
43,7500,extDP,3614.2
43,7500,MILP,12783.9
43,7800,stdDP,337511
43,7800,parDP,216802
43,7800,extDP,3167.33
43,7800,MILP,13349.6
43,8100,stdDP,394087
43,8100,parDP,185831
43,8100,extDP,5556.79
43,8100,MILP,12708.4
43,8400,stdDP,364649
43,8400,parDP,203334
43,8400,extDP,4269.55
43,8400,MILP,11039
43,8700,stdDP,344744
43,8700,parDP,234669
43,8700,extDP,4613.1
43,8700,MILP,11308.7
43,900,stdDP,354607
43,900,parDP,205655
43,900,extDP,4504.47
43,900,MILP,12648.9
43,9000,stdDP,350649
43,9000,parDP,197903
43,9000,extDP,2869.16
43,9000,MILP,12785.6
43,9300,stdDP,334835
43,9300,parDP,194032
43,9300,extDP,5880.54
43,9300,MILP,12028.4
43,9600,stdDP,364598
43,9600,parDP,215507
43,9600,extDP,3402.35
43,9600,MILP,14843.8
43,9900,stdDP,361805
43,9900,parDP,215377
43,9900,extDP,3298.57
43,9900,MILP,15648.4
44,1200,stdDP,422976
44,1200,parDP,260847
44,1200,extDP,3926.95
44,1200,MILP,13379.5
44,1500,stdDP,381192
44,1500,parDP,215822
44,1500,extDP,3666.05
44,1500,MILP,13274
44,1800,stdDP,399961
44,1800,parDP,237269
44,1800,extDP,5359.69
44,1800,MILP,13296.9
44,2100,stdDP,441581
44,2100,parDP,226173
44,2100,extDP,4548.75
44,2100,MILP,20273.6
44,2400,stdDP,380349
44,2400,parDP,201348
44,2400,extDP,3369.11
44,2400,MILP,13840.3
44,2700,stdDP,396306
44,2700,parDP,237236
44,2700,extDP,3147.52
44,2700,MILP,11371.9
44,300,stdDP,434201
44,300,parDP,191305
44,300,extDP,3449.3
44,300,MILP,13256.9
44,3000,stdDP,408297
44,3000,parDP,215719
44,3000,extDP,3644.88
44,3000,MILP,13509.2
44,3300,stdDP,406171
44,3300,parDP,221601
44,3300,extDP,3113.82
44,3300,MILP,13502.4
44,3600,stdDP,425571
44,3600,parDP,228426
44,3600,extDP,3176.73
44,3600,MILP,15069.7
44,3900,stdDP,379566
44,3900,parDP,206815
44,3900,extDP,3698.35
44,3900,MILP,12997.6
44,4200,stdDP,362826
44,4200,parDP,228674
44,4200,extDP,6473.25
44,4200,MILP,15734.2
44,4500,stdDP,389997
44,4500,parDP,233405
44,4500,extDP,4508.17
44,4500,MILP,10968.5
44,4800,stdDP,389452
44,4800,parDP,249549
44,4800,extDP,4227.53
44,4800,MILP,16975.7
44,5100,stdDP,361089
44,5100,parDP,357471
44,5100,extDP,5701.92
44,5100,MILP,11404.9
44,5400,stdDP,410108
44,5400,parDP,202622
44,5400,extDP,4606.6
44,5400,MILP,10673.6
44,5700,stdDP,373611
44,5700,parDP,255621
44,5700,extDP,5584.24
44,5700,MILP,15971.9
44,600,stdDP,399542
44,600,parDP,206350
44,600,extDP,4354.33
44,600,MILP,10623.8
44,6000,stdDP,353503
44,6000,parDP,218558
44,6000,extDP,2802.96
44,6000,MILP,13940.6
44,6300,stdDP,345203
44,6300,parDP,244254
44,6300,extDP,2662.59
44,6300,MILP,14434.5
44,6600,stdDP,389392
44,6600,parDP,198765
44,6600,extDP,3256.29
44,6600,MILP,14189.6
44,6900,stdDP,359568
44,6900,parDP,195255
44,6900,extDP,3266.26
44,6900,MILP,12956.5
44,7200,stdDP,370345
44,7200,parDP,245724
44,7200,extDP,4282.62
44,7200,MILP,12875.8
44,7500,stdDP,436434
44,7500,parDP,210817
44,7500,extDP,3085.64
44,7500,MILP,13758.4
44,7800,stdDP,367258
44,7800,parDP,246566
44,7800,extDP,2937.75
44,7800,MILP,12130.9
44,8100,stdDP,402203
44,8100,parDP,201825
44,8100,extDP,3005.88
44,8100,MILP,11526.3
44,8400,stdDP,378215
44,8400,parDP,198859
44,8400,extDP,4582.99
44,8400,MILP,10752.8
44,8700,stdDP,385738
44,8700,parDP,204526
44,8700,extDP,3289.62
44,8700,MILP,14420.5
44,900,stdDP,359445
44,900,parDP,197558
44,900,extDP,7412.48
44,900,MILP,11766.5
44,9000,stdDP,402593
44,9000,parDP,250774
44,9000,extDP,5442.41
44,9000,MILP,13560.8
44,9300,stdDP,405450
44,9300,parDP,221577
44,9300,extDP,3154.31
44,9300,MILP,15151.9
44,9600,stdDP,383895
44,9600,parDP,225052
44,9600,extDP,2920.05
44,9600,MILP,16336.4
44,9900,stdDP,368843
44,9900,parDP,206694
44,9900,extDP,6036.17
44,9900,MILP,14846.4
45,1200,stdDP,344631
45,1200,parDP,217620
45,1200,extDP,8328.77
45,1200,MILP,14873
45,1500,stdDP,415542
45,1500,parDP,202395
45,1500,extDP,15802.6
45,1500,MILP,13682.3
45,1800,stdDP,364403
45,1800,parDP,215224
45,1800,extDP,8033.36
45,1800,MILP,16221.1
45,2100,stdDP,380471
45,2100,parDP,209391
45,2100,extDP,12273
45,2100,MILP,18746
45,2400,stdDP,394860
45,2400,parDP,243960
45,2400,extDP,7703.59
45,2400,MILP,15657.8
45,2700,stdDP,430061
45,2700,parDP,205546
45,2700,extDP,8479.93
45,2700,MILP,15998.6
45,300,stdDP,373000
45,300,parDP,219288
45,300,extDP,12328.5
45,300,MILP,13813.7
45,3000,stdDP,408301
45,3000,parDP,223802
45,3000,extDP,12279.2
45,3000,MILP,15069.5
45,3300,stdDP,360475
45,3300,parDP,195385
45,3300,extDP,10028.4
45,3300,MILP,13339.3
45,3600,stdDP,402651
45,3600,parDP,236141
45,3600,extDP,9338.46
45,3600,MILP,14089.5
45,3900,stdDP,473952
45,3900,parDP,247625
45,3900,extDP,13775.1
45,3900,MILP,19563.5
45,4200,stdDP,388830
45,4200,parDP,212764
45,4200,extDP,8079.92
45,4200,MILP,15050.1
45,4500,stdDP,397395
45,4500,parDP,201258
45,4500,extDP,9236.76
45,4500,MILP,12984.3
45,4800,stdDP,400430
45,4800,parDP,217513
45,4800,extDP,8017.01
45,4800,MILP,12349.7
45,5100,stdDP,386787
45,5100,parDP,227236
45,5100,extDP,9084.95
45,5100,MILP,13986.8
45,5400,stdDP,354922
45,5400,parDP,212167
45,5400,extDP,16219.6
45,5400,MILP,13211.4
45,5700,stdDP,374197
45,5700,parDP,213295
45,5700,extDP,11870.4
45,5700,MILP,16587.8
45,600,stdDP,404801
45,600,parDP,197278
45,600,extDP,12940.8
45,600,MILP,22758.4
45,6000,stdDP,383769
45,6000,parDP,229410
45,6000,extDP,8731.69
45,6000,MILP,12799.4
45,6300,stdDP,393169
45,6300,parDP,204772
45,6300,extDP,11754.9
45,6300,MILP,12259.9
45,6600,stdDP,351318
45,6600,parDP,203660
45,6600,extDP,6822.62
45,6600,MILP,14792.5
45,6900,stdDP,310528
45,6900,parDP,169318
45,6900,extDP,7186.04
45,6900,MILP,12141.8
45,7200,stdDP,310295
45,7200,parDP,175378
45,7200,extDP,7771.69
45,7200,MILP,12426.2
45,7500,stdDP,317595
45,7500,parDP,178663
45,7500,extDP,6948.92
45,7500,MILP,12872.8
45,7800,stdDP,310948
45,7800,parDP,191912
45,7800,extDP,7413.02
45,7800,MILP,12714.8
45,8100,stdDP,321052
45,8100,parDP,192642
45,8100,extDP,6890.06
45,8100,MILP,12008.3
45,8400,stdDP,343860
45,8400,parDP,179370
45,8400,extDP,9839.75
45,8400,MILP,12068.6
45,8700,stdDP,320154
45,8700,parDP,180809
45,8700,extDP,7367.75
45,8700,MILP,12301.2
45,900,stdDP,317039
45,900,parDP,209006
45,900,extDP,7189.17
45,900,MILP,12375.7
45,9000,stdDP,317304
45,9000,parDP,188802
45,9000,extDP,7150.69
45,9000,MILP,13019.1
45,9300,stdDP,351001
45,9300,parDP,181188
45,9300,extDP,7414.9
45,9300,MILP,12161.9
45,9600,stdDP,320380
45,9600,parDP,172444
45,9600,extDP,7154.88
45,9600,MILP,12064.4
45,9900,stdDP,312859
45,9900,parDP,172980
45,9900,extDP,7328.71
45,9900,MILP,12572.6
46,1200,stdDP,288875
46,1200,parDP,171041
46,1200,extDP,2681.24
46,1200,MILP,10602
46,1500,stdDP,280918
46,1500,parDP,179768
46,1500,extDP,3198.37
46,1500,MILP,10379.1
46,1800,stdDP,280408
46,1800,parDP,203146
46,1800,extDP,3039.62
46,1800,MILP,11357.4
46,2100,stdDP,334190
46,2100,parDP,217699
46,2100,extDP,3114.99
46,2100,MILP,11030.7
46,2400,stdDP,303459
46,2400,parDP,177533
46,2400,extDP,2899.63
46,2400,MILP,10435.8
46,2700,stdDP,281582
46,2700,parDP,193017
46,2700,extDP,3508.9
46,2700,MILP,11783.9
46,300,stdDP,285085
46,300,parDP,194135
46,300,extDP,4661.37
46,300,MILP,16738.2
46,3000,stdDP,321519
46,3000,parDP,179152
46,3000,extDP,2859.52
46,3000,MILP,11372.4
46,3300,stdDP,293929
46,3300,parDP,175095
46,3300,extDP,2959.03
46,3300,MILP,9979.21
46,3600,stdDP,276640
46,3600,parDP,169261
46,3600,extDP,2494.54
46,3600,MILP,9901.94
46,3900,stdDP,286070
46,3900,parDP,165650
46,3900,extDP,2643.31
46,3900,MILP,10192.9
46,4200,stdDP,309365
46,4200,parDP,160125
46,4200,extDP,4035.51
46,4200,MILP,18541.6
46,4500,stdDP,291256
46,4500,parDP,199774
46,4500,extDP,2271.18
46,4500,MILP,11226.9
46,4800,stdDP,289818
46,4800,parDP,197347
46,4800,extDP,2478.66
46,4800,MILP,12205.9
46,5100,stdDP,305671
46,5100,parDP,174109
46,5100,extDP,2577.84
46,5100,MILP,12054.1
46,5400,stdDP,287905
46,5400,parDP,165405
46,5400,extDP,3068.05
46,5400,MILP,10571.6
46,5700,stdDP,280129
46,5700,parDP,159028
46,5700,extDP,2434.57
46,5700,MILP,9645.27
46,600,stdDP,279337
46,600,parDP,155167
46,600,extDP,5644.87
46,600,MILP,15040.7
46,6000,stdDP,312450
46,6000,parDP,171482
46,6000,extDP,3267.54
46,6000,MILP,12658.7
46,6300,stdDP,303017
46,6300,parDP,163836
46,6300,extDP,2729.62
46,6300,MILP,9922.97
46,6600,stdDP,282068
46,6600,parDP,181549
46,6600,extDP,3327.14
46,6600,MILP,10903.6
46,6900,stdDP,288613
46,6900,parDP,167231
46,6900,extDP,3125.5
46,6900,MILP,15978.2
46,7200,stdDP,273865
46,7200,parDP,227418
46,7200,extDP,3023.65
46,7200,MILP,10055.2
46,7500,stdDP,290821
46,7500,parDP,182649
46,7500,extDP,3586.87
46,7500,MILP,11980.5
46,7800,stdDP,338314
46,7800,parDP,167556
46,7800,extDP,2927.31
46,7800,MILP,16527.7
46,8100,stdDP,299231
46,8100,parDP,200632
46,8100,extDP,3077.86
46,8100,MILP,10273.5
46,8400,stdDP,288183
46,8400,parDP,178441
46,8400,extDP,3050.31
46,8400,MILP,10464
46,8700,stdDP,293718
46,8700,parDP,161854
46,8700,extDP,2439.78
46,8700,MILP,10245.9
46,900,stdDP,281261
46,900,parDP,181108
46,900,extDP,3034.18
46,900,MILP,9979.74
46,9000,stdDP,282441
46,9000,parDP,160135
46,9000,extDP,2428.17
46,9000,MILP,11820.4
46,9300,stdDP,287558
46,9300,parDP,164886
46,9300,extDP,3403.94
46,9300,MILP,16945.4
46,9600,stdDP,313103
46,9600,parDP,183341
46,9600,extDP,2573.09
46,9600,MILP,10259.1
46,9900,stdDP,307362
46,9900,parDP,162526
46,9900,extDP,4454.9
46,9900,MILP,9931.58
47,1200,stdDP,522332
47,1200,parDP,262230
47,1200,extDP,39057.9
47,1200,MILP,27354
47,1500,stdDP,464981
47,1500,parDP,231706
47,1500,extDP,36236.9
47,1500,MILP,19314.7
47,1800,stdDP,480867
47,1800,parDP,240458
47,1800,extDP,52950.8
47,1800,MILP,21653.9
47,2100,stdDP,548274
47,2100,parDP,251903
47,2100,extDP,39734.5
47,2100,MILP,21758.6
47,2400,stdDP,528001
47,2400,parDP,231639
47,2400,extDP,40273.3
47,2400,MILP,22375.2
47,2700,stdDP,510293
47,2700,parDP,346076
47,2700,extDP,42189.3
47,2700,MILP,18997.6
47,300,stdDP,577762
47,300,parDP,254537
47,300,extDP,51815.8
47,300,MILP,24082.2
47,3000,stdDP,540761
47,3000,parDP,313078
47,3000,extDP,45094.8
47,3000,MILP,20997.8
47,3300,stdDP,535860
47,3300,parDP,325082
47,3300,extDP,42813.4
47,3300,MILP,18878.6
47,3600,stdDP,591845
47,3600,parDP,274659
47,3600,extDP,38116.7
47,3600,MILP,28499.5
47,3900,stdDP,560254
47,3900,parDP,277133
47,3900,extDP,36976.1
47,3900,MILP,24890.3
47,4200,stdDP,505098
47,4200,parDP,242052
47,4200,extDP,38589.3
47,4200,MILP,20300.2
47,4500,stdDP,567275
47,4500,parDP,307168
47,4500,extDP,41067.2
47,4500,MILP,27015.1
47,4800,stdDP,571409
47,4800,parDP,279853
47,4800,extDP,44792.4
47,4800,MILP,21598
47,5100,stdDP,529746
47,5100,parDP,256369
47,5100,extDP,49715.6
47,5100,MILP,20493.2
47,5400,stdDP,495325
47,5400,parDP,330415
47,5400,extDP,53256.1
47,5400,MILP,20509.9
47,5700,stdDP,607146
47,5700,parDP,296650
47,5700,extDP,37047.3
47,5700,MILP,30140.1
47,600,stdDP,572085
47,600,parDP,291528
47,600,extDP,37948.8
47,600,MILP,19021.8
47,6000,stdDP,522825
47,6000,parDP,277127
47,6000,extDP,56093
47,6000,MILP,23622.3
47,6300,stdDP,488891
47,6300,parDP,266777
47,6300,extDP,43328.3
47,6300,MILP,18359.1
47,6600,stdDP,567866
47,6600,parDP,285295
47,6600,extDP,40931.8
47,6600,MILP,19934
47,6900,stdDP,574699
47,6900,parDP,271956
47,6900,extDP,36936.6
47,6900,MILP,18879.2
47,7200,stdDP,562636
47,7200,parDP,263853
47,7200,extDP,36663.2
47,7200,MILP,18372.8
47,7500,stdDP,513228
47,7500,parDP,279688
47,7500,extDP,38646.4
47,7500,MILP,23983.1
47,7800,stdDP,597050
47,7800,parDP,254646
47,7800,extDP,36480.5
47,7800,MILP,18735
47,8100,stdDP,522953
47,8100,parDP,275817
47,8100,extDP,38317.7
47,8100,MILP,22725.3
47,8400,stdDP,589946
47,8400,parDP,280934
47,8400,extDP,44706.9
47,8400,MILP,19578.8
47,8700,stdDP,552187
47,8700,parDP,275157
47,8700,extDP,37048.4
47,8700,MILP,18606.2
47,900,stdDP,464405
47,900,parDP,295565
47,900,extDP,36566.7
47,900,MILP,18804.2
47,9000,stdDP,508402
47,9000,parDP,245873
47,9000,extDP,37500.2
47,9000,MILP,18742.3
47,9300,stdDP,511611
47,9300,parDP,319632
47,9300,extDP,36919.5
47,9300,MILP,20704.6
47,9600,stdDP,519547
47,9600,parDP,269301
47,9600,extDP,36432.7
47,9600,MILP,22046.6
47,9900,stdDP,657350
47,9900,parDP,242749
47,9900,extDP,47382.9
47,9900,MILP,19768.5
48,1200,stdDP,435001
48,1200,parDP,212891
48,1200,extDP,24546.4
48,1200,MILP,16424.8
48,1500,stdDP,370122
48,1500,parDP,220109
48,1500,extDP,24596.2
48,1500,MILP,17143.1
48,1800,stdDP,419662
48,1800,parDP,216940
48,1800,extDP,25085.7
48,1800,MILP,17507.6
48,2100,stdDP,389458
48,2100,parDP,225101
48,2100,extDP,25492.7
48,2100,MILP,16577.2
48,2400,stdDP,383387
48,2400,parDP,250456
48,2400,extDP,30353.2
48,2400,MILP,17215.8
48,2700,stdDP,401181
48,2700,parDP,223375
48,2700,extDP,24960.5
48,2700,MILP,16624.9
48,300,stdDP,408401
48,300,parDP,217010
48,300,extDP,33144.7
48,300,MILP,17075.8
48,3000,stdDP,477540
48,3000,parDP,221414
48,3000,extDP,29736.5
48,3000,MILP,17008.5
48,3300,stdDP,384293
48,3300,parDP,213901
48,3300,extDP,24699.2
48,3300,MILP,17750.1
48,3600,stdDP,384572
48,3600,parDP,216096
48,3600,extDP,24267.3
48,3600,MILP,16909.5
48,3900,stdDP,401385
48,3900,parDP,216706
48,3900,extDP,24870.9
48,3900,MILP,16531.4
48,4200,stdDP,371581
48,4200,parDP,221318
48,4200,extDP,25263.1
48,4200,MILP,16815
48,4500,stdDP,396742
48,4500,parDP,217434
48,4500,extDP,25505.4
48,4500,MILP,16941.9
48,4800,stdDP,385463
48,4800,parDP,278253
48,4800,extDP,25828.8
48,4800,MILP,17275.5
48,5100,stdDP,374537
48,5100,parDP,216490
48,5100,extDP,27318.5
48,5100,MILP,16191.4
48,5400,stdDP,377504
48,5400,parDP,215198
48,5400,extDP,25493.4
48,5400,MILP,18419.1
48,5700,stdDP,381314
48,5700,parDP,209761
48,5700,extDP,24617.1
48,5700,MILP,17144.7
48,600,stdDP,385489
48,600,parDP,227706
48,600,extDP,38568.5
48,600,MILP,16571.7
48,6000,stdDP,389065
48,6000,parDP,208620
48,6000,extDP,23693.8
48,6000,MILP,16634.6
48,6300,stdDP,365429
48,6300,parDP,220110
48,6300,extDP,24970.9
48,6300,MILP,17020.3
48,6600,stdDP,382286
48,6600,parDP,219565
48,6600,extDP,23984
48,6600,MILP,16617.1
48,6900,stdDP,362898
48,6900,parDP,216859
48,6900,extDP,23709
48,6900,MILP,16523.4
48,7200,stdDP,382505
48,7200,parDP,216628
48,7200,extDP,25098
48,7200,MILP,17199.1
48,7500,stdDP,382990
48,7500,parDP,219936
48,7500,extDP,24830.7
48,7500,MILP,17058.7
48,7800,stdDP,388948
48,7800,parDP,209340
48,7800,extDP,24640.3
48,7800,MILP,16264
48,8100,stdDP,374942
48,8100,parDP,208090
48,8100,extDP,24212.1
48,8100,MILP,16845.2
48,8400,stdDP,535507
48,8400,parDP,253513
48,8400,extDP,26096.5
48,8400,MILP,20446.6
48,8700,stdDP,415766
48,8700,parDP,252393
48,8700,extDP,26749.3
48,8700,MILP,16515.2
48,900,stdDP,377185
48,900,parDP,223376
48,900,extDP,31774
48,900,MILP,17465.1
48,9000,stdDP,376107
48,9000,parDP,261328
48,9000,extDP,26493.8
48,9000,MILP,18500.5
48,9300,stdDP,410075
48,9300,parDP,239348
48,9300,extDP,37638.1
48,9300,MILP,17102.7
48,9600,stdDP,477691
48,9600,parDP,226832
48,9600,extDP,24015.4
48,9600,MILP,17372.9
48,9900,stdDP,423542
48,9900,parDP,236559
48,9900,extDP,48628.5
48,9900,MILP,18665
49,1200,stdDP,381137
49,1200,parDP,256054
49,1200,extDP,20162.4
49,1200,MILP,18904.3
49,1500,stdDP,495353
49,1500,parDP,238923
49,1500,extDP,20501.7
49,1500,MILP,17700.3
49,1800,stdDP,409932
49,1800,parDP,236405
49,1800,extDP,17388.1
49,1800,MILP,16294.7
49,2100,stdDP,426017
49,2100,parDP,234555
49,2100,extDP,19437.7
49,2100,MILP,17105.8
49,2400,stdDP,455890
49,2400,parDP,257925
49,2400,extDP,21303.4
49,2400,MILP,15145.7
49,2700,stdDP,432659
49,2700,parDP,238859
49,2700,extDP,28725.9
49,2700,MILP,15917.7
49,300,stdDP,392742
49,300,parDP,211202
49,300,extDP,19129.1
49,300,MILP,15188
49,3000,stdDP,398008
49,3000,parDP,388695
49,3000,extDP,20523.1
49,3000,MILP,17344.4
49,3300,stdDP,387018
49,3300,parDP,233034
49,3300,extDP,32151
49,3300,MILP,15049.5
49,3600,stdDP,401092
49,3600,parDP,245780
49,3600,extDP,19302.7
49,3600,MILP,14729.1
49,3900,stdDP,605454
49,3900,parDP,260201
49,3900,extDP,21551.5
49,3900,MILP,22451.2
49,4200,stdDP,495795
49,4200,parDP,269377
49,4200,extDP,23226.1
49,4200,MILP,24745.5
49,4500,stdDP,377694
49,4500,parDP,242132
49,4500,extDP,17138
49,4500,MILP,17075.2
49,4800,stdDP,469099
49,4800,parDP,338335
49,4800,extDP,29635.8
49,4800,MILP,14108.5
49,5100,stdDP,615817
49,5100,parDP,318369
49,5100,extDP,24969.7
49,5100,MILP,26928.7
49,5400,stdDP,556499
49,5400,parDP,267223
49,5400,extDP,21161.9
49,5400,MILP,15366.3
49,5700,stdDP,410997
49,5700,parDP,264418
49,5700,extDP,24207.3
49,5700,MILP,16176.8
49,600,stdDP,454984
49,600,parDP,298638
49,600,extDP,31850.2
49,600,MILP,27249.9
49,6000,stdDP,673051
49,6000,parDP,242446
49,6000,extDP,35892.2
49,6000,MILP,17974.3
49,6300,stdDP,398615
49,6300,parDP,219751
49,6300,extDP,16959.8
49,6300,MILP,13973.2
49,6600,stdDP,483465
49,6600,parDP,232374
49,6600,extDP,19582.8
49,6600,MILP,16571.2
49,6900,stdDP,393389
49,6900,parDP,208928
49,6900,extDP,17578.9
49,6900,MILP,15711.2
49,7200,stdDP,417644
49,7200,parDP,270138
49,7200,extDP,27398.8
49,7200,MILP,26547.9
49,7500,stdDP,404749
49,7500,parDP,229821
49,7500,extDP,23846.6
49,7500,MILP,17242.8
49,7800,stdDP,407880
49,7800,parDP,346772
49,7800,extDP,21348.2
49,7800,MILP,14475.4
49,8100,stdDP,408978
49,8100,parDP,221600
49,8100,extDP,18476.3
49,8100,MILP,14540.6
49,8400,stdDP,407011
49,8400,parDP,239972
49,8400,extDP,18336.3
49,8400,MILP,15453.2
49,8700,stdDP,400749
49,8700,parDP,218553
49,8700,extDP,27369.9
49,8700,MILP,14735.7
49,900,stdDP,382228
49,900,parDP,220651
49,900,extDP,20333.3
49,900,MILP,19332
49,9000,stdDP,439790
49,9000,parDP,246406
49,9000,extDP,20561.4
49,9000,MILP,17755.5
49,9300,stdDP,427272
49,9300,parDP,249622
49,9300,extDP,18010.8
49,9300,MILP,15343.8
49,9600,stdDP,434906
49,9600,parDP,251836
49,9600,extDP,20700
49,9600,MILP,20344.6
49,9900,stdDP,397934
49,9900,parDP,268984
49,9900,extDP,22303
49,9900,MILP,20263.4
5,1200,stdDP,353157
5,1200,parDP,201293
5,1200,extDP,8251.97
5,1200,MILP,15955.9
5,1500,stdDP,352015
5,1500,parDP,206895
5,1500,extDP,9691.26
5,1500,MILP,12134.3
5,1800,stdDP,339873
5,1800,parDP,252699
5,1800,extDP,11769.3
5,1800,MILP,18998.8
5,2100,stdDP,394935
5,2100,parDP,263717
5,2100,extDP,9901.79
5,2100,MILP,15065.5
5,2400,stdDP,578197
5,2400,parDP,263408
5,2400,extDP,9591.55
5,2400,MILP,16882.7
5,2700,stdDP,500138
5,2700,parDP,233358
5,2700,extDP,13246.7
5,2700,MILP,20453.6
5,300,stdDP,531029
5,300,parDP,233704
5,300,extDP,9059.1
5,300,MILP,14098.8
5,3000,stdDP,404896
5,3000,parDP,514485
5,3000,extDP,26702.7
5,3000,MILP,54095.4
5,3300,stdDP,631997
5,3300,parDP,253787
5,3300,extDP,9316.25
5,3300,MILP,15600
5,3600,stdDP,533409
5,3600,parDP,271086
5,3600,extDP,12166.7
5,3600,MILP,14318.7
5,3900,stdDP,327857
5,3900,parDP,221222
5,3900,extDP,9572.03
5,3900,MILP,12798.7
5,4200,stdDP,344930
5,4200,parDP,223763
5,4200,extDP,9119.36
5,4200,MILP,14457.1
5,4500,stdDP,327992
5,4500,parDP,207187
5,4500,extDP,8715.33
5,4500,MILP,13975.4
5,4800,stdDP,353915
5,4800,parDP,232289
5,4800,extDP,12511.2
5,4800,MILP,18469.6
5,5100,stdDP,329864
5,5100,parDP,213306
5,5100,extDP,8898.12
5,5100,MILP,13526.2
5,5400,stdDP,352656
5,5400,parDP,237390
5,5400,extDP,9294.58
5,5400,MILP,16312.6
5,5700,stdDP,339868
5,5700,parDP,228553
5,5700,extDP,15628.2
5,5700,MILP,13164.7
5,600,stdDP,353945
5,600,parDP,215418
5,600,extDP,12795.5
5,600,MILP,18873.4
5,6000,stdDP,354196
5,6000,parDP,369578
5,6000,extDP,12582.1
5,6000,MILP,20026
5,6300,stdDP,798054
5,6300,parDP,206071
5,6300,extDP,17002.6
5,6300,MILP,25123.9
5,6600,stdDP,345202
5,6600,parDP,217905
5,6600,extDP,13889.3
5,6600,MILP,15274.5
5,6900,stdDP,486376
5,6900,parDP,206031
5,6900,extDP,16849.1
5,6900,MILP,23276.4
5,7200,stdDP,341234
5,7200,parDP,226070
5,7200,extDP,13006.9
5,7200,MILP,13723.8
5,7500,stdDP,363485
5,7500,parDP,221217
5,7500,extDP,8516.41
5,7500,MILP,13451.2
5,7800,stdDP,346229
5,7800,parDP,222048
5,7800,extDP,11250.7
5,7800,MILP,13382.1
5,8100,stdDP,332688
5,8100,parDP,223880
5,8100,extDP,17845.3
5,8100,MILP,24386.6
5,8400,stdDP,342563
5,8400,parDP,214384
5,8400,extDP,16696.7
5,8400,MILP,25432.9
5,8700,stdDP,638447
5,8700,parDP,214574
5,8700,extDP,13320.4
5,8700,MILP,16239.7
5,900,stdDP,345947
5,900,parDP,228494
5,900,extDP,7844.81
5,900,MILP,14346.8
5,9000,stdDP,343820
5,9000,parDP,246538
5,9000,extDP,10494.4
5,9000,MILP,16470.7
5,9300,stdDP,358223
5,9300,parDP,230967
5,9300,extDP,13020.4
5,9300,MILP,18905.5
5,9600,stdDP,347605
5,9600,parDP,219399
5,9600,extDP,14019.4
5,9600,MILP,12990.2
5,9900,stdDP,343623
5,9900,parDP,247382
5,9900,extDP,18053.3
5,9900,MILP,13967.3
6,1200,stdDP,516940
6,1200,parDP,289262
6,1200,extDP,5920.06
6,1200,MILP,26866.1
6,1500,stdDP,282169
6,1500,parDP,157827
6,1500,extDP,2657.87
6,1500,MILP,10586
6,1800,stdDP,276598
6,1800,parDP,159778
6,1800,extDP,2498.31
6,1800,MILP,10062.2
6,2100,stdDP,294526
6,2100,parDP,192809
6,2100,extDP,6067.86
6,2100,MILP,11370.9
6,2400,stdDP,279738
6,2400,parDP,161571
6,2400,extDP,2600.4
6,2400,MILP,10803.4
6,2700,stdDP,280763
6,2700,parDP,175233
6,2700,extDP,4353.18
6,2700,MILP,11195.2
6,300,stdDP,279583
6,300,parDP,162239
6,300,extDP,3108.17
6,300,MILP,10521.7
6,3000,stdDP,285909
6,3000,parDP,167246
6,3000,extDP,2389.36
6,3000,MILP,9865.59
6,3300,stdDP,286501
6,3300,parDP,166487
6,3300,extDP,2953.61
6,3300,MILP,10073.8
6,3600,stdDP,287850
6,3600,parDP,169975
6,3600,extDP,2946.42
6,3600,MILP,11888.7
6,3900,stdDP,284464
6,3900,parDP,161253
6,3900,extDP,2719.38
6,3900,MILP,10791
6,4200,stdDP,275983
6,4200,parDP,162842
6,4200,extDP,2507.03
6,4200,MILP,10223.8
6,4500,stdDP,284521
6,4500,parDP,175193
6,4500,extDP,2659.78
6,4500,MILP,10821
6,4800,stdDP,280279
6,4800,parDP,165807
6,4800,extDP,3536.65
6,4800,MILP,10915.4
6,5100,stdDP,286762
6,5100,parDP,156333
6,5100,extDP,2469.92
6,5100,MILP,10685.1
6,5400,stdDP,282576
6,5400,parDP,158530
6,5400,extDP,2883.48
6,5400,MILP,11395.7
6,5700,stdDP,286928
6,5700,parDP,158223
6,5700,extDP,2857.88
6,5700,MILP,11397.3
6,600,stdDP,278651
6,600,parDP,161912
6,600,extDP,4304.32
6,600,MILP,11785.2
6,6000,stdDP,296862
6,6000,parDP,164421
6,6000,extDP,2907.8
6,6000,MILP,10217.6
6,6300,stdDP,276693
6,6300,parDP,159116
6,6300,extDP,2842.28
6,6300,MILP,11268.8
6,6600,stdDP,276163
6,6600,parDP,174269
6,6600,extDP,3642.82
6,6600,MILP,11958.9
6,6900,stdDP,321212
6,6900,parDP,219426
6,6900,extDP,6766.89
6,6900,MILP,12449.1
6,7200,stdDP,288499
6,7200,parDP,173150
6,7200,extDP,3055.08
6,7200,MILP,10627.3
6,7500,stdDP,329796
6,7500,parDP,163736
6,7500,extDP,2437.09
6,7500,MILP,10619.8
6,7800,stdDP,281080
6,7800,parDP,165080
6,7800,extDP,2749.33
6,7800,MILP,10292.7
6,8100,stdDP,293911
6,8100,parDP,160859
6,8100,extDP,2731.76
6,8100,MILP,11147.7
6,8400,stdDP,288189
6,8400,parDP,162040
6,8400,extDP,2453.03
6,8400,MILP,10233.1
6,8700,stdDP,271669
6,8700,parDP,154624
6,8700,extDP,2486.02
6,8700,MILP,10938.9
6,900,stdDP,288804
6,900,parDP,174545
6,900,extDP,2651.22
6,900,MILP,10998.9
6,9000,stdDP,295172
6,9000,parDP,176425
6,9000,extDP,2747.17
6,9000,MILP,10991.5
6,9300,stdDP,281625
6,9300,parDP,166821
6,9300,extDP,2744.82
6,9300,MILP,12405.2
6,9600,stdDP,282366
6,9600,parDP,179736
6,9600,extDP,6981.92
6,9600,MILP,13290.3
6,9900,stdDP,282896
6,9900,parDP,186640
6,9900,extDP,6055.38
6,9900,MILP,12141.7
7,1200,stdDP,353261
7,1200,parDP,217935
7,1200,extDP,14417.7
7,1200,MILP,18127.8
7,1500,stdDP,356767
7,1500,parDP,203531
7,1500,extDP,21394.5
7,1500,MILP,19128.5
7,1800,stdDP,360866
7,1800,parDP,200701
7,1800,extDP,14147.7
7,1800,MILP,18006.3
7,2100,stdDP,358656
7,2100,parDP,187661
7,2100,extDP,13976
7,2100,MILP,15623.3
7,2400,stdDP,358004
7,2400,parDP,216325
7,2400,extDP,15921.7
7,2400,MILP,15691
7,2700,stdDP,358139
7,2700,parDP,189789
7,2700,extDP,13378.6
7,2700,MILP,15882.2
7,300,stdDP,379301
7,300,parDP,232968
7,300,extDP,13302.6
7,300,MILP,15248.9
7,3000,stdDP,342368
7,3000,parDP,190471
7,3000,extDP,13385.9
7,3000,MILP,14653.3
7,3300,stdDP,385117
7,3300,parDP,184910
7,3300,extDP,13527.5
7,3300,MILP,14374
7,3600,stdDP,347044
7,3600,parDP,182586
7,3600,extDP,14851.1
7,3600,MILP,14918
7,3900,stdDP,401799
7,3900,parDP,182440
7,3900,extDP,24185.6
7,3900,MILP,18288.1
7,4200,stdDP,368716
7,4200,parDP,204744
7,4200,extDP,13139.2
7,4200,MILP,14860.4
7,4500,stdDP,370892
7,4500,parDP,199581
7,4500,extDP,13483.2
7,4500,MILP,15053.1
7,4800,stdDP,370137
7,4800,parDP,215418
7,4800,extDP,18193
7,4800,MILP,14589.4
7,5100,stdDP,373747
7,5100,parDP,197602
7,5100,extDP,13719.9
7,5100,MILP,14471.9
7,5400,stdDP,368256
7,5400,parDP,264754
7,5400,extDP,15435.3
7,5400,MILP,15027
7,5700,stdDP,366854
7,5700,parDP,188176
7,5700,extDP,19336.1
7,5700,MILP,15379.4
7,600,stdDP,350579
7,600,parDP,200182
7,600,extDP,15750.6
7,600,MILP,14031.8
7,6000,stdDP,360678
7,6000,parDP,190118
7,6000,extDP,15224.2
7,6000,MILP,16770.4
7,6300,stdDP,364567
7,6300,parDP,211658
7,6300,extDP,14237.6
7,6300,MILP,16036.4
7,6600,stdDP,366792
7,6600,parDP,181657
7,6600,extDP,13206.2
7,6600,MILP,14756.4
7,6900,stdDP,409413
7,6900,parDP,212333
7,6900,extDP,13778.9
7,6900,MILP,14904.9
7,7200,stdDP,373002
7,7200,parDP,210155
7,7200,extDP,14541.1
7,7200,MILP,21943.2
7,7500,stdDP,361042
7,7500,parDP,191415
7,7500,extDP,14822.6
7,7500,MILP,14595.9
7,7800,stdDP,373517
7,7800,parDP,222203
7,7800,extDP,13874.6
7,7800,MILP,17351.3
7,8100,stdDP,367922
7,8100,parDP,191341
7,8100,extDP,26002.7
7,8100,MILP,14970
7,8400,stdDP,385028
7,8400,parDP,191189
7,8400,extDP,14804.7
7,8400,MILP,15864.8
7,8700,stdDP,377684
7,8700,parDP,201911
7,8700,extDP,14855.5
7,8700,MILP,15952.7
7,900,stdDP,376486
7,900,parDP,214606
7,900,extDP,14959.2
7,900,MILP,19937.6
7,9000,stdDP,385614
7,9000,parDP,249882
7,9000,extDP,23102.4
7,9000,MILP,45468.7
7,9300,stdDP,361994
7,9300,parDP,224864
7,9300,extDP,28181.8
7,9300,MILP,15938.3
7,9600,stdDP,440515
7,9600,parDP,274820
7,9600,extDP,24021.6
7,9600,MILP,20032.1
7,9900,stdDP,439373
7,9900,parDP,267763
7,9900,extDP,23328.1
7,9900,MILP,24603.9
8,1200,stdDP,446285
8,1200,parDP,278617
8,1200,extDP,18042.1
8,1200,MILP,18339.7
8,1500,stdDP,391432
8,1500,parDP,230758
8,1500,extDP,14946.4
8,1500,MILP,17022.5
8,1800,stdDP,390356
8,1800,parDP,221112
8,1800,extDP,15613.9
8,1800,MILP,15911.2
8,2100,stdDP,450315
8,2100,parDP,249284
8,2100,extDP,24826.3
8,2100,MILP,23219.4
8,2400,stdDP,433386
8,2400,parDP,397264
8,2400,extDP,17463.9
8,2400,MILP,24123
8,2700,stdDP,417823
8,2700,parDP,287998
8,2700,extDP,14323.5
8,2700,MILP,14447.5
8,300,stdDP,387221
8,300,parDP,235858
8,300,extDP,14002.1
8,300,MILP,14040.9
8,3000,stdDP,361390
8,3000,parDP,188018
8,3000,extDP,14254.9
8,3000,MILP,13443.5
8,3300,stdDP,368498
8,3300,parDP,195702
8,3300,extDP,13701.4
8,3300,MILP,14576.7
8,3600,stdDP,377470
8,3600,parDP,184960
8,3600,extDP,14062.7
8,3600,MILP,15094.3
8,3900,stdDP,375617
8,3900,parDP,207488
8,3900,extDP,13970.1
8,3900,MILP,14079
8,4200,stdDP,361945
8,4200,parDP,199542
8,4200,extDP,14335.3
8,4200,MILP,16237.7
8,4500,stdDP,361507
8,4500,parDP,197403
8,4500,extDP,14096
8,4500,MILP,13517.2
8,4800,stdDP,392442
8,4800,parDP,193391
8,4800,extDP,13798.2
8,4800,MILP,13471.2
8,5100,stdDP,374456
8,5100,parDP,199124
8,5100,extDP,13523.8
8,5100,MILP,13588.3
8,5400,stdDP,376816
8,5400,parDP,193871
8,5400,extDP,13790.9
8,5400,MILP,13699.8
8,5700,stdDP,359966
8,5700,parDP,217606
8,5700,extDP,14586.3
8,5700,MILP,15809.3
8,600,stdDP,381107
8,600,parDP,184930
8,600,extDP,13768.5
8,600,MILP,13405.1
8,6000,stdDP,354191
8,6000,parDP,257417
8,6000,extDP,17592.1
8,6000,MILP,16463.2
8,6300,stdDP,376833
8,6300,parDP,188551
8,6300,extDP,13745.3
8,6300,MILP,13521.4
8,6600,stdDP,361270
8,6600,parDP,244768
8,6600,extDP,14572.7
8,6600,MILP,14403.6
8,6900,stdDP,365478
8,6900,parDP,188777
8,6900,extDP,13550.9
8,6900,MILP,13333.7
8,7200,stdDP,371621
8,7200,parDP,220041
8,7200,extDP,13873.2
8,7200,MILP,13323.3
8,7500,stdDP,381574
8,7500,parDP,190491
8,7500,extDP,17695.5
8,7500,MILP,18284.8
8,7800,stdDP,440886
8,7800,parDP,246302
8,7800,extDP,16012.9
8,7800,MILP,14042.1
8,8100,stdDP,391017
8,8100,parDP,233972
8,8100,extDP,19934
8,8100,MILP,18451.8
8,8400,stdDP,455396
8,8400,parDP,262778
8,8400,extDP,15822.4
8,8400,MILP,17533.4
8,8700,stdDP,404435
8,8700,parDP,211653
8,8700,extDP,13924.4
8,8700,MILP,15218.7
8,900,stdDP,378552
8,900,parDP,220474
8,900,extDP,27560.8
8,900,MILP,15166.1
8,9000,stdDP,384622
8,9000,parDP,214820
8,9000,extDP,16549.3
8,9000,MILP,15034.9
8,9300,stdDP,384291
8,9300,parDP,213933
8,9300,extDP,16399.8
8,9300,MILP,23464.9
8,9600,stdDP,414572
8,9600,parDP,207837
8,9600,extDP,14708.6
8,9600,MILP,15667.4
8,9900,stdDP,399578
8,9900,parDP,216231
8,9900,extDP,15286.1
8,9900,MILP,12869.7
9,1200,stdDP,734761
9,1200,parDP,392677
9,1200,extDP,82449.9
9,1200,MILP,23791.2
9,1500,stdDP,791380
9,1500,parDP,488408
9,1500,extDP,141356
9,1500,MILP,30778.7
9,1800,stdDP,832393
9,1800,parDP,346457
9,1800,extDP,109507
9,1800,MILP,25289.2
9,2100,stdDP,735756
9,2100,parDP,389486
9,2100,extDP,91760.4
9,2100,MILP,27667.4
9,2400,stdDP,733375
9,2400,parDP,392052
9,2400,extDP,103217
9,2400,MILP,29262.2
9,2700,stdDP,897133
9,2700,parDP,359912
9,2700,extDP,95733.9
9,2700,MILP,30942.7
9,300,stdDP,828942
9,300,parDP,438769
9,300,extDP,111738
9,300,MILP,30562.7
9,3000,stdDP,888248
9,3000,parDP,419806
9,3000,extDP,102252
9,3000,MILP,40417.8
9,3300,stdDP,823485
9,3300,parDP,418753
9,3300,extDP,172087
9,3300,MILP,39179.7
9,3600,stdDP,1.00243e+06
9,3600,parDP,415124
9,3600,extDP,104915
9,3600,MILP,33286.8
9,3900,stdDP,1.32768e+06
9,3900,parDP,508938
9,3900,extDP,92484.7
9,3900,MILP,25391
9,4200,stdDP,856859
9,4200,parDP,364037
9,4200,extDP,100081
9,4200,MILP,30130.8
9,4500,stdDP,706831
9,4500,parDP,334758
9,4500,extDP,84587.2
9,4500,MILP,24417.9
9,4800,stdDP,689831
9,4800,parDP,389113
9,4800,extDP,134221
9,4800,MILP,28970.5
9,5100,stdDP,852639
9,5100,parDP,331254
9,5100,extDP,82288.7
9,5100,MILP,25869.3
9,5400,stdDP,739157
9,5400,parDP,357699
9,5400,extDP,82483.3
9,5400,MILP,23119
9,5700,stdDP,768266
9,5700,parDP,310618
9,5700,extDP,83341.3
9,5700,MILP,24374.8
9,600,stdDP,682995
9,600,parDP,342699
9,600,extDP,88324.9
9,600,MILP,23996.3
9,6000,stdDP,859018
9,6000,parDP,350096
9,6000,extDP,126944
9,6000,MILP,36344.6
9,6300,stdDP,760756
9,6300,parDP,388644
9,6300,extDP,96331.9
9,6300,MILP,25783.7
9,6600,stdDP,778689
9,6600,parDP,313535
9,6600,extDP,84799.4
9,6600,MILP,25254.9
9,6900,stdDP,668416
9,6900,parDP,342864
9,6900,extDP,81931
9,6900,MILP,24615.4
9,7200,stdDP,720209
9,7200,parDP,344858
9,7200,extDP,85818
9,7200,MILP,24378.5
9,7500,stdDP,714232
9,7500,parDP,340250
9,7500,extDP,93854.2
9,7500,MILP,35568.5
9,7800,stdDP,744447
9,7800,parDP,351047
9,7800,extDP,99808.2
9,7800,MILP,29609.6
9,8100,stdDP,727885
9,8100,parDP,383776
9,8100,extDP,103940
9,8100,MILP,36554.9
9,8400,stdDP,850773
9,8400,parDP,415218
9,8400,extDP,92813.9
9,8400,MILP,26346.4
9,8700,stdDP,833942
9,8700,parDP,393538
9,8700,extDP,106712
9,8700,MILP,31066.8
9,900,stdDP,781428
9,900,parDP,364075
9,900,extDP,86385.1
9,900,MILP,25807.5
9,9000,stdDP,735287
9,9000,parDP,332279
9,9000,extDP,86992.3
9,9000,MILP,23566.7
9,9300,stdDP,704507
9,9300,parDP,325432
9,9300,extDP,84210.4
9,9300,MILP,24492.5
9,9600,stdDP,721821
9,9600,parDP,335364
9,9600,extDP,98742.3
9,9600,MILP,24439
9,9900,stdDP,737592
9,9900,parDP,359997
9,9900,extDP,94077.6
9,9900,MILP,41322.4
