unit,iter,solver,time_us
0,0,stdDP,600.162
0,0,extDP,228.281
0,0,MILP,783.316
0,1200,stdDP,643.343
0,1200,extDP,315.584
0,1200,MILP,679.816
0,1500,stdDP,298.246
0,1500,extDP,237.587
0,1500,MILP,678.942
0,1800,stdDP,477.932
0,1800,extDP,235.721
0,1800,MILP,967.368
0,2100,stdDP,787.445
0,2100,extDP,361.815
0,2100,MILP,984.915
0,2400,stdDP,686.354
0,2400,extDP,415.018
0,2400,MILP,958.646
0,2700,stdDP,752.031
0,2700,extDP,414.399
0,2700,MILP,972.629
0,300,stdDP,695.049
0,300,extDP,326.497
0,300,MILP,910.52
0,3000,stdDP,452.733
0,3000,extDP,214.494
0,3000,MILP,693.96
0,3300,stdDP,449.78
0,3300,extDP,211.627
0,3300,MILP,741.542
0,3600,stdDP,541.809
0,3600,extDP,245.141
0,3600,MILP,714.158
0,3900,stdDP,524.6
0,3900,extDP,235.714
0,3900,MILP,704.394
0,4200,stdDP,592.141
0,4200,extDP,216.368
0,4200,MILP,948.315
0,4500,stdDP,491.299
0,4500,extDP,249.598
0,4500,MILP,686.873
0,4800,stdDP,481.95
0,4800,extDP,236.615
0,4800,MILP,664.89
0,5100,stdDP,475.721
0,5100,extDP,235.986
0,5100,MILP,691.142
0,5400,stdDP,513.737
0,5400,extDP,253.201
0,5400,MILP,735
0,5700,stdDP,496.859
0,5700,extDP,231.55
0,5700,MILP,696.575
0,600,stdDP,498.1
0,600,extDP,233.918
0,600,MILP,691.834
0,6000,stdDP,505.304
0,6000,extDP,239.711
0,6000,MILP,690.73
0,6300,stdDP,507.209
0,6300,extDP,241.13
0,6300,MILP,678.628
0,6600,stdDP,494.32
0,6600,extDP,231.039
0,6600,MILP,702.757
0,6900,stdDP,504.296
0,6900,extDP,234.489
0,6900,MILP,698.088
0,7200,stdDP,477.699
0,7200,extDP,236.154
0,7200,MILP,673.76
0,7500,stdDP,463.298
0,7500,extDP,240.628
0,7500,MILP,724.792
0,7800,stdDP,521.469
0,7800,extDP,266.373
0,7800,MILP,743.104
0,8100,stdDP,497.333
0,8100,extDP,257.286
0,8100,MILP,741.214
0,8400,stdDP,529.313
0,8400,extDP,280.954
0,8400,MILP,720.04
0,8700,stdDP,505.053
0,8700,extDP,217.339
0,8700,MILP,818.72
0,900,stdDP,472.754
0,900,extDP,229.504
0,900,MILP,731.832
0,9000,stdDP,449.011
0,9000,extDP,176.053
0,9000,MILP,523.979
0,9300,stdDP,519.834
0,9300,extDP,247.167
0,9300,MILP,818.407
0,9600,stdDP,460.998
0,9600,extDP,240.163
0,9600,MILP,718.549
0,9900,stdDP,488.346
0,9900,extDP,250.609
0,9900,MILP,732.13
1,0,stdDP,323.928
1,0,extDP,707.486
1,0,MILP,826.812
1,1200,stdDP,310.972
1,1200,extDP,655.33
1,1200,MILP,842.447
1,1500,stdDP,303.749
1,1500,extDP,659.084
1,1500,MILP,801.123
1,1800,stdDP,282.465
1,1800,extDP,640.899
1,1800,MILP,902.925
1,2100,stdDP,304.583
1,2100,extDP,660.648
1,2100,MILP,810.495
1,2400,stdDP,306.651
1,2400,extDP,734.457
1,2400,MILP,855.994
1,2700,stdDP,337.51
1,2700,extDP,740.912
1,2700,MILP,829.805
1,300,stdDP,296.059
1,300,extDP,642.244
1,300,MILP,835.609
1,3000,stdDP,313.82
1,3000,extDP,667.241
1,3000,MILP,932.762
1,3300,stdDP,318.373
1,3300,extDP,635.208
1,3300,MILP,832.027
1,3600,stdDP,307.238
1,3600,extDP,665.928
1,3600,MILP,810.511
1,3900,stdDP,301.282
1,3900,extDP,620.139
1,3900,MILP,809.944
1,4200,stdDP,298.466
1,4200,extDP,620.31
1,4200,MILP,826.047
1,4500,stdDP,295.606
1,4500,extDP,630.793
1,4500,MILP,821.514
1,4800,stdDP,288.26
1,4800,extDP,627.302
1,4800,MILP,793.601
1,5100,stdDP,288.287
1,5100,extDP,636.945
1,5100,MILP,821.44
1,5400,stdDP,310.387
1,5400,extDP,654.163
1,5400,MILP,823.146
1,5700,stdDP,320.459
1,5700,extDP,722.588
1,5700,MILP,890.103
1,600,stdDP,333.119
1,600,extDP,720.391
1,600,MILP,903.388
1,6000,stdDP,337.283
1,6000,extDP,708.575
1,6000,MILP,933.047
1,6300,stdDP,340.986
1,6300,extDP,715.612
1,6300,MILP,913.456
1,6600,stdDP,332.636
1,6600,extDP,722.094
1,6600,MILP,906.66
1,6900,stdDP,333.747
1,6900,extDP,710.375
1,6900,MILP,919.979
1,7200,stdDP,338.822
1,7200,extDP,730.528
1,7200,MILP,872.733
1,7500,stdDP,323.3
1,7500,extDP,678.371
1,7500,MILP,882.504
1,7800,stdDP,327.087
1,7800,extDP,672.542
1,7800,MILP,876.646
1,8100,stdDP,309.148
1,8100,extDP,697.643
1,8100,MILP,883.751
1,8400,stdDP,324.251
1,8400,extDP,792.852
1,8400,MILP,887.703
1,8700,stdDP,304.786
1,8700,extDP,693.436
1,8700,MILP,881.335
1,900,stdDP,331.974
1,900,extDP,717.741
1,900,MILP,899.756
1,9000,stdDP,317.573
1,9000,extDP,697.991
1,9000,MILP,838.489
1,9300,stdDP,286.547
1,9300,extDP,668.113
1,9300,MILP,918.534
1,9600,stdDP,330.855
1,9600,extDP,698.146
1,9600,MILP,833.395
1,9900,stdDP,295.03
1,9900,extDP,697.939
1,9900,MILP,831.903
10,0,stdDP,383.392
10,0,extDP,531.885
10,0,MILP,811.359
10,1200,stdDP,347.622
10,1200,extDP,501.357
10,1200,MILP,640.967
10,1500,stdDP,341.672
10,1500,extDP,505.126
10,1500,MILP,490.761
10,1800,stdDP,171.633
10,1800,extDP,291.193
10,1800,MILP,564.567
10,2100,stdDP,237.787
10,2100,extDP,452.253
10,2100,MILP,635.26
10,2400,stdDP,179.008
10,2400,extDP,247.333
10,2400,MILP,504.274
10,2700,stdDP,249.883
10,2700,extDP,327.647
10,2700,MILP,804.804
10,300,stdDP,339.913
10,300,extDP,295.959
10,300,MILP,565.545
10,3000,stdDP,171.66
10,3000,extDP,391.842
10,3000,MILP,749.487
10,3300,stdDP,251.003
10,3300,extDP,541.364
10,3300,MILP,845.635
10,3600,stdDP,441.322
10,3600,extDP,631.458
10,3600,MILP,1011.49
10,3900,stdDP,456.184
10,3900,extDP,672.162
10,3900,MILP,1043.15
10,4200,stdDP,476.695
10,4200,extDP,478.694
10,4200,MILP,479.502
10,4500,stdDP,458.058
10,4500,extDP,686.238
10,4500,MILP,995.952
10,4800,stdDP,449.077
10,4800,extDP,663.865
10,4800,MILP,1002.66
10,5100,stdDP,459.321
10,5100,extDP,726
10,5100,MILP,1047.49
10,5400,stdDP,451.997
10,5400,extDP,662.786
10,5400,MILP,1023.1
10,5700,stdDP,474.736
10,5700,extDP,738.689
10,5700,MILP,1058.26
10,600,stdDP,433.478
10,600,extDP,625.8
10,600,MILP,1036.87
10,6000,stdDP,445.657
10,6000,extDP,679.06
10,6000,MILP,1020.6
10,6300,stdDP,446.242
10,6300,extDP,696.113
10,6300,MILP,1031.8
10,6600,stdDP,447.367
10,6600,extDP,698.051
10,6600,MILP,1068.05
10,6900,stdDP,458.624
10,6900,extDP,630.125
10,6900,MILP,1033.41
10,7200,stdDP,462.483
10,7200,extDP,705.377
10,7200,MILP,1012.34
10,7500,stdDP,458.544
10,7500,extDP,693.642
10,7500,MILP,1058.16
10,7800,stdDP,472.63
10,7800,extDP,657.673
10,7800,MILP,1034.86
10,8100,stdDP,469.524
10,8100,extDP,691.341
10,8100,MILP,1095.51
10,8400,stdDP,443.203
10,8400,extDP,647.092
10,8400,MILP,1043.82
10,8700,stdDP,469.707
10,8700,extDP,717.493
10,8700,MILP,1043.1
10,900,stdDP,468.411
10,900,extDP,671.235
10,900,MILP,1059.57
10,9000,stdDP,460.941
10,9000,extDP,691.242
10,9000,MILP,1029.93
10,9300,stdDP,544.696
10,9300,extDP,686.443
10,9300,MILP,1000.02
10,9600,stdDP,450.902
10,9600,extDP,744.09
10,9600,MILP,1044.83
10,9900,stdDP,478.948
10,9900,extDP,739.379
10,9900,MILP,981.982
11,0,stdDP,509.612
11,0,extDP,152.903
11,0,MILP,813.823
11,1200,stdDP,527.083
11,1200,extDP,156.001
11,1200,MILP,824.411
11,1500,stdDP,521.19
11,1500,extDP,163.586
11,1500,MILP,788.674
11,1800,stdDP,519.312
11,1800,extDP,161.055
11,1800,MILP,840.388
11,2100,stdDP,512.564
11,2100,extDP,155.064
11,2100,MILP,816.166
11,2400,stdDP,540.378
11,2400,extDP,152.104
11,2400,MILP,802.702
11,2700,stdDP,519.935
11,2700,extDP,153.464
11,2700,MILP,813.774
11,300,stdDP,502.314
11,300,extDP,157.24
11,300,MILP,818.853
11,3000,stdDP,530.727
11,3000,extDP,159.387
11,3000,MILP,916.317
11,3300,stdDP,661.279
11,3300,extDP,158.862
11,3300,MILP,829.738
11,3600,stdDP,547.182
11,3600,extDP,163.873
11,3600,MILP,832.655
11,3900,stdDP,518.197
11,3900,extDP,159.279
11,3900,MILP,796.735
11,4200,stdDP,523.346
11,4200,extDP,155.387
11,4200,MILP,825.592
11,4500,stdDP,521.252
11,4500,extDP,157.696
11,4500,MILP,811.244
11,4800,stdDP,541.545
11,4800,extDP,156.174
11,4800,MILP,806.84
11,5100,stdDP,537.867
11,5100,extDP,154.11
11,5100,MILP,813.537
11,5400,stdDP,528.975
11,5400,extDP,149.305
11,5400,MILP,813.792
11,5700,stdDP,500.777
11,5700,extDP,150.356
11,5700,MILP,804.883
11,600,stdDP,521.506
11,600,extDP,148.394
11,600,MILP,846.401
11,6000,stdDP,513.749
11,6000,extDP,148.902
11,6000,MILP,815.996
11,6300,stdDP,493.842
11,6300,extDP,147.802
11,6300,MILP,813.606
11,6600,stdDP,533.915
11,6600,extDP,133.879
11,6600,MILP,868.093
11,6900,stdDP,571.944
11,6900,extDP,177.374
11,6900,MILP,819.183
11,7200,stdDP,580.056
11,7200,extDP,186.684
11,7200,MILP,968.89
11,7500,stdDP,611.927
11,7500,extDP,159.897
11,7500,MILP,869.436
11,7800,stdDP,552.101
11,7800,extDP,157.021
11,7800,MILP,834.208
11,8100,stdDP,502.804
11,8100,extDP,156.885
11,8100,MILP,793.513
11,8400,stdDP,447.573
11,8400,extDP,168.091
11,8400,MILP,870.023
11,8700,stdDP,556.752
11,8700,extDP,140.118
11,8700,MILP,632.225
11,900,stdDP,394.359
11,900,extDP,104.652
11,900,MILP,599.837
11,9000,stdDP,417.627
11,9000,extDP,111.486
11,9000,MILP,628.88
11,9300,stdDP,380.525
11,9300,extDP,108.397
11,9300,MILP,700.526
11,9600,stdDP,420.587
11,9600,extDP,122.919
11,9600,MILP,583.462
11,9900,stdDP,370.957
11,9900,extDP,135.262
11,9900,MILP,603.403
12,0,stdDP,293.667
12,0,extDP,923.482
12,0,MILP,3659.27
12,1200,stdDP,368.712
12,1200,extDP,1101.57
12,1200,MILP,959.564
12,1500,stdDP,318.473
12,1500,extDP,1359.97
12,1500,MILP,1162.29
12,1800,stdDP,336.683
12,1800,extDP,1051.63
12,1800,MILP,1021.72
12,2100,stdDP,409.411
12,2100,extDP,1148.26
12,2100,MILP,959.337
12,2400,stdDP,360.004
12,2400,extDP,1102.6
12,2400,MILP,964.061
12,2700,stdDP,307.961
12,2700,extDP,957.512
12,2700,MILP,919.212
12,300,stdDP,258.98
12,300,extDP,841.858
12,300,MILP,804.355
12,3000,stdDP,275.597
12,3000,extDP,902.751
12,3000,MILP,970.556
12,3300,stdDP,275.977
12,3300,extDP,944.758
12,3300,MILP,893.216
12,3600,stdDP,266.236
12,3600,extDP,953.979
12,3600,MILP,890.416
12,3900,stdDP,276.302
12,3900,extDP,973.454
12,3900,MILP,932.263
12,4200,stdDP,288.492
12,4200,extDP,964.804
12,4200,MILP,969.734
12,4500,stdDP,265.231
12,4500,extDP,991.902
12,4500,MILP,927.935
12,4800,stdDP,273.532
12,4800,extDP,909.804
12,4800,MILP,872.992
12,5100,stdDP,277.96
12,5100,extDP,1053.35
12,5100,MILP,972.955
12,5400,stdDP,293.26
12,5400,extDP,974.857
12,5400,MILP,1011.82
12,5700,stdDP,285.047
12,5700,extDP,921.621
12,5700,MILP,899.436
12,600,stdDP,273.998
12,600,extDP,1049.17
12,600,MILP,951.494
12,6000,stdDP,293.86
12,6000,extDP,1027.44
12,6000,MILP,975.832
12,6300,stdDP,284.986
12,6300,extDP,1082.28
12,6300,MILP,939.202
12,6600,stdDP,280.092
12,6600,extDP,981.628
12,6600,MILP,899.687
12,6900,stdDP,268.805
12,6900,extDP,921.191
12,6900,MILP,984.781
12,7200,stdDP,268.441
12,7200,extDP,932.508
12,7200,MILP,847.407
12,7500,stdDP,155.521
12,7500,extDP,969.77
12,7500,MILP,894.213
12,7800,stdDP,178.373
12,7800,extDP,560.364
12,7800,MILP,741.426
12,8100,stdDP,399.766
12,8100,extDP,1400.91
12,8100,MILP,1240.01
12,8400,stdDP,375.864
12,8400,extDP,1347.14
12,8400,MILP,1205.91
12,8700,stdDP,374.979
12,8700,extDP,1334.79
12,8700,MILP,1215.07
12,900,stdDP,271.5
12,900,extDP,599.67
12,900,MILP,981.03
12,9000,stdDP,309.736
12,9000,extDP,1099.88
12,9000,MILP,933.577
12,9300,stdDP,299.88
12,9300,extDP,1009.65
12,9300,MILP,948.795
12,9600,stdDP,317.896
12,9600,extDP,739.539
12,9600,MILP,936.034
12,9900,stdDP,291.445
12,9900,extDP,1017.62
12,9900,MILP,974.85
13,0,stdDP,447.439
13,0,extDP,1637.85
13,0,MILP,1064.8
13,1200,stdDP,430.649
13,1200,extDP,1558.71
13,1200,MILP,1138.77
13,1500,stdDP,438.507
13,1500,extDP,1624.6
13,1500,MILP,1078.73
13,1800,stdDP,437.036
13,1800,extDP,1578.69
13,1800,MILP,1071.99
13,2100,stdDP,445.385
13,2100,extDP,1572.78
13,2100,MILP,655.171
13,2400,stdDP,244.295
13,2400,extDP,993.652
13,2400,MILP,809.368
13,2700,stdDP,445.39
13,2700,extDP,918.956
13,2700,MILP,787.874
13,300,stdDP,843.06
13,300,extDP,1463.8
13,300,MILP,1104.4
13,3000,stdDP,420.746
13,3000,extDP,1783.25
13,3000,MILP,979.264
13,3300,stdDP,428.714
13,3300,extDP,1379.06
13,3300,MILP,1045.52
13,3600,stdDP,464.095
13,3600,extDP,1787.87
13,3600,MILP,676.989
13,3900,stdDP,431.086
13,3900,extDP,1391.32
13,3900,MILP,1138.06
13,4200,stdDP,502.61
13,4200,extDP,1619.57
13,4200,MILP,1095.92
13,4500,stdDP,474.155
13,4500,extDP,1586.01
13,4500,MILP,1120.34
13,4800,stdDP,458.748
13,4800,extDP,1640.02
13,4800,MILP,1191.98
13,5100,stdDP,437.289
13,5100,extDP,1609.22
13,5100,MILP,1080.05
13,5400,stdDP,442.655
13,5400,extDP,1430.24
13,5400,MILP,1072.72
13,5700,stdDP,447.637
13,5700,extDP,1444.61
13,5700,MILP,990.479
13,600,stdDP,433.882
13,600,extDP,1424.47
13,600,MILP,1021.64
13,6000,stdDP,427.006
13,6000,extDP,1413.14
13,6000,MILP,1010.85
13,6300,stdDP,399.757
13,6300,extDP,1482.46
13,6300,MILP,969.083
13,6600,stdDP,493.549
13,6600,extDP,1592.56
13,6600,MILP,1136.16
13,6900,stdDP,485.513
13,6900,extDP,1655.64
13,6900,MILP,1171.96
13,7200,stdDP,493.789
13,7200,extDP,1635.83
13,7200,MILP,1182.21
13,7500,stdDP,460.707
13,7500,extDP,1616.37
13,7500,MILP,1156.06
13,7800,stdDP,479.166
13,7800,extDP,1601.45
13,7800,MILP,1184.61
13,8100,stdDP,463.005
13,8100,extDP,1595.34
13,8100,MILP,1134.53
13,8400,stdDP,458.347
13,8400,extDP,1465.5
13,8400,MILP,1070.75
13,8700,stdDP,467.19
13,8700,extDP,1500.62
13,8700,MILP,1079.43
13,900,stdDP,466.984
13,900,extDP,1508.93
13,900,MILP,1145.6
13,9000,stdDP,472.755
13,9000,extDP,1612.41
13,9000,MILP,1122.95
13,9300,stdDP,453.725
13,9300,extDP,1573.87
13,9300,MILP,1114.74
13,9600,stdDP,463.281
13,9600,extDP,1565.26
13,9600,MILP,1139.92
13,9900,stdDP,460.732
13,9900,extDP,1570.97
13,9900,MILP,1142.71
14,0,stdDP,343.033
14,0,extDP,1282.11
14,0,MILP,1133.55
14,1200,stdDP,343.747
14,1200,extDP,1317.43
14,1200,MILP,1161.78
14,1500,stdDP,325.977
14,1500,extDP,1293.74
14,1500,MILP,1175.25
14,1800,stdDP,334.842
14,1800,extDP,1275.25
14,1800,MILP,1169.16
14,2100,stdDP,338.872
14,2100,extDP,1332.14
14,2100,MILP,1176.28
14,2400,stdDP,352.609
14,2400,extDP,2207.01
14,2400,MILP,1464.12
14,2700,stdDP,379.699
14,2700,extDP,1447.92
14,2700,MILP,1786.69
14,300,stdDP,436.219
14,300,extDP,1694.78
14,300,MILP,1778.8
14,3000,stdDP,584.25
14,3000,extDP,1732.45
14,3000,MILP,1498.85
14,3300,stdDP,454.843
14,3300,extDP,1639.96
14,3300,MILP,1447.92
14,3600,stdDP,432.788
14,3600,extDP,1661.05
14,3600,MILP,1405.02
14,3900,stdDP,407.824
14,3900,extDP,1604.18
14,3900,MILP,1438.92
14,4200,stdDP,341.377
14,4200,extDP,1488.9
14,4200,MILP,1433.7
14,4500,stdDP,401.681
14,4500,extDP,1673.65
14,4500,MILP,1133.13
14,4800,stdDP,462.883
14,4800,extDP,1616.96
14,4800,MILP,1126.53
14,5100,stdDP,406.637
14,5100,extDP,1552.53
14,5100,MILP,1374.52
14,5400,stdDP,424.025
14,5400,extDP,1675
14,5400,MILP,1417.86
14,5700,stdDP,422.614
14,5700,extDP,1642.21
14,5700,MILP,1490.66
14,600,stdDP,454.646
14,600,extDP,1563.86
14,600,MILP,1434.85
14,6000,stdDP,446.436
14,6000,extDP,1693.81
14,6000,MILP,1380.92
14,6300,stdDP,479.338
14,6300,extDP,1604.48
14,6300,MILP,1429.94
14,6600,stdDP,184.331
14,6600,extDP,837.392
14,6600,MILP,688.148
14,6900,stdDP,167.181
14,6900,extDP,755.479
14,6900,MILP,756.728
14,7200,stdDP,171.046
14,7200,extDP,1007.67
14,7200,MILP,681.54
14,7500,stdDP,175.639
14,7500,extDP,805.627
14,7500,MILP,1048.05
14,7800,stdDP,327.938
14,7800,extDP,1492.86
14,7800,MILP,1817.33
14,8100,stdDP,364.11
14,8100,extDP,1804.39
14,8100,MILP,1094.07
14,8400,stdDP,327.768
14,8400,extDP,928.361
14,8400,MILP,807.792
14,8700,stdDP,163.363
14,8700,extDP,721.504
14,8700,MILP,1122.78
14,900,stdDP,327.636
14,900,extDP,1110.5
14,900,MILP,1112.49
14,9000,stdDP,312.545
14,9000,extDP,1266.37
14,9000,MILP,714.722
14,9300,stdDP,189.725
14,9300,extDP,748.806
14,9300,MILP,810.859
14,9600,stdDP,322.902
14,9600,extDP,835.444
14,9600,MILP,862.158
14,9900,stdDP,256.581
14,9900,extDP,725.069
14,9900,MILP,664.404
15,0,stdDP,431.476
15,0,extDP,122.687
15,0,MILP,663.895
15,1200,stdDP,517.956
15,1200,extDP,126.797
15,1200,MILP,1026.11
15,1500,stdDP,450.149
15,1500,extDP,110.445
15,1500,MILP,651.888
15,1800,stdDP,394.762
15,1800,extDP,106.204
15,1800,MILP,591.995
15,2100,stdDP,412.662
15,2100,extDP,116.693
15,2100,MILP,611.115
15,2400,stdDP,389.14
15,2400,extDP,109.271
15,2400,MILP,582.323
15,2700,stdDP,379.951
15,2700,extDP,109.025
15,2700,MILP,662.037
15,300,stdDP,419.643
15,300,extDP,113.852
15,300,MILP,590.486
15,3000,stdDP,254.478
15,3000,extDP,57.884
15,3000,MILP,404.174
15,3300,stdDP,241.608
15,3300,extDP,57.148
15,3300,MILP,404.23
15,3600,stdDP,395.308
15,3600,extDP,58.564
15,3600,MILP,386.442
15,3900,stdDP,226.237
15,3900,extDP,101.009
15,3900,MILP,576.922
15,4200,stdDP,392.199
15,4200,extDP,60.512
15,4200,MILP,541.835
15,4500,stdDP,534.742
15,4500,extDP,181.643
15,4500,MILP,823.27
15,4800,stdDP,527.215
15,4800,extDP,164.289
15,4800,MILP,895.451
15,5100,stdDP,593.44
15,5100,extDP,173.561
15,5100,MILP,875.454
15,5400,stdDP,550.936
15,5400,extDP,152.938
15,5400,MILP,871.309
15,5700,stdDP,546.206
15,5700,extDP,169.906
15,5700,MILP,852.102
15,600,stdDP,554.215
15,600,extDP,181.449
15,600,MILP,892.997
15,6000,stdDP,593.324
15,6000,extDP,162.208
15,6000,MILP,846.754
15,6300,stdDP,594.328
15,6300,extDP,136.26
15,6300,MILP,869.799
15,6600,stdDP,551.224
15,6600,extDP,171.407
15,6600,MILP,910.101
15,6900,stdDP,573.196
15,6900,extDP,168.753
15,6900,MILP,903.3
15,7200,stdDP,602.206
15,7200,extDP,170.128
15,7200,MILP,848.768
15,7500,stdDP,595.935
15,7500,extDP,187.784
15,7500,MILP,948.935
15,7800,stdDP,581.334
15,7800,extDP,171.083
15,7800,MILP,844.454
15,8100,stdDP,605.596
15,8100,extDP,179.375
15,8100,MILP,900.993
15,8400,stdDP,571.369
15,8400,extDP,166.531
15,8400,MILP,885.728
15,8700,stdDP,522.306
15,8700,extDP,156.938
15,8700,MILP,836.928
15,900,stdDP,520.292
15,900,extDP,176.347
15,900,MILP,800.902
15,9000,stdDP,543.225
15,9000,extDP,155.023
15,9000,MILP,829.2
15,9300,stdDP,544.872
15,9300,extDP,161.628
15,9300,MILP,824.28
15,9600,stdDP,543.544
15,9600,extDP,164.923
15,9600,MILP,898.347
15,9900,stdDP,576.916
15,9900,extDP,159.805
15,9900,MILP,851.446
16,0,stdDP,603.434
16,0,extDP,175.928
16,0,MILP,871.73
16,1200,stdDP,586.796
16,1200,extDP,198.593
16,1200,MILP,544.421
16,1500,stdDP,563.501
16,1500,extDP,169.592
16,1500,MILP,885.254
16,1800,stdDP,582.921
16,1800,extDP,171.558
16,1800,MILP,873.059
16,2100,stdDP,554.051
16,2100,extDP,187.386
16,2100,MILP,965.728
16,2400,stdDP,657.842
16,2400,extDP,175.612
16,2400,MILP,877.246
16,2700,stdDP,397.378
16,2700,extDP,106.008
16,2700,MILP,665.301
16,300,stdDP,448.891
16,300,extDP,119.975
16,300,MILP,421.009
16,3000,stdDP,425.479
16,3000,extDP,58.64
16,3000,MILP,599.754
16,3300,stdDP,218.44
16,3300,extDP,54.892
16,3300,MILP,375.277
16,3600,stdDP,389.393
16,3600,extDP,126.403
16,3600,MILP,621.557
16,3900,stdDP,383.128
16,3900,extDP,107.55
16,3900,MILP,596.318
16,4200,stdDP,459.903
16,4200,extDP,99.994
16,4200,MILP,675.257
16,4500,stdDP,510.27
16,4500,extDP,132.321
16,4500,MILP,756.292
16,4800,stdDP,511.469
16,4800,extDP,130.414
16,4800,MILP,647.348
16,5100,stdDP,578.183
16,5100,extDP,117.319
16,5100,MILP,658.351
16,5400,stdDP,491.205
16,5400,extDP,115.914
16,5400,MILP,650.415
16,5700,stdDP,250.747
16,5700,extDP,100.647
16,5700,MILP,625.554
16,600,stdDP,374.222
16,600,extDP,116.032
16,600,MILP,598.41
16,6000,stdDP,370.644
16,6000,extDP,108.108
16,6000,MILP,676.568
16,6300,stdDP,364.61
16,6300,extDP,103.941
16,6300,MILP,589.705
16,6600,stdDP,376.855
16,6600,extDP,107.824
16,6600,MILP,583.551
16,6900,stdDP,369.579
16,6900,extDP,106.99
16,6900,MILP,613.602
16,7200,stdDP,423.412
16,7200,extDP,113.097
16,7200,MILP,646.018
16,7500,stdDP,454.028
16,7500,extDP,126.434
16,7500,MILP,674.039
16,7800,stdDP,399.77
16,7800,extDP,114.444
16,7800,MILP,603.949
16,8100,stdDP,376.185
16,8100,extDP,103.835
16,8100,MILP,581.264
16,8400,stdDP,369.186
16,8400,extDP,108.147
16,8400,MILP,594.85
16,8700,stdDP,361.806
16,8700,extDP,110.077
16,8700,MILP,607.374
16,900,stdDP,384.189
16,900,extDP,106.665
16,900,MILP,591.27
16,9000,stdDP,368.946
16,9000,extDP,105.458
16,9000,MILP,581.08
16,9300,stdDP,387.191
16,9300,extDP,114.998
16,9300,MILP,587.224
16,9600,stdDP,377.152
16,9600,extDP,111.001
16,9600,MILP,589.943
16,9900,stdDP,373.632
16,9900,extDP,107.953
16,9900,MILP,374.372
17,0,stdDP,293.262
17,0,extDP,1202.97
17,0,MILP,1186.32
17,1200,stdDP,430.831
17,1200,extDP,1481.15
17,1200,MILP,650.188
17,1500,stdDP,155.782
17,1500,extDP,618.156
17,1500,MILP,662.895
17,1800,stdDP,158.121
17,1800,extDP,597.247
17,1800,MILP,635.187
17,2100,stdDP,166.586
17,2100,extDP,641.407
17,2100,MILP,638.824
17,2400,stdDP,166.726
17,2400,extDP,719.272
17,2400,MILP,676.64
17,2700,stdDP,155.438
17,2700,extDP,934
17,2700,MILP,637.578
17,300,stdDP,176.08
17,300,extDP,1053.95
17,300,MILP,799.845
17,3000,stdDP,314.535
17,3000,extDP,679.979
17,3000,MILP,847.076
17,3300,stdDP,178.729
17,3300,extDP,722.595
17,3300,MILP,983.121
17,3600,stdDP,299.239
17,3600,extDP,660.936
17,3600,MILP,634.097
17,3900,stdDP,157.175
17,3900,extDP,599.01
17,3900,MILP,686.425
17,4200,stdDP,157.307
17,4200,extDP,636.529
17,4200,MILP,712.021
17,4500,stdDP,286.888
17,4500,extDP,1033.41
17,4500,MILP,973.662
17,4800,stdDP,314.32
17,4800,extDP,1031.84
17,4800,MILP,955.229
17,5100,stdDP,288.679
17,5100,extDP,1023.09
17,5100,MILP,950.965
17,5400,stdDP,291.849
17,5400,extDP,1033.06
17,5400,MILP,968.461
17,5700,stdDP,305.224
17,5700,extDP,1092.16
17,5700,MILP,957.422
17,600,stdDP,291.596
17,600,extDP,1034.1
17,600,MILP,986.696
17,6000,stdDP,301.722
17,6000,extDP,1031.49
17,6000,MILP,969.725
17,6300,stdDP,300.685
17,6300,extDP,1052.25
17,6300,MILP,958.304
17,6600,stdDP,285.056
17,6600,extDP,1037.55
17,6600,MILP,966.073
17,6900,stdDP,293.029
17,6900,extDP,1056.51
17,6900,MILP,975.002
17,7200,stdDP,313.875
17,7200,extDP,1408.48
17,7200,MILP,1474.22
17,7500,stdDP,431.745
17,7500,extDP,1594.6
17,7500,MILP,1462.87
17,7800,stdDP,434.133
17,7800,extDP,1738.31
17,7800,MILP,1410.38
17,8100,stdDP,167.206
17,8100,extDP,724.344
17,8100,MILP,662.919
17,8400,stdDP,169.81
17,8400,extDP,665.614
17,8400,MILP,881.987
17,8700,stdDP,170.485
17,8700,extDP,818.097
17,8700,MILP,1043.12
17,900,stdDP,241.351
17,900,extDP,726.947
17,900,MILP,679.708
17,9000,stdDP,173.283
17,9000,extDP,769.158
17,9000,MILP,719.545
17,9300,stdDP,171.505
17,9300,extDP,757.934
17,9300,MILP,896.31
17,9600,stdDP,178.561
17,9600,extDP,781.947
17,9600,MILP,665.857
17,9900,stdDP,179.278
17,9900,extDP,671.377
17,9900,MILP,690.564
18,0,stdDP,224.246
18,0,extDP,197.39
18,0,MILP,467.527
18,1200,stdDP,239.994
18,1200,extDP,152.924
18,1200,MILP,457.808
18,1500,stdDP,233.728
18,1500,extDP,179.17
18,1500,MILP,447.829
18,1800,stdDP,222.404
18,1800,extDP,152.494
18,1800,MILP,445.318
18,2100,stdDP,231.526
18,2100,extDP,154.964
18,2100,MILP,467.626
18,2400,stdDP,238.257
18,2400,extDP,165.893
18,2400,MILP,518.306
18,2700,stdDP,238.817
18,2700,extDP,158.191
18,2700,MILP,541.148
18,300,stdDP,233.775
18,300,extDP,170.521
18,300,MILP,541.475
18,3000,stdDP,233.211
18,3000,extDP,155.219
18,3000,MILP,501.974
18,3300,stdDP,252.995
18,3300,extDP,187.312
18,3300,MILP,463.543
18,3600,stdDP,226.922
18,3600,extDP,262.069
18,3600,MILP,504.379
18,3900,stdDP,253.815
18,3900,extDP,162.325
18,3900,MILP,816.759
18,4200,stdDP,520.821
18,4200,extDP,316.719
18,4200,MILP,697.422
18,4500,stdDP,223.223
18,4500,extDP,296.48
18,4500,MILP,733.895
18,4800,stdDP,466.99
18,4800,extDP,188.712
18,4800,MILP,539.73
18,5100,stdDP,234.24
18,5100,extDP,152.486
18,5100,MILP,445.236
18,5400,stdDP,232.373
18,5400,extDP,215.382
18,5400,MILP,461.96
18,5700,stdDP,229.125
18,5700,extDP,261.028
18,5700,MILP,473.371
18,600,stdDP,294.758
18,600,extDP,309.398
18,600,MILP,712.554
18,6000,stdDP,417.134
18,6000,extDP,157.356
18,6000,MILP,486.997
18,6300,stdDP,313.214
18,6300,extDP,162.106
18,6300,MILP,484.964
18,6600,stdDP,279.817
18,6600,extDP,161.85
18,6600,MILP,482.814
18,6900,stdDP,264.923
18,6900,extDP,159.355
18,6900,MILP,488.414
18,7200,stdDP,228.642
18,7200,extDP,152.636
18,7200,MILP,493.617
18,7500,stdDP,234.253
18,7500,extDP,161.689
18,7500,MILP,668.902
18,7800,stdDP,409.895
18,7800,extDP,280.205
18,7800,MILP,474.229
18,8100,stdDP,253.943
18,8100,extDP,275.612
18,8100,MILP,509.576
18,8400,stdDP,316.889
18,8400,extDP,151.137
18,8400,MILP,472.398
18,8700,stdDP,229.024
18,8700,extDP,199.368
18,8700,MILP,549.682
18,900,stdDP,223.64
18,900,extDP,415.148
18,900,MILP,938.16
18,9000,stdDP,611.159
18,9000,extDP,405.06
18,9000,MILP,964.457
18,9300,stdDP,541.87
18,9300,extDP,410.056
18,9300,MILP,935.88
18,9600,stdDP,553.791
18,9600,extDP,389.208
18,9600,MILP,935.176
18,9900,stdDP,603.444
18,9900,extDP,415.577
18,9900,MILP,1008.32
19,0,stdDP,544.253
19,0,extDP,146.352
19,0,MILP,805.377
19,1200,stdDP,542.725
19,1200,extDP,145.081
19,1200,MILP,795.403
19,1500,stdDP,542.581
19,1500,extDP,165.023
19,1500,MILP,853.325
19,1800,stdDP,536.686
19,1800,extDP,148.259
19,1800,MILP,406.153
19,2100,stdDP,271.429
19,2100,extDP,57.529
19,2100,MILP,629.94
19,2400,stdDP,230.034
19,2400,extDP,102.355
19,2400,MILP,528.308
19,2700,stdDP,419.537
19,2700,extDP,59.028
19,2700,MILP,444.24
19,300,stdDP,349.07
19,300,extDP,55.37
19,300,MILP,426.403
19,3000,stdDP,244.582
19,3000,extDP,70.339
19,3000,MILP,415.584
19,3300,stdDP,218.535
19,3300,extDP,108.556
19,3300,MILP,449.058
19,3600,stdDP,222.894
19,3600,extDP,58.509
19,3600,MILP,465.966
19,3900,stdDP,211.84
19,3900,extDP,56.392
19,3900,MILP,416.327
19,4200,stdDP,251.885
19,4200,extDP,57.836
19,4200,MILP,439.472
19,4500,stdDP,231.194
19,4500,extDP,63.185
19,4500,MILP,393.085
19,4800,stdDP,269.23
19,4800,extDP,64.21
19,4800,MILP,408.223
19,5100,stdDP,228.588
19,5100,extDP,54.732
19,5100,MILP,410.129
19,5400,stdDP,217.127
19,5400,extDP,110.291
19,5400,MILP,505.77
19,5700,stdDP,209.991
19,5700,extDP,86.404
19,5700,MILP,581.948
19,600,stdDP,223.075
19,600,extDP,58.148
19,600,MILP,452.807
19,6000,stdDP,218.903
19,6000,extDP,56.566
19,6000,MILP,477.693
19,6300,stdDP,228.111
19,6300,extDP,59.116
19,6300,MILP,387.606
19,6600,stdDP,214.536
19,6600,extDP,95.89
19,6600,MILP,465.588
19,6900,stdDP,224.057
19,6900,extDP,57.559
19,6900,MILP,487.143
19,7200,stdDP,212.78
19,7200,extDP,98.103
19,7200,MILP,376.487
19,7500,stdDP,298.225
19,7500,extDP,93.457
19,7500,MILP,556.101
19,7800,stdDP,218.471
19,7800,extDP,60.035
19,7800,MILP,401.661
19,8100,stdDP,230.061
19,8100,extDP,105.301
19,8100,MILP,445.413
19,8400,stdDP,284.954
19,8400,extDP,118.208
19,8400,MILP,438.709
19,8700,stdDP,250.84
19,8700,extDP,62.835
19,8700,MILP,415.138
19,900,stdDP,239.186
19,900,extDP,59.187
19,900,MILP,449.522
19,9000,stdDP,215.403
19,9000,extDP,58.148
19,9000,MILP,487.564
19,9300,stdDP,281.753
19,9300,extDP,74.926
19,9300,MILP,403.054
19,9600,stdDP,379.678
19,9600,extDP,56.435
19,9600,MILP,389.527
19,9900,stdDP,211.111
19,9900,extDP,94.506
19,9900,MILP,457.676
2,0,stdDP,311.489
2,0,extDP,724
2,0,MILP,579.918
2,1200,stdDP,311.815
2,1200,extDP,733.583
2,1200,MILP,660.565
2,1500,stdDP,181.668
2,1500,extDP,422.612
2,1500,MILP,606.751
2,1800,stdDP,316.379
2,1800,extDP,427.089
2,1800,MILP,535.511
2,2100,stdDP,178.225
2,2100,extDP,452.511
2,2100,MILP,577.127
2,2400,stdDP,177.625
2,2400,extDP,420.639
2,2400,MILP,587.812
2,2700,stdDP,173.604
2,2700,extDP,445.559
2,2700,MILP,553.253
2,300,stdDP,274.666
2,300,extDP,408.334
2,300,MILP,641.692
2,3000,stdDP,163.031
2,3000,extDP,454.983
2,3000,MILP,598.128
2,3300,stdDP,212.731
2,3300,extDP,695.277
2,3300,MILP,678.881
2,3600,stdDP,176.826
2,3600,extDP,451.751
2,3600,MILP,540.261
2,3900,stdDP,327.596
2,3900,extDP,786.331
2,3900,MILP,549.187
2,4200,stdDP,167.181
2,4200,extDP,568.204
2,4200,MILP,557.461
2,4500,stdDP,163.452
2,4500,extDP,427.241
2,4500,MILP,570.397
2,4800,stdDP,175.153
2,4800,extDP,462.354
2,4800,MILP,628.297
2,5100,stdDP,182.359
2,5100,extDP,486.622
2,5100,MILP,736.484
2,5400,stdDP,177.989
2,5400,extDP,738.025
2,5400,MILP,561.741
2,5700,stdDP,166.651
2,5700,extDP,463.989
2,5700,MILP,539.203
2,600,stdDP,162.91
2,600,extDP,459.291
2,600,MILP,631.508
2,6000,stdDP,175.011
2,6000,extDP,427.79
2,6000,MILP,575.044
2,6300,stdDP,167.297
2,6300,extDP,587.193
2,6300,MILP,546.084
2,6600,stdDP,215.58
2,6600,extDP,432.277
2,6600,MILP,588.875
2,6900,stdDP,177.774
2,6900,extDP,415.814
2,6900,MILP,926.679
2,7200,stdDP,314.585
2,7200,extDP,798.277
2,7200,MILP,528.531
2,7500,stdDP,174.173
2,7500,extDP,431.721
2,7500,MILP,545.252
2,7800,stdDP,180.373
2,7800,extDP,507.177
2,7800,MILP,563.199
2,8100,stdDP,168.833
2,8100,extDP,439.515
2,8100,MILP,628.708
2,8400,stdDP,177.655
2,8400,extDP,540.992
2,8400,MILP,546.768
2,8700,stdDP,317.012
2,8700,extDP,493.848
2,8700,MILP,568.122
2,900,stdDP,169.906
2,900,extDP,440.945
2,900,MILP,579.966
2,9000,stdDP,166.277
2,9000,extDP,445.633
2,9000,MILP,543.305
2,9300,stdDP,167.809
2,9300,extDP,470.7
2,9300,MILP,815.631
2,9600,stdDP,188.997
2,9600,extDP,420.629
2,9600,MILP,675.792
2,9900,stdDP,175.571
2,9900,extDP,462.482
2,9900,MILP,699.636
20,0,stdDP,218.493
20,0,extDP,58.125
20,0,MILP,404.182
20,1200,stdDP,216.759
20,1200,extDP,63.992
20,1200,MILP,428.991
20,1500,stdDP,245.416
20,1500,extDP,101.365
20,1500,MILP,463.126
20,1800,stdDP,222.417
20,1800,extDP,58.237
20,1800,MILP,380.708
20,2100,stdDP,222.452
20,2100,extDP,56.421
20,2100,MILP,392.89
20,2400,stdDP,220.315
20,2400,extDP,57.997
20,2400,MILP,399.527
20,2700,stdDP,215.089
20,2700,extDP,70.485
20,2700,MILP,402.559
20,300,stdDP,224.768
20,300,extDP,58.735
20,300,MILP,399.858
20,3000,stdDP,235.854
20,3000,extDP,58.511
20,3000,MILP,475.918
20,3300,stdDP,380.584
20,3300,extDP,58.537
20,3300,MILP,419.897
20,3600,stdDP,360.053
20,3600,extDP,72.521
20,3600,MILP,414.664
20,3900,stdDP,219.587
20,3900,extDP,56.313
20,3900,MILP,393.139
20,4200,stdDP,227.19
20,4200,extDP,97.307
20,4200,MILP,397.696
20,4500,stdDP,213.655
20,4500,extDP,71.831
20,4500,MILP,382.151
20,4800,stdDP,256.289
20,4800,extDP,59.008
20,4800,MILP,450.82
20,5100,stdDP,233.125
20,5100,extDP,56.663
20,5100,MILP,400.151
20,5400,stdDP,230.166
20,5400,extDP,60.223
20,5400,MILP,385.46
20,5700,stdDP,218.85
20,5700,extDP,58.972
20,5700,MILP,397.32
20,600,stdDP,205.471
20,600,extDP,60.191
20,600,MILP,422.216
20,6000,stdDP,379.019
20,6000,extDP,98.547
20,6000,MILP,385.707
20,6300,stdDP,212.33
20,6300,extDP,104.5
20,6300,MILP,479.626
20,6600,stdDP,213.207
20,6600,extDP,132.275
20,6600,MILP,680.521
20,6900,stdDP,411.58
20,6900,extDP,100.275
20,6900,MILP,389.689
20,7200,stdDP,210.584
20,7200,extDP,108.546
20,7200,MILP,476.22
20,7500,stdDP,221.411
20,7500,extDP,112.835
20,7500,MILP,408.088
20,7800,stdDP,219.633
20,7800,extDP,57.762
20,7800,MILP,402.736
20,8100,stdDP,366.426
20,8100,extDP,58.249
20,8100,MILP,406.203
20,8400,stdDP,226.076
20,8400,extDP,58.632
20,8400,MILP,390.868
20,8700,stdDP,211.336
20,8700,extDP,60.232
20,8700,MILP,427.919
20,900,stdDP,212.613
20,900,extDP,74.918
20,900,MILP,389.927
20,9000,stdDP,360.006
20,9000,extDP,58.983
20,9000,MILP,415.898
20,9300,stdDP,213.415
20,9300,extDP,93.888
20,9300,MILP,429.861
20,9600,stdDP,226.932
20,9600,extDP,108.287
20,9600,MILP,395.566
20,9900,stdDP,219.941
20,9900,extDP,58.535
20,9900,MILP,461.916
21,0,stdDP,215.314
21,0,extDP,60.907
21,0,MILP,394.7
21,1200,stdDP,243.438
21,1200,extDP,57.995
21,1200,MILP,446.995
21,1500,stdDP,215.299
21,1500,extDP,58.975
21,1500,MILP,390.44
21,1800,stdDP,214.483
21,1800,extDP,80.358
21,1800,MILP,383.214
21,2100,stdDP,221.487
21,2100,extDP,57.46
21,2100,MILP,393.09
21,2400,stdDP,210.907
21,2400,extDP,62.634
21,2400,MILP,417.858
21,2700,stdDP,225.096
21,2700,extDP,58.157
21,2700,MILP,385.906
21,300,stdDP,270.188
21,300,extDP,121.924
21,300,MILP,392.792
21,3000,stdDP,226.658
21,3000,extDP,56.39
21,3000,MILP,403.897
21,3300,stdDP,220.574
21,3300,extDP,58.642
21,3300,MILP,608.899
21,3600,stdDP,235.779
21,3600,extDP,59.366
21,3600,MILP,392.877
21,3900,stdDP,235.153
21,3900,extDP,56.905
21,3900,MILP,410.113
21,4200,stdDP,217.074
21,4200,extDP,59.819
21,4200,MILP,429.806
21,4500,stdDP,212.77
21,4500,extDP,59.528
21,4500,MILP,417.986
21,4800,stdDP,219.456
21,4800,extDP,58.256
21,4800,MILP,386.725
21,5100,stdDP,211.2
21,5100,extDP,59.68
21,5100,MILP,400.388
21,5400,stdDP,367.849
21,5400,extDP,145.329
21,5400,MILP,813.469
21,5700,stdDP,464.973
21,5700,extDP,169.675
21,5700,MILP,694.081
21,600,stdDP,448.55
21,600,extDP,139.921
21,600,MILP,698.08
21,6000,stdDP,473.799
21,6000,extDP,131.21
21,6000,MILP,691.841
21,6300,stdDP,465.692
21,6300,extDP,129.412
21,6300,MILP,665.572
21,6600,stdDP,467.427
21,6600,extDP,189.058
21,6600,MILP,971.318
21,6900,stdDP,611.17
21,6900,extDP,166.67
21,6900,MILP,1012.4
21,7200,stdDP,562.055
21,7200,extDP,154.499
21,7200,MILP,802.878
21,7500,stdDP,502.277
21,7500,extDP,154.621
21,7500,MILP,799.752
21,7800,stdDP,504.571
21,7800,extDP,152.032
21,7800,MILP,809.263
21,8100,stdDP,572.432
21,8100,extDP,155.419
21,8100,MILP,793.046
21,8400,stdDP,540.332
21,8400,extDP,159.825
21,8400,MILP,831.825
21,8700,stdDP,547.06
21,8700,extDP,151.899
21,8700,MILP,374.143
21,900,stdDP,198.626
21,900,extDP,55.751
21,900,MILP,380.185
21,9000,stdDP,199.914
21,9000,extDP,54.993
21,9000,MILP,365.225
21,9300,stdDP,204.812
21,9300,extDP,54.829
21,9300,MILP,423.828
21,9600,stdDP,360.169
21,9600,extDP,110.976
21,9600,MILP,373.898
21,9900,stdDP,209.631
21,9900,extDP,55.129
21,9900,MILP,385.063
22,0,stdDP,241.679
22,0,extDP,54.136
22,0,MILP,372.433
22,1200,stdDP,230.176
22,1200,extDP,55.204
22,1200,MILP,597.258
22,1500,stdDP,376.663
22,1500,extDP,54.63
22,1500,MILP,383.718
22,1800,stdDP,239.923
22,1800,extDP,68.14
22,1800,MILP,393.692
22,2100,stdDP,260.335
22,2100,extDP,55.173
22,2100,MILP,445.218
22,2400,stdDP,231.249
22,2400,extDP,99.559
22,2400,MILP,893.931
22,2700,stdDP,648.13
22,2700,extDP,165.546
22,2700,MILP,940.662
22,300,stdDP,630.58
22,300,extDP,160.758
22,300,MILP,846.789
22,3000,stdDP,600.325
22,3000,extDP,151.789
22,3000,MILP,866.349
22,3300,stdDP,491.376
22,3300,extDP,111.405
22,3300,MILP,704.141
22,3600,stdDP,542.739
22,3600,extDP,122.533
22,3600,MILP,700.362
22,3900,stdDP,506.665
22,3900,extDP,123.585
22,3900,MILP,622.575
22,4200,stdDP,303.558
22,4200,extDP,58.164
22,4200,MILP,404.949
22,4500,stdDP,253.83
22,4500,extDP,56.519
22,4500,MILP,481.49
22,4800,stdDP,247.408
22,4800,extDP,60.82
22,4800,MILP,606.468
22,5100,stdDP,284.832
22,5100,extDP,81.549
22,5100,MILP,605.561
22,5400,stdDP,293.869
22,5400,extDP,138.169
22,5400,MILP,797.167
22,5700,stdDP,555.246
22,5700,extDP,122.894
22,5700,MILP,950.599
22,600,stdDP,720.419
22,600,extDP,177.481
22,600,MILP,945.103
22,6000,stdDP,302.994
22,6000,extDP,62.469
22,6000,MILP,614.65
22,6300,stdDP,248.337
22,6300,extDP,58.611
22,6300,MILP,394.9
22,6600,stdDP,246.586
22,6600,extDP,55.026
22,6600,MILP,407.45
22,6900,stdDP,280.621
22,6900,extDP,95.066
22,6900,MILP,614.213
22,7200,stdDP,478.209
22,7200,extDP,120.34
22,7200,MILP,705.19
22,7500,stdDP,552.185
22,7500,extDP,131.983
22,7500,MILP,680.19
22,7800,stdDP,712.386
22,7800,extDP,267.897
22,7800,MILP,735.088
22,8100,stdDP,315.74
22,8100,extDP,79.584
22,8100,MILP,765.463
22,8400,stdDP,264.525
22,8400,extDP,59.088
22,8400,MILP,467.228
22,8700,stdDP,249.072
22,8700,extDP,105.056
22,8700,MILP,442.216
22,900,stdDP,476.068
22,900,extDP,63.327
22,900,MILP,667.533
22,9000,stdDP,267.329
22,9000,extDP,124.305
22,9000,MILP,452.812
22,9300,stdDP,500.344
22,9300,extDP,118.939
22,9300,MILP,400.196
22,9600,stdDP,276.338
22,9600,extDP,56.311
22,9600,MILP,390.971
22,9900,stdDP,232.473
22,9900,extDP,55.525
22,9900,MILP,604.747
23,0,stdDP,305.39
23,0,extDP,187.538
23,0,MILP,665.676
23,1200,stdDP,279.055
23,1200,extDP,234.105
23,1200,MILP,823.97
23,1500,stdDP,372.712
23,1500,extDP,180.765
23,1500,MILP,517.358
23,1800,stdDP,210.567
23,1800,extDP,318.449
23,1800,MILP,598.037
23,2100,stdDP,378.976
23,2100,extDP,195.594
23,2100,MILP,553.515
23,2400,stdDP,297.847
23,2400,extDP,170.142
23,2400,MILP,513.241
23,2700,stdDP,209.084
23,2700,extDP,171.784
23,2700,MILP,523.99
23,300,stdDP,569.528
23,300,extDP,480.121
23,300,MILP,1054.46
23,3000,stdDP,525.472
23,3000,extDP,508.026
23,3000,MILP,780.366
23,3300,stdDP,417.428
23,3300,extDP,189.887
23,3300,MILP,800.638
23,3600,stdDP,325.379
23,3600,extDP,344.063
23,3600,MILP,468.063
23,3900,stdDP,281.551
23,3900,extDP,374.208
23,3900,MILP,697.064
23,4200,stdDP,213.373
23,4200,extDP,169.25
23,4200,MILP,758.104
23,4500,stdDP,245.209
23,4500,extDP,211.809
23,4500,MILP,628.597
23,4800,stdDP,378.247
23,4800,extDP,169.174
23,4800,MILP,798.344
23,5100,stdDP,402.133
23,5100,extDP,342.988
23,5100,MILP,803.423
23,5400,stdDP,390.573
23,5400,extDP,370.127
23,5400,MILP,613.373
23,5700,stdDP,401.372
23,5700,extDP,186.354
23,5700,MILP,477.001
23,600,stdDP,228.145
23,600,extDP,180.85
23,600,MILP,540.66
23,6000,stdDP,284.42
23,6000,extDP,226.851
23,6000,MILP,559.503
23,6300,stdDP,380.242
23,6300,extDP,359.917
23,6300,MILP,496.001
23,6600,stdDP,400.815
23,6600,extDP,346.913
23,6600,MILP,533.958
23,6900,stdDP,229.669
23,6900,extDP,239.14
23,6900,MILP,563.588
23,7200,stdDP,305.289
23,7200,extDP,207.955
23,7200,MILP,697.791
23,7500,stdDP,224.06
23,7500,extDP,345.569
23,7500,MILP,728.085
23,7800,stdDP,359.847
23,7800,extDP,320.558
23,7800,MILP,749.167
23,8100,stdDP,403.868
23,8100,extDP,235.82
23,8100,MILP,1050.74
23,8400,stdDP,519.589
23,8400,extDP,454.942
23,8400,MILP,1064.58
23,8700,stdDP,542.831
23,8700,extDP,469.438
23,8700,MILP,948.827
23,900,stdDP,570.471
23,900,extDP,468.15
23,900,MILP,972.341
23,9000,stdDP,508.531
23,9000,extDP,441.07
23,9000,MILP,969.223
23,9300,stdDP,519.171
23,9300,extDP,490.735
23,9300,MILP,965.456
23,9600,stdDP,538.524
23,9600,extDP,460.705
23,9600,MILP,998.166
23,9900,stdDP,514.145
23,9900,extDP,464.725
23,9900,MILP,1007.23
24,0,stdDP,666.244
24,0,extDP,169.676
24,0,MILP,806.348
24,1200,stdDP,577.757
24,1200,extDP,159.545
24,1200,MILP,819.234
24,1500,stdDP,627.204
24,1500,extDP,151.079
24,1500,MILP,840.812
24,1800,stdDP,633.081
24,1800,extDP,186.578
24,1800,MILP,863.66
24,2100,stdDP,655.911
24,2100,extDP,178.052
24,2100,MILP,920.774
24,2400,stdDP,675.319
24,2400,extDP,167.423
24,2400,MILP,927.06
24,2700,stdDP,684.88
24,2700,extDP,124.987
24,2700,MILP,512.592
24,300,stdDP,282.909
24,300,extDP,59.654
24,300,MILP,490.528
24,3000,stdDP,495.113
24,3000,extDP,113.341
24,3000,MILP,501.931
24,3300,stdDP,275.336
24,3300,extDP,77.701
24,3300,MILP,588.257
24,3600,stdDP,308.386
24,3600,extDP,112.566
24,3600,MILP,710.613
24,3900,stdDP,295.256
24,3900,extDP,105.242
24,3900,MILP,683.606
24,4200,stdDP,731.273
24,4200,extDP,180.05
24,4200,MILP,945.494
24,4500,stdDP,815.34
24,4500,extDP,199.926
24,4500,MILP,957.901
24,4800,stdDP,743.299
24,4800,extDP,183.771
24,4800,MILP,998.873
24,5100,stdDP,700.39
24,5100,extDP,185.024
24,5100,MILP,963.817
24,5400,stdDP,666.882
24,5400,extDP,175.109
24,5400,MILP,886.811
24,5700,stdDP,630.802
24,5700,extDP,198.102
24,5700,MILP,970.206
24,600,stdDP,708.275
24,600,extDP,186.68
24,600,MILP,943.872
24,6000,stdDP,692.787
24,6000,extDP,178.251
24,6000,MILP,953.525
24,6300,stdDP,704.747
24,6300,extDP,176.215
24,6300,MILP,971.38
24,6600,stdDP,740.982
24,6600,extDP,185.325
24,6600,MILP,916.895
24,6900,stdDP,721.598
24,6900,extDP,158.011
24,6900,MILP,400.585
24,7200,stdDP,292.41
24,7200,extDP,109.148
24,7200,MILP,640.679
24,7500,stdDP,475.359
24,7500,extDP,121.936
24,7500,MILP,660.538
24,7800,stdDP,491.653
24,7800,extDP,63.252
24,7800,MILP,471.687
24,8100,stdDP,282.076
24,8100,extDP,95.046
24,8100,MILP,407.786
24,8400,stdDP,267.556
24,8400,extDP,63.326
24,8400,MILP,440.558
24,8700,stdDP,261.05
24,8700,extDP,63.126
24,8700,MILP,500.827
24,900,stdDP,246.721
24,900,extDP,113.82
24,900,MILP,626.057
24,9000,stdDP,443.984
24,9000,extDP,59.947
24,9000,MILP,436.036
24,9300,stdDP,426.502
24,9300,extDP,91.512
24,9300,MILP,455.345
24,9600,stdDP,447.572
24,9600,extDP,109.561
24,9600,MILP,454.523
24,9900,stdDP,245.167
24,9900,extDP,84.083
24,9900,MILP,466.92
25,0,stdDP,277.484
25,0,extDP,120.517
25,0,MILP,654.695
25,1200,stdDP,427.024
25,1200,extDP,219.81
25,1200,MILP,592.241
25,1500,stdDP,257.073
25,1500,extDP,113.085
25,1500,MILP,458.925
25,1800,stdDP,246.573
25,1800,extDP,136.638
25,1800,MILP,632.605
25,2100,stdDP,411.125
25,2100,extDP,237.1
25,2100,MILP,516.453
25,2400,stdDP,235.746
25,2400,extDP,120.326
25,2400,MILP,417.184
25,2700,stdDP,386.817
25,2700,extDP,190.778
25,2700,MILP,454.166
25,300,stdDP,408.194
25,300,extDP,139.405
25,300,MILP,628.635
25,3000,stdDP,241.477
25,3000,extDP,198.668
25,3000,MILP,432.493
25,3300,stdDP,232.446
25,3300,extDP,199.298
25,3300,MILP,561.382
25,3600,stdDP,398.96
25,3600,extDP,117.691
25,3600,MILP,667.923
25,3900,stdDP,223.807
25,3900,extDP,179.878
25,3900,MILP,515.834
25,4200,stdDP,295.599
25,4200,extDP,196.248
25,4200,MILP,490.565
25,4500,stdDP,423.4
25,4500,extDP,211.607
25,4500,MILP,414.749
25,4800,stdDP,315.72
25,4800,extDP,108.147
25,4800,MILP,666.576
25,5100,stdDP,399.767
25,5100,extDP,118.803
25,5100,MILP,650.421
25,5400,stdDP,419.475
25,5400,extDP,151.842
25,5400,MILP,463.796
25,5700,stdDP,407.267
25,5700,extDP,114.375
25,5700,MILP,688.402
25,600,stdDP,435.779
25,600,extDP,209.863
25,600,MILP,542.759
25,6000,stdDP,242.928
25,6000,extDP,135.568
25,6000,MILP,454.045
25,6300,stdDP,274.15
25,6300,extDP,113.449
25,6300,MILP,434.279
25,6600,stdDP,245.097
25,6600,extDP,108.509
25,6600,MILP,480.159
25,6900,stdDP,227.34
25,6900,extDP,103.909
25,6900,MILP,546.706
25,7200,stdDP,439.565
25,7200,extDP,194.479
25,7200,MILP,835.335
25,7500,stdDP,532.546
25,7500,extDP,273.441
25,7500,MILP,756.931
25,7800,stdDP,309.926
25,7800,extDP,159.318
25,7800,MILP,700.512
25,8100,stdDP,448.358
25,8100,extDP,115.29
25,8100,MILP,724.229
25,8400,stdDP,315.981
25,8400,extDP,227.644
25,8400,MILP,469.201
25,8700,stdDP,256.635
25,8700,extDP,233.897
25,8700,MILP,445.448
25,900,stdDP,428.18
25,900,extDP,112.566
25,900,MILP,416.033
25,9000,stdDP,229.204
25,9000,extDP,179.692
25,9000,MILP,553.509
25,9300,stdDP,238.893
25,9300,extDP,162.277
25,9300,MILP,414.06
25,9600,stdDP,431.404
25,9600,extDP,264.397
25,9600,MILP,450.643
25,9900,stdDP,299.489
25,9900,extDP,139.065
25,9900,MILP,461.59
26,0,stdDP,212.353
26,0,extDP,209.997
26,0,MILP,470.928
26,1200,stdDP,178.003
26,1200,extDP,201.659
26,1200,MILP,461.76
26,1500,stdDP,300.09
26,1500,extDP,445.243
26,1500,MILP,652.047
26,1800,stdDP,201.235
26,1800,extDP,210.605
26,1800,MILP,460.638
26,2100,stdDP,173.117
26,2100,extDP,221.665
26,2100,MILP,500.147
26,2400,stdDP,334.87
26,2400,extDP,441.113
26,2400,MILP,568.552
26,2700,stdDP,179.186
26,2700,extDP,215.639
26,2700,MILP,773.503
26,300,stdDP,329.239
26,300,extDP,230.651
26,300,MILP,755.756
26,3000,stdDP,354.761
26,3000,extDP,425.313
26,3000,MILP,537.206
26,3300,stdDP,338.216
26,3300,extDP,215.794
26,3300,MILP,477.286
26,3600,stdDP,177.587
26,3600,extDP,231.672
26,3600,MILP,562.756
26,3900,stdDP,317.119
26,3900,extDP,319.414
26,3900,MILP,515.341
26,4200,stdDP,182.762
26,4200,extDP,198.158
26,4200,MILP,461.202
26,4500,stdDP,185.398
26,4500,extDP,279.536
26,4500,MILP,569.652
26,4800,stdDP,189.975
26,4800,extDP,276.85
26,4800,MILP,460.784
26,5100,stdDP,180.696
26,5100,extDP,407.078
26,5100,MILP,482.968
26,5400,stdDP,182.218
26,5400,extDP,264.347
26,5400,MILP,488.282
26,5700,stdDP,194.42
26,5700,extDP,240.216
26,5700,MILP,456.057
26,600,stdDP,333.565
26,600,extDP,472.895
26,600,MILP,577.72
26,6000,stdDP,181.46
26,6000,extDP,218.867
26,6000,MILP,521.824
26,6300,stdDP,187.689
26,6300,extDP,201.116
26,6300,MILP,611.969
26,6600,stdDP,197.751
26,6600,extDP,245.651
26,6600,MILP,459.073
26,6900,stdDP,185.204
26,6900,extDP,232.085
26,6900,MILP,521.401
26,7200,stdDP,200.727
26,7200,extDP,408.239
26,7200,MILP,494.088
26,7500,stdDP,187.507
26,7500,extDP,221.078
26,7500,MILP,510.923
26,7800,stdDP,232.534
26,7800,extDP,202.33
26,7800,MILP,478.995
26,8100,stdDP,317.367
26,8100,extDP,275.294
26,8100,MILP,564.174
26,8400,stdDP,167.922
26,8400,extDP,295.457
26,8400,MILP,573.424
26,8700,stdDP,184.908
26,8700,extDP,248.7
26,8700,MILP,738.983
26,900,stdDP,247.697
26,900,extDP,259.094
26,900,MILP,556.761
26,9000,stdDP,200.782
26,9000,extDP,220.98
26,9000,MILP,465.605
26,9300,stdDP,173.564
26,9300,extDP,236.923
26,9300,MILP,725.541
26,9600,stdDP,244.085
26,9600,extDP,218.376
26,9600,MILP,797.663
26,9900,stdDP,364.294
26,9900,extDP,277.615
26,9900,MILP,991.695
27,0,stdDP,503.104
27,0,extDP,692.597
27,0,MILP,1051.94
27,1200,stdDP,502.364
27,1200,extDP,559.57
27,1200,MILP,1032.43
27,1500,stdDP,568.577
27,1500,extDP,657.215
27,1500,MILP,1124.8
27,1800,stdDP,548.55
27,1800,extDP,456.212
27,1800,MILP,901.317
27,2100,stdDP,471.803
27,2100,extDP,640.803
27,2100,MILP,1013.66
27,2400,stdDP,578.041
27,2400,extDP,780.173
27,2400,MILP,892.654
27,2700,stdDP,416.465
27,2700,extDP,533.625
27,2700,MILP,935.739
27,300,stdDP,412.755
27,300,extDP,515.36
27,300,MILP,823.758
27,3000,stdDP,224.432
27,3000,extDP,218.866
27,3000,MILP,1062.25
27,3300,stdDP,461.593
27,3300,extDP,554.695
27,3300,MILP,967.449
27,3600,stdDP,536.778
27,3600,extDP,785.327
27,3600,MILP,775.969
27,3900,stdDP,367.257
27,3900,extDP,427.874
27,3900,MILP,753.45
27,4200,stdDP,324.05
27,4200,extDP,410.643
27,4200,MILP,710.567
27,4500,stdDP,314.881
27,4500,extDP,391.752
27,4500,MILP,742.637
27,4800,stdDP,317.612
27,4800,extDP,386.637
27,4800,MILP,719.558
27,5100,stdDP,311.006
27,5100,extDP,377.954
27,5100,MILP,709.769
27,5400,stdDP,317.419
27,5400,extDP,380.029
27,5400,MILP,712.491
27,5700,stdDP,318.817
27,5700,extDP,388.889
27,5700,MILP,733.321
27,600,stdDP,342.31
27,600,extDP,412.929
27,600,MILP,732.082
27,6000,stdDP,334.573
27,6000,extDP,387.71
27,6000,MILP,756.48
27,6300,stdDP,359.288
27,6300,extDP,436.304
27,6300,MILP,761.639
27,6600,stdDP,324.271
27,6600,extDP,389.912
27,6600,MILP,704.9
27,6900,stdDP,333.532
27,6900,extDP,381.915
27,6900,MILP,732.419
27,7200,stdDP,325.165
27,7200,extDP,371.482
27,7200,MILP,690.259
27,7500,stdDP,314.177
27,7500,extDP,376.916
27,7500,MILP,1297.76
27,7800,stdDP,498.163
27,7800,extDP,575.881
27,7800,MILP,1130.15
27,8100,stdDP,491.654
27,8100,extDP,584.5
27,8100,MILP,1014.4
27,8400,stdDP,443.454
27,8400,extDP,627.725
27,8400,MILP,1072.43
27,8700,stdDP,457.87
27,8700,extDP,565.857
27,8700,MILP,1044.95
27,900,stdDP,441.532
27,900,extDP,539.246
27,900,MILP,464.372
27,9000,stdDP,315.693
27,9000,extDP,245.917
27,9000,MILP,639.036
27,9300,stdDP,206.428
27,9300,extDP,261.564
27,9300,MILP,649.631
27,9600,stdDP,203.309
27,9600,extDP,422.044
27,9600,MILP,768.007
27,9900,stdDP,338.135
27,9900,extDP,375.203
27,9900,MILP,736.691
28,0,stdDP,255.799
28,0,extDP,82.418
28,0,MILP,423.415
28,1200,stdDP,252.628
28,1200,extDP,58.216
28,1200,MILP,586.999
28,1500,stdDP,420.728
28,1500,extDP,96.546
28,1500,MILP,438.928
28,1800,stdDP,458.353
28,1800,extDP,59.242
28,1800,MILP,639.552
28,2100,stdDP,247.866
28,2100,extDP,58.759
28,2100,MILP,420.199
28,2400,stdDP,258.291
28,2400,extDP,57.198
28,2400,MILP,487.746
28,2700,stdDP,445.148
28,2700,extDP,56.475
28,2700,MILP,609.706
28,300,stdDP,263.359
28,300,extDP,108.977
28,300,MILP,604.218
28,3000,stdDP,428.099
28,3000,extDP,113.922
28,3000,MILP,687.783
28,3300,stdDP,522.423
28,3300,extDP,59.629
28,3300,MILP,564.408
28,3600,stdDP,732.058
28,3600,extDP,114.241
28,3600,MILP,529.616
28,3900,stdDP,247.874
28,3900,extDP,56.924
28,3900,MILP,427.082
28,4200,stdDP,236.569
28,4200,extDP,103.948
28,4200,MILP,649.455
28,4500,stdDP,449.446
28,4500,extDP,107.71
28,4500,MILP,543.868
28,4800,stdDP,276.378
28,4800,extDP,118.042
28,4800,MILP,407.613
28,5100,stdDP,236.184
28,5100,extDP,98.085
28,5100,MILP,372.392
28,5400,stdDP,253.443
28,5400,extDP,54.484
28,5400,MILP,590.656
28,5700,stdDP,401.992
28,5700,extDP,54.788
28,5700,MILP,454.254
28,600,stdDP,254.035
28,600,extDP,111.797
28,600,MILP,682.733
28,6000,stdDP,457.392
28,6000,extDP,119.079
28,6000,MILP,626.751
28,6300,stdDP,290.819
28,6300,extDP,59.068
28,6300,MILP,900.008
28,6600,stdDP,523.548
28,6600,extDP,116.396
28,6600,MILP,652.318
28,6900,stdDP,448.859
28,6900,extDP,59.982
28,6900,MILP,418.551
28,7200,stdDP,267.706
28,7200,extDP,101.007
28,7200,MILP,655.96
28,7500,stdDP,659.249
28,7500,extDP,119.579
28,7500,MILP,451.847
28,7800,stdDP,258.042
28,7800,extDP,59.762
28,7800,MILP,411.097
28,8100,stdDP,562.483
28,8100,extDP,67.157
28,8100,MILP,400.275
28,8400,stdDP,457.846
28,8400,extDP,111.338
28,8400,MILP,703.246
28,8700,stdDP,481.608
28,8700,extDP,128.919
28,8700,MILP,518.504
28,900,stdDP,560.151
28,900,extDP,126.02
28,900,MILP,688.3
28,9000,stdDP,518.919
28,9000,extDP,64.262
28,9000,MILP,682.761
28,9300,stdDP,518.846
28,9300,extDP,65.563
28,9300,MILP,417.718
28,9600,stdDP,438.19
28,9600,extDP,115.482
28,9600,MILP,606.2
28,9900,stdDP,480.146
28,9900,extDP,255.376
28,9900,MILP,693.4
29,0,stdDP,253.528
29,0,extDP,393.464
29,0,MILP,616.57
29,1200,stdDP,166.913
29,1200,extDP,354.027
29,1200,MILP,757.115
29,1500,stdDP,159.305
29,1500,extDP,400.579
29,1500,MILP,810.782
29,1800,stdDP,276.051
29,1800,extDP,543.822
29,1800,MILP,849.629
29,2100,stdDP,275.96
29,2100,extDP,703.599
29,2100,MILP,900.805
29,2400,stdDP,176.096
29,2400,extDP,592.055
29,2400,MILP,880.104
29,2700,stdDP,329.795
29,2700,extDP,733.751
29,2700,MILP,872.584
29,300,stdDP,269.507
29,300,extDP,636.74
29,300,MILP,749.685
29,3000,stdDP,284.431
29,3000,extDP,405.622
29,3000,MILP,681.908
29,3300,stdDP,160.927
29,3300,extDP,604.009
29,3300,MILP,552.629
29,3600,stdDP,152.201
29,3600,extDP,330.552
29,3600,MILP,824.477
29,3900,stdDP,275.475
29,3900,extDP,587.803
29,3900,MILP,811.813
29,4200,stdDP,280.424
29,4200,extDP,680.786
29,4200,MILP,1302.29
29,4500,stdDP,414.808
29,4500,extDP,806.321
29,4500,MILP,1131.02
29,4800,stdDP,305.973
29,4800,extDP,887.661
29,4800,MILP,1113.37
29,5100,stdDP,411.542
29,5100,extDP,808.362
29,5100,MILP,1059.01
29,5400,stdDP,344.346
29,5400,extDP,907.824
29,5400,MILP,1129.65
29,5700,stdDP,399.024
29,5700,extDP,882.216
29,5700,MILP,594.546
29,600,stdDP,145.809
29,600,extDP,421.548
29,600,MILP,655.554
29,6000,stdDP,248.931
29,6000,extDP,363.677
29,6000,MILP,614.669
29,6300,stdDP,173.195
29,6300,extDP,611.582
29,6300,MILP,823.805
29,6600,stdDP,282.543
29,6600,extDP,445.052
29,6600,MILP,556.643
29,6900,stdDP,254.401
29,6900,extDP,629.159
29,6900,MILP,887.574
29,7200,stdDP,290.543
29,7200,extDP,659.398
29,7200,MILP,845.606
29,7500,stdDP,140.875
29,7500,extDP,342.884
29,7500,MILP,839.789
29,7800,stdDP,229.346
29,7800,extDP,328.357
29,7800,MILP,618.046
29,8100,stdDP,157.144
29,8100,extDP,624.402
29,8100,MILP,653.897
29,8400,stdDP,147.947
29,8400,extDP,373.91
29,8400,MILP,658.269
29,8700,stdDP,147.571
29,8700,extDP,596.917
29,8700,MILP,553.997
29,900,stdDP,139.817
29,900,extDP,507.426
29,900,MILP,671.163
29,9000,stdDP,162.037
29,9000,extDP,395.672
29,9000,MILP,588.378
29,9300,stdDP,149.614
29,9300,extDP,384.636
29,9300,MILP,701.804
29,9600,stdDP,145.212
29,9600,extDP,591.101
29,9600,MILP,548.214
29,9900,stdDP,264.639
29,9900,extDP,386.161
29,9900,MILP,646.063
3,0,stdDP,194.992
3,0,extDP,171.722
3,0,MILP,497.069
3,1200,stdDP,227.123
3,1200,extDP,183.003
3,1200,MILP,563.491
3,1500,stdDP,367.994
3,1500,extDP,180.713
3,1500,MILP,582.183
3,1800,stdDP,226.332
3,1800,extDP,227.216
3,1800,MILP,989.224
3,2100,stdDP,506.77
3,2100,extDP,543.979
3,2100,MILP,1175.92
3,2400,stdDP,461.114
3,2400,extDP,470.917
3,2400,MILP,1096.85
3,2700,stdDP,551.324
3,2700,extDP,526.933
3,2700,MILP,1200.55
3,300,stdDP,575.753
3,300,extDP,497.341
3,300,MILP,1091.31
3,3000,stdDP,530.505
3,3000,extDP,441.73
3,3000,MILP,1131.05
3,3300,stdDP,568.396
3,3300,extDP,469.215
3,3300,MILP,1045.94
3,3600,stdDP,531.973
3,3600,extDP,447.334
3,3600,MILP,1049.27
3,3900,stdDP,558.384
3,3900,extDP,536.615
3,3900,MILP,1090.57
3,4200,stdDP,485.669
3,4200,extDP,436.297
3,4200,MILP,962.1
3,4500,stdDP,465.622
3,4500,extDP,407.067
3,4500,MILP,970.814
3,4800,stdDP,506.792
3,4800,extDP,522.107
3,4800,MILP,1100.12
3,5100,stdDP,559.219
3,5100,extDP,576.561
3,5100,MILP,808.626
3,5400,stdDP,211.077
3,5400,extDP,210.567
3,5400,MILP,793.554
3,5700,stdDP,385.045
3,5700,extDP,368.937
3,5700,MILP,813.659
3,600,stdDP,402.063
3,600,extDP,526.332
3,600,MILP,791.615
3,6000,stdDP,385.973
3,6000,extDP,388.622
3,6000,MILP,529.201
3,6300,stdDP,224.816
3,6300,extDP,194.374
3,6300,MILP,786.953
3,6600,stdDP,448.442
3,6600,extDP,361.715
3,6600,MILP,845.4
3,6900,stdDP,341.24
3,6900,extDP,312.319
3,6900,MILP,789.923
3,7200,stdDP,362.053
3,7200,extDP,324.557
3,7200,MILP,703.58
3,7500,stdDP,401.397
3,7500,extDP,307.016
3,7500,MILP,727.749
3,7800,stdDP,366.335
3,7800,extDP,323.315
3,7800,MILP,726.187
3,8100,stdDP,365.634
3,8100,extDP,327.911
3,8100,MILP,731.757
3,8400,stdDP,365.564
3,8400,extDP,319.077
3,8400,MILP,726.99
3,8700,stdDP,409.714
3,8700,extDP,401.155
3,8700,MILP,799.475
3,900,stdDP,392.119
3,900,extDP,337.311
3,900,MILP,1099.34
3,9000,stdDP,581.662
3,9000,extDP,541.118
3,9000,MILP,1107.12
3,9300,stdDP,690.873
3,9300,extDP,521.264
3,9300,MILP,993.428
3,9600,stdDP,497.876
3,9600,extDP,449.991
3,9600,MILP,1013.03
3,9900,stdDP,498.254
3,9900,extDP,457.891
3,9900,MILP,1138.07
30,0,stdDP,511.611
30,0,extDP,648.398
30,0,MILP,1049.17
30,1200,stdDP,516.961
30,1200,extDP,621.546
30,1200,MILP,1128.79
30,1500,stdDP,556.429
30,1500,extDP,771.72
30,1500,MILP,590.623
30,1800,stdDP,493.737
30,1800,extDP,565.576
30,1800,MILP,1027.07
30,2100,stdDP,476.444
30,2100,extDP,546.837
30,2100,MILP,989.704
30,2400,stdDP,471.099
30,2400,extDP,575.118
30,2400,MILP,1014.03
30,2700,stdDP,484.63
30,2700,extDP,543.277
30,2700,MILP,980.926
30,300,stdDP,473.173
30,300,extDP,600.134
30,300,MILP,1003.94
30,3000,stdDP,473.099
30,3000,extDP,597.828
30,3000,MILP,992.295
30,3300,stdDP,463.886
30,3300,extDP,540.468
30,3300,MILP,958.79
30,3600,stdDP,482.528
30,3600,extDP,638.606
30,3600,MILP,1040.05
30,3900,stdDP,527.317
30,3900,extDP,597.387
30,3900,MILP,1023.39
30,4200,stdDP,520.184
30,4200,extDP,618.397
30,4200,MILP,1063.57
30,4500,stdDP,471.722
30,4500,extDP,557.192
30,4500,MILP,1029.29
30,4800,stdDP,560.926
30,4800,extDP,614.57
30,4800,MILP,1000.08
30,5100,stdDP,493.382
30,5100,extDP,652.808
30,5100,MILP,1107.2
30,5400,stdDP,542.406
30,5400,extDP,608.638
30,5400,MILP,999.072
30,5700,stdDP,466.664
30,5700,extDP,577.258
30,5700,MILP,1043.96
30,600,stdDP,526.627
30,600,extDP,586.815
30,600,MILP,998.964
30,6000,stdDP,497.896
30,6000,extDP,574.455
30,6000,MILP,966.801
30,6300,stdDP,446.606
30,6300,extDP,558.21
30,6300,MILP,970.711
30,6600,stdDP,462.383
30,6600,extDP,547.208
30,6600,MILP,964.918
30,6900,stdDP,470.469
30,6900,extDP,562.149
30,6900,MILP,1037.27
30,7200,stdDP,586.144
30,7200,extDP,634.139
30,7200,MILP,999.255
30,7500,stdDP,473.706
30,7500,extDP,584.61
30,7500,MILP,970.088
30,7800,stdDP,463.187
30,7800,extDP,602.303
30,7800,MILP,1142
30,8100,stdDP,556.508
30,8100,extDP,694.882
30,8100,MILP,1164.01
30,8400,stdDP,575.789
30,8400,extDP,718.587
30,8400,MILP,1141.31
30,8700,stdDP,566.716
30,8700,extDP,680.483
30,8700,MILP,1131.05
30,900,stdDP,570.488
30,900,extDP,684.052
30,900,MILP,1079.1
30,9000,stdDP,500.602
30,9000,extDP,564.985
30,9000,MILP,1056.93
30,9300,stdDP,503.788
30,9300,extDP,614.612
30,9300,MILP,1072.71
30,9600,stdDP,493.848
30,9600,extDP,622.748
30,9600,MILP,1063.41
30,9900,stdDP,501.304
30,9900,extDP,587.492
30,9900,MILP,1055.41
31,0,stdDP,659.977
31,0,extDP,173.359
31,0,MILP,893.148
31,1200,stdDP,591.026
31,1200,extDP,176.926
31,1200,MILP,908.458
31,1500,stdDP,594.1
31,1500,extDP,171.3
31,1500,MILP,903.966
31,1800,stdDP,638.167
31,1800,extDP,183.984
31,1800,MILP,930.77
31,2100,stdDP,662.825
31,2100,extDP,181.69
31,2100,MILP,991.141
31,2400,stdDP,647.627
31,2400,extDP,187.562
31,2400,MILP,576.318
31,2700,stdDP,270.272
31,2700,extDP,66.476
31,2700,MILP,541.844
31,300,stdDP,274.842
31,300,extDP,114.274
31,300,MILP,724.871
31,3000,stdDP,458.327
31,3000,extDP,125.719
31,3000,MILP,684.922
31,3300,stdDP,434.616
31,3300,extDP,66.326
31,3300,MILP,556.837
31,3600,stdDP,244.653
31,3600,extDP,136.74
31,3600,MILP,647.248
31,3900,stdDP,428.158
31,3900,extDP,95.927
31,3900,MILP,558.439
31,4200,stdDP,240.583
31,4200,extDP,67.458
31,4200,MILP,513.985
31,4500,stdDP,304.746
31,4500,extDP,67.685
31,4500,MILP,583.857
31,4800,stdDP,249.171
31,4800,extDP,62.667
31,4800,MILP,424.968
31,5100,stdDP,279.07
31,5100,extDP,99.356
31,5100,MILP,591.118
31,5400,stdDP,351.208
31,5400,extDP,137.365
31,5400,MILP,795.411
31,5700,stdDP,266.397
31,5700,extDP,121.757
31,5700,MILP,674.968
31,600,stdDP,640.165
31,600,extDP,240.548
31,600,MILP,957.467
31,6000,stdDP,653.697
31,6000,extDP,119.141
31,6000,MILP,695.219
31,6300,stdDP,438.817
31,6300,extDP,133.86
31,6300,MILP,567.789
31,6600,stdDP,473.25
31,6600,extDP,66.035
31,6600,MILP,713.49
31,6900,stdDP,535.006
31,6900,extDP,127.024
31,6900,MILP,692.25
31,7200,stdDP,427.99
31,7200,extDP,65.653
31,7200,MILP,470.145
31,7500,stdDP,247.802
31,7500,extDP,67.716
31,7500,MILP,436.499
31,7800,stdDP,245.697
31,7800,extDP,120.46
31,7800,MILP,703.25
31,8100,stdDP,442.222
31,8100,extDP,120.539
31,8100,MILP,668.439
31,8400,stdDP,447.913
31,8400,extDP,129.554
31,8400,MILP,686.339
31,8700,stdDP,487.13
31,8700,extDP,124.495
31,8700,MILP,694.945
31,900,stdDP,438.97
31,900,extDP,121.902
31,900,MILP,707.753
31,9000,stdDP,423.421
31,9000,extDP,128.357
31,9000,MILP,639.285
31,9300,stdDP,396.534
31,9300,extDP,122.682
31,9300,MILP,637.896
31,9600,stdDP,395.773
31,9600,extDP,117.947
31,9600,MILP,631.489
31,9900,stdDP,417.542
31,9900,extDP,117.899
31,9900,MILP,662.25
32,0,stdDP,319.695
32,0,extDP,1071.95
32,0,MILP,879.942
32,1200,stdDP,306.106
32,1200,extDP,1015.46
32,1200,MILP,876.48
32,1500,stdDP,333.659
32,1500,extDP,1200.12
32,1500,MILP,1002.45
32,1800,stdDP,371.955
32,1800,extDP,1062.81
32,1800,MILP,567.299
32,2100,stdDP,282.734
32,2100,extDP,839.493
32,2100,MILP,745.931
32,2400,stdDP,175.032
32,2400,extDP,1104.03
32,2400,MILP,663.066
32,2700,stdDP,298.224
32,2700,extDP,597.889
32,2700,MILP,570.433
32,300,stdDP,169.547
32,300,extDP,1047.81
32,300,MILP,917.544
32,3000,stdDP,209.561
32,3000,extDP,675.046
32,3000,MILP,614.721
32,3300,stdDP,186.842
32,3300,extDP,1097.5
32,3300,MILP,655.914
32,3600,stdDP,325.57
32,3600,extDP,1117.49
32,3600,MILP,648.306
32,3900,stdDP,186.821
32,3900,extDP,855.253
32,3900,MILP,611.116
32,4200,stdDP,175.565
32,4200,extDP,937.384
32,4200,MILP,958.93
32,4500,stdDP,337.339
32,4500,extDP,1249.68
32,4500,MILP,980.809
32,4800,stdDP,343.45
32,4800,extDP,1083.81
32,4800,MILP,795.351
32,5100,stdDP,331.438
32,5100,extDP,1095.32
32,5100,MILP,940.671
32,5400,stdDP,331.19
32,5400,extDP,1119.47
32,5400,MILP,1020.68
32,5700,stdDP,345.75
32,5700,extDP,1124.58
32,5700,MILP,933.855
32,600,stdDP,333.439
32,600,extDP,1063.01
32,600,MILP,1038.26
32,6000,stdDP,203.345
32,6000,extDP,993.553
32,6000,MILP,833.766
32,6300,stdDP,292.835
32,6300,extDP,723.173
32,6300,MILP,631.58
32,6600,stdDP,374.694
32,6600,extDP,925.785
32,6600,MILP,956.115
32,6900,stdDP,359.041
32,6900,extDP,1045.52
32,6900,MILP,909.09
32,7200,stdDP,212.046
32,7200,extDP,746.017
32,7200,MILP,709.221
32,7500,stdDP,190.828
32,7500,extDP,747.25
32,7500,MILP,665.427
32,7800,stdDP,182.625
32,7800,extDP,708.421
32,7800,MILP,958.316
32,8100,stdDP,192.556
32,8100,extDP,672.162
32,8100,MILP,918.239
32,8400,stdDP,187.311
32,8400,extDP,825.742
32,8400,MILP,957.729
32,8700,stdDP,242.704
32,8700,extDP,982.959
32,8700,MILP,620.78
32,900,stdDP,316.124
32,900,extDP,842.873
32,900,MILP,723.062
32,9000,stdDP,336.976
32,9000,extDP,959.819
32,9000,MILP,930.601
32,9300,stdDP,326.739
32,9300,extDP,1087.71
32,9300,MILP,978.476
32,9600,stdDP,347.256
32,9600,extDP,1177.93
32,9600,MILP,1314.49
32,9900,stdDP,492.201
32,9900,extDP,813.253
32,9900,MILP,704.015
33,0,stdDP,371.969
33,0,extDP,1326.06
33,0,MILP,1035.96
33,1200,stdDP,406.439
33,1200,extDP,1498.72
33,1200,MILP,706.725
33,1500,stdDP,266.5
33,1500,extDP,1302.35
33,1500,MILP,1306.36
33,1800,stdDP,488.922
33,1800,extDP,1771.56
33,1800,MILP,1597.21
33,2100,stdDP,606.434
33,2100,extDP,2037.35
33,2100,MILP,1443.01
33,2400,stdDP,260.172
33,2400,extDP,1528.86
33,2400,MILP,1572.51
33,2700,stdDP,541.992
33,2700,extDP,1833.48
33,2700,MILP,1542.2
33,300,stdDP,559.509
33,300,extDP,1897.67
33,300,MILP,1041.91
33,3000,stdDP,380.658
33,3000,extDP,1307.86
33,3000,MILP,1186.91
33,3300,stdDP,411.811
33,3300,extDP,1454.51
33,3300,MILP,1190.46
33,3600,stdDP,405.529
33,3600,extDP,1509.44
33,3600,MILP,1092.34
33,3900,stdDP,362.436
33,3900,extDP,1263.18
33,3900,MILP,1015.42
33,4200,stdDP,379.594
33,4200,extDP,1321.58
33,4200,MILP,948.759
33,4500,stdDP,348.843
33,4500,extDP,1186.25
33,4500,MILP,1159.6
33,4800,stdDP,417.958
33,4800,extDP,1380.8
33,4800,MILP,1031.16
33,5100,stdDP,381.121
33,5100,extDP,1337.4
33,5100,MILP,936.255
33,5400,stdDP,348.182
33,5400,extDP,1334.73
33,5400,MILP,955.542
33,5700,stdDP,362.076
33,5700,extDP,1163.37
33,5700,MILP,970.516
33,600,stdDP,353.183
33,600,extDP,1171.79
33,600,MILP,973.49
33,6000,stdDP,343.368
33,6000,extDP,1216.59
33,6000,MILP,1000.45
33,6300,stdDP,440.775
33,6300,extDP,1312.63
33,6300,MILP,1122.44
33,6600,stdDP,416.435
33,6600,extDP,1396.61
33,6600,MILP,1120.74
33,6900,stdDP,376.122
33,6900,extDP,1360.12
33,6900,MILP,1084.24
33,7200,stdDP,412.023
33,7200,extDP,1387.47
33,7200,MILP,964.721
33,7500,stdDP,344.557
33,7500,extDP,1198.77
33,7500,MILP,1064.23
33,7800,stdDP,364.917
33,7800,extDP,1283.96
33,7800,MILP,1001.77
33,8100,stdDP,371.653
33,8100,extDP,1328.94
33,8100,MILP,1021.63
33,8400,stdDP,378.301
33,8400,extDP,1377.89
33,8400,MILP,1107.18
33,8700,stdDP,399.97
33,8700,extDP,1283.47
33,8700,MILP,1055.5
33,900,stdDP,366.614
33,900,extDP,1443.61
33,900,MILP,1068.6
33,9000,stdDP,377.222
33,9000,extDP,1259.36
33,9000,MILP,1013.97
33,9300,stdDP,344.053
33,9300,extDP,1197.33
33,9300,MILP,1031.92
33,9600,stdDP,362.706
33,9600,extDP,1212.3
33,9600,MILP,990.75
33,9900,stdDP,360.076
33,9900,extDP,1224.66
33,9900,MILP,990.507
34,0,stdDP,398.655
34,0,extDP,1396.52
34,0,MILP,1093.87
34,1200,stdDP,401.095
34,1200,extDP,1551.21
34,1200,MILP,1126.99
34,1500,stdDP,418.411
34,1500,extDP,1386.74
34,1500,MILP,923.399
34,1800,stdDP,396.108
34,1800,extDP,1355.64
34,1800,MILP,998.709
34,2100,stdDP,410.396
34,2100,extDP,1364
34,2100,MILP,1022.36
34,2400,stdDP,405.799
34,2400,extDP,1336.83
34,2400,MILP,964.511
34,2700,stdDP,406.337
34,2700,extDP,1353.93
34,2700,MILP,957.697
34,300,stdDP,410.62
34,300,extDP,1351.28
34,300,MILP,1007.22
34,3000,stdDP,413.495
34,3000,extDP,1417.72
34,3000,MILP,1022.43
34,3300,stdDP,409.344
34,3300,extDP,1289.67
34,3300,MILP,938.538
34,3600,stdDP,419.425
34,3600,extDP,1395.97
34,3600,MILP,1015.32
34,3900,stdDP,461.673
34,3900,extDP,1424.23
34,3900,MILP,946.468
34,4200,stdDP,403.437
34,4200,extDP,1335.14
34,4200,MILP,996.451
34,4500,stdDP,416.086
34,4500,extDP,1415.84
34,4500,MILP,991.556
34,4800,stdDP,398.195
34,4800,extDP,1396.17
34,4800,MILP,1023.21
34,5100,stdDP,409.793
34,5100,extDP,1332.57
34,5100,MILP,1018.07
34,5400,stdDP,429.592
34,5400,extDP,1311.51
34,5400,MILP,946.041
34,5700,stdDP,412.713
34,5700,extDP,1417.6
34,5700,MILP,999.411
34,600,stdDP,416.099
34,600,extDP,1354.02
34,600,MILP,1014.84
34,6000,stdDP,399.104
34,6000,extDP,1373.13
34,6000,MILP,1047.88
34,6300,stdDP,411.166
34,6300,extDP,1407.25
34,6300,MILP,1014.94
34,6600,stdDP,415.506
34,6600,extDP,1370.08
34,6600,MILP,1041.91
34,6900,stdDP,438.928
34,6900,extDP,1444.47
34,6900,MILP,1083.85
34,7200,stdDP,441.229
34,7200,extDP,1534.64
34,7200,MILP,1031.04
34,7500,stdDP,425.523
34,7500,extDP,1352.11
34,7500,MILP,991.669
34,7800,stdDP,392.567
34,7800,extDP,1427.77
34,7800,MILP,950.17
34,8100,stdDP,413.661
34,8100,extDP,1383.64
34,8100,MILP,1066.11
34,8400,stdDP,433.953
34,8400,extDP,1570.17
34,8400,MILP,1055.78
34,8700,stdDP,440.555
34,8700,extDP,1426.33
34,8700,MILP,1221.63
34,900,stdDP,495.734
34,900,extDP,1945.36
34,900,MILP,697.545
34,9000,stdDP,399.945
34,9000,extDP,1086.78
34,9000,MILP,783.365
34,9300,stdDP,340.969
34,9300,extDP,929.142
34,9300,MILP,654.755
34,9600,stdDP,232.142
34,9600,extDP,889.477
34,9600,MILP,651.074
34,9900,stdDP,393.957
34,9900,extDP,1370.49
34,9900,MILP,747.398
35,0,stdDP,379.535
35,0,extDP,56.75
35,0,MILP,387.152
35,1200,stdDP,241.538
35,1200,extDP,55.411
35,1200,MILP,614.621
35,1500,stdDP,415.408
35,1500,extDP,122.862
35,1500,MILP,750.671
35,1800,stdDP,518.015
35,1800,extDP,125.035
35,1800,MILP,664.243
35,2100,stdDP,475.159
35,2100,extDP,110.548
35,2100,MILP,678.931
35,2400,stdDP,527.566
35,2400,extDP,128.88
35,2400,MILP,888.202
35,2700,stdDP,616.318
35,2700,extDP,171.461
35,2700,MILP,819.096
35,300,stdDP,547.264
35,300,extDP,169.385
35,300,MILP,880.39
35,3000,stdDP,684.406
35,3000,extDP,178.593
35,3000,MILP,829.545
35,3300,stdDP,536.655
35,3300,extDP,148.967
35,3300,MILP,880.17
35,3600,stdDP,672.822
35,3600,extDP,261.123
35,3600,MILP,942.136
35,3900,stdDP,683.73
35,3900,extDP,225.402
35,3900,MILP,920.647
35,4200,stdDP,640.549
35,4200,extDP,168.361
35,4200,MILP,868.254
35,4500,stdDP,673.712
35,4500,extDP,163.553
35,4500,MILP,827.823
35,4800,stdDP,716.488
35,4800,extDP,173.602
35,4800,MILP,851.166
35,5100,stdDP,611
35,5100,extDP,164.785
35,5100,MILP,929.781
35,5400,stdDP,635.468
35,5400,extDP,157.249
35,5400,MILP,799.274
35,5700,stdDP,282.65
35,5700,extDP,58.429
35,5700,MILP,394.097
35,600,stdDP,369.221
35,600,extDP,64.139
35,600,MILP,551.681
35,6000,stdDP,455.248
35,6000,extDP,126.076
35,6000,MILP,476.044
35,6300,stdDP,452.261
35,6300,extDP,124.54
35,6300,MILP,518.354
35,6600,stdDP,246.912
35,6600,extDP,61.311
35,6600,MILP,623.962
35,6900,stdDP,234.161
35,6900,extDP,60.024
35,6900,MILP,383.421
35,7200,stdDP,234.148
35,7200,extDP,86.012
35,7200,MILP,383.676
35,7500,stdDP,418.62
35,7500,extDP,61.078
35,7500,MILP,520.914
35,7800,stdDP,351.569
35,7800,extDP,59.691
35,7800,MILP,431.126
35,8100,stdDP,444.067
35,8100,extDP,77.33
35,8100,MILP,444.645
35,8400,stdDP,220.972
35,8400,extDP,62.188
35,8400,MILP,387.462
35,8700,stdDP,298.481
35,8700,extDP,56.596
35,8700,MILP,395.548
35,900,stdDP,336.613
35,900,extDP,56.883
35,900,MILP,443.121
35,9000,stdDP,431.56
35,9000,extDP,105.833
35,9000,MILP,530.22
35,9300,stdDP,413.883
35,9300,extDP,110.444
35,9300,MILP,420.232
35,9600,stdDP,342.452
35,9600,extDP,78.8
35,9600,MILP,420.466
35,9900,stdDP,344.509
35,9900,extDP,118.792
35,9900,MILP,522.452
36,0,stdDP,468.75
36,0,extDP,108.409
36,0,MILP,570.407
36,1200,stdDP,446.639
36,1200,extDP,117.473
36,1200,MILP,564.414
36,1500,stdDP,464.487
36,1500,extDP,74.725
36,1500,MILP,593.024
36,1800,stdDP,460.3
36,1800,extDP,110.427
36,1800,MILP,428.038
36,2100,stdDP,236.29
36,2100,extDP,54.518
36,2100,MILP,387.231
36,2400,stdDP,240.822
36,2400,extDP,54.938
36,2400,MILP,369.534
36,2700,stdDP,233.987
36,2700,extDP,115.21
36,2700,MILP,534.727
36,300,stdDP,411.438
36,300,extDP,59.175
36,300,MILP,668.72
36,3000,stdDP,623.937
36,3000,extDP,156.592
36,3000,MILP,898.537
36,3300,stdDP,759.181
36,3300,extDP,158.77
36,3300,MILP,864.455
36,3600,stdDP,686.246
36,3600,extDP,163.895
36,3600,MILP,848.258
36,3900,stdDP,615.638
36,3900,extDP,146.667
36,3900,MILP,416.685
36,4200,stdDP,237.327
36,4200,extDP,56.392
36,4200,MILP,468.172
36,4500,stdDP,235.474
36,4500,extDP,54.892
36,4500,MILP,389.771
36,4800,stdDP,426.139
36,4800,extDP,55.33
36,4800,MILP,585.805
36,5100,stdDP,392.444
36,5100,extDP,56.4
36,5100,MILP,389.554
36,5400,stdDP,238.8
36,5400,extDP,97.8
36,5400,MILP,411.978
36,5700,stdDP,249.257
36,5700,extDP,56.199
36,5700,MILP,608.625
36,600,stdDP,439.849
36,600,extDP,106.037
36,600,MILP,511.706
36,6000,stdDP,419.164
36,6000,extDP,141.736
36,6000,MILP,413.323
36,6300,stdDP,254.999
36,6300,extDP,111.661
36,6300,MILP,403.892
36,6600,stdDP,469.966
36,6600,extDP,102.437
36,6600,MILP,615.946
36,6900,stdDP,500.584
36,6900,extDP,128.414
36,6900,MILP,428.249
36,7200,stdDP,239.873
36,7200,extDP,56.839
36,7200,MILP,381.318
36,7500,stdDP,226.832
36,7500,extDP,91.856
36,7500,MILP,389.6
36,7800,stdDP,477.632
36,7800,extDP,60.3
36,7800,MILP,543.19
36,8100,stdDP,256.935
36,8100,extDP,54.622
36,8100,MILP,375.099
36,8400,stdDP,235.089
36,8400,extDP,54.823
36,8400,MILP,395.703
36,8700,stdDP,404.394
36,8700,extDP,54.938
36,8700,MILP,463.252
36,900,stdDP,233.868
36,900,extDP,99.712
36,900,MILP,380.564
36,9000,stdDP,232.89
36,9000,extDP,54.729
36,9000,MILP,375.418
36,9300,stdDP,232.956
36,9300,extDP,55.38
36,9300,MILP,427.717
36,9600,stdDP,248.859
36,9600,extDP,54.132
36,9600,MILP,373.902
36,9900,stdDP,232.959
36,9900,extDP,55.284
36,9900,MILP,383.767
37,0,stdDP,140.332
37,0,extDP,372.76
37,0,MILP,547.631
37,1200,stdDP,131.775
37,1200,extDP,406.417
37,1200,MILP,612.291
37,1500,stdDP,124.99
37,1500,extDP,404.503
37,1500,MILP,571.686
37,1800,stdDP,123.786
37,1800,extDP,389.58
37,1800,MILP,545.295
37,2100,stdDP,156.612
37,2100,extDP,443.161
37,2100,MILP,537.405
37,2400,stdDP,129.35
37,2400,extDP,696.68
37,2400,MILP,820.178
37,2700,stdDP,127.513
37,2700,extDP,409.081
37,2700,MILP,546.23
37,300,stdDP,126.213
37,300,extDP,390.899
37,300,MILP,575.495
37,3000,stdDP,264.805
37,3000,extDP,806.386
37,3000,MILP,709.775
37,3300,stdDP,137.752
37,3300,extDP,387.544
37,3300,MILP,518.757
37,3600,stdDP,124.756
37,3600,extDP,382.428
37,3600,MILP,583.518
37,3900,stdDP,128.388
37,3900,extDP,402.002
37,3900,MILP,613.057
37,4200,stdDP,216.769
37,4200,extDP,438.732
37,4200,MILP,576.141
37,4500,stdDP,124.364
37,4500,extDP,419.313
37,4500,MILP,533.145
37,4800,stdDP,135.113
37,4800,extDP,475.83
37,4800,MILP,719.346
37,5100,stdDP,140.781
37,5100,extDP,745.901
37,5100,MILP,596.058
37,5400,stdDP,128.099
37,5400,extDP,719.507
37,5400,MILP,843.41
37,5700,stdDP,135.539
37,5700,extDP,674.449
37,5700,MILP,556.096
37,600,stdDP,133.089
37,600,extDP,692.837
37,600,MILP,550.79
37,6000,stdDP,153.284
37,6000,extDP,808.996
37,6000,MILP,808.84
37,6300,stdDP,136.088
37,6300,extDP,774.413
37,6300,MILP,827.023
37,6600,stdDP,137.642
37,6600,extDP,558.454
37,6600,MILP,558.616
37,6900,stdDP,139.895
37,6900,extDP,411.254
37,6900,MILP,694.061
37,7200,stdDP,254.211
37,7200,extDP,558.19
37,7200,MILP,654.23
37,7500,stdDP,149.383
37,7500,extDP,708.998
37,7500,MILP,922.38
37,7800,stdDP,248.992
37,7800,extDP,750.488
37,7800,MILP,594.362
37,8100,stdDP,242.993
37,8100,extDP,706.519
37,8100,MILP,600.339
37,8400,stdDP,273.957
37,8400,extDP,463.088
37,8400,MILP,567.369
37,8700,stdDP,140.218
37,8700,extDP,467.674
37,8700,MILP,1134.86
37,900,stdDP,319.611
37,900,extDP,1028.13
37,900,MILP,1253.7
37,9000,stdDP,341.533
37,9000,extDP,1081.17
37,9000,MILP,1190.18
37,9300,stdDP,365.774
37,9300,extDP,950.55
37,9300,MILP,1138.11
37,9600,stdDP,350.859
37,9600,extDP,1032.95
37,9600,MILP,1103.98
37,9900,stdDP,277.411
37,9900,extDP,763.441
37,9900,MILP,930.453
38,0,stdDP,248.582
38,0,extDP,545.983
38,0,MILP,562.238
38,1200,stdDP,337.594
38,1200,extDP,876.081
38,1200,MILP,1050.15
38,1500,stdDP,342.906
38,1500,extDP,951.094
38,1500,MILP,1140.84
38,1800,stdDP,371.528
38,1800,extDP,989.218
38,1800,MILP,1051.16
38,2100,stdDP,332.464
38,2100,extDP,937.183
38,2100,MILP,1128.68
38,2400,stdDP,368.85
38,2400,extDP,930.452
38,2400,MILP,1230.07
38,2700,stdDP,318.292
38,2700,extDP,727.541
38,2700,MILP,972.119
38,300,stdDP,292.941
38,300,extDP,457.965
38,300,MILP,652.181
38,3000,stdDP,169.001
38,3000,extDP,396.013
38,3000,MILP,592.813
38,3300,stdDP,140.089
38,3300,extDP,442.022
38,3300,MILP,660.109
38,3600,stdDP,139.215
38,3600,extDP,530.673
38,3600,MILP,973.417
38,3900,stdDP,296.051
38,3900,extDP,763.49
38,3900,MILP,970.888
38,4200,stdDP,263.278
38,4200,extDP,750.529
38,4200,MILP,578.802
38,4500,stdDP,283.532
38,4500,extDP,607.673
38,4500,MILP,936.639
38,4800,stdDP,320.089
38,4800,extDP,718.247
38,4800,MILP,1154.28
38,5100,stdDP,438.999
38,5100,extDP,1007.31
38,5100,MILP,1102.53
38,5400,stdDP,386.173
38,5400,extDP,1091.55
38,5400,MILP,1126.78
38,5700,stdDP,348.56
38,5700,extDP,876.507
38,5700,MILP,1190.65
38,600,stdDP,389.488
38,600,extDP,872.388
38,600,MILP,1077.76
38,6000,stdDP,367.636
38,6000,extDP,999.122
38,6000,MILP,1393.4
38,6300,stdDP,410.11
38,6300,extDP,1136.02
38,6300,MILP,1225.8
38,6600,stdDP,380.408
38,6600,extDP,1023.15
38,6600,MILP,1102.11
38,6900,stdDP,339.524
38,6900,extDP,850.387
38,6900,MILP,1137.63
38,7200,stdDP,437.661
38,7200,extDP,1035.68
38,7200,MILP,824.707
38,7500,stdDP,269.868
38,7500,extDP,712.184
38,7500,MILP,812.85
38,7800,stdDP,267.968
38,7800,extDP,660.693
38,7800,MILP,826.3
38,8100,stdDP,261.108
38,8100,extDP,691.977
38,8100,MILP,833.393
38,8400,stdDP,268.217
38,8400,extDP,690.265
38,8400,MILP,931.528
38,8700,stdDP,272.498
38,8700,extDP,837.235
38,8700,MILP,1183.32
38,900,stdDP,353.675
38,900,extDP,892.336
38,900,MILP,1086.67
38,9000,stdDP,405.064
38,9000,extDP,988.252
38,9000,MILP,1159.58
38,9300,stdDP,332.783
38,9300,extDP,848.917
38,9300,MILP,1049.96
38,9600,stdDP,336.567
38,9600,extDP,953.501
38,9600,MILP,1093.06
38,9900,stdDP,347.655
38,9900,extDP,883.045
38,9900,MILP,1183.76
39,0,stdDP,404.498
39,0,extDP,107.514
39,0,MILP,471.174
39,1200,stdDP,292.282
39,1200,extDP,137.059
39,1200,MILP,620.855
39,1500,stdDP,242.524
39,1500,extDP,111.99
39,1500,MILP,416.275
39,1800,stdDP,225.546
39,1800,extDP,121.508
39,1800,MILP,423
39,2100,stdDP,228.764
39,2100,extDP,108.273
39,2100,MILP,405.588
39,2400,stdDP,314.693
39,2400,extDP,126.578
39,2400,MILP,623.35
39,2700,stdDP,259.614
39,2700,extDP,164.893
39,2700,MILP,406.776
39,300,stdDP,242.885
39,300,extDP,112.108
39,300,MILP,447.119
39,3000,stdDP,236.899
39,3000,extDP,104.244
39,3000,MILP,440.695
39,3300,stdDP,229.173
39,3300,extDP,144.828
39,3300,MILP,495.208
39,3600,stdDP,241.717
39,3600,extDP,210.309
39,3600,MILP,935.854
39,3900,stdDP,874.61
39,3900,extDP,379.205
39,3900,MILP,554.107
39,4200,stdDP,244.758
39,4200,extDP,114.033
39,4200,MILP,446.89
39,4500,stdDP,246.267
39,4500,extDP,128.546
39,4500,MILP,419.975
39,4800,stdDP,261.334
39,4800,extDP,111.783
39,4800,MILP,603.696
39,5100,stdDP,280.225
39,5100,extDP,113.82
39,5100,MILP,434.047
39,5400,stdDP,228.986
39,5400,extDP,149.038
39,5400,MILP,408.505
39,5700,stdDP,230.811
39,5700,extDP,131.802
39,5700,MILP,394.643
39,600,stdDP,234.704
39,600,extDP,106.714
39,600,MILP,409.384
39,6000,stdDP,417.369
39,6000,extDP,111.048
39,6000,MILP,649.514
39,6300,stdDP,230.064
39,6300,extDP,157.794
39,6300,MILP,453.428
39,6600,stdDP,234.267
39,6600,extDP,107.857
39,6600,MILP,396.689
39,6900,stdDP,225.676
39,6900,extDP,108.513
39,6900,MILP,438.046
39,7200,stdDP,233.582
39,7200,extDP,107.502
39,7200,MILP,506.27
39,7500,stdDP,238.195
39,7500,extDP,122.235
39,7500,MILP,404.586
39,7800,stdDP,234.119
39,7800,extDP,109.079
39,7800,MILP,407.811
39,8100,stdDP,238.18
39,8100,extDP,140.953
39,8100,MILP,400.433
39,8400,stdDP,226.022
39,8400,extDP,114.202
39,8400,MILP,649.218
39,8700,stdDP,226.511
39,8700,extDP,212.52
39,8700,MILP,405.927
39,900,stdDP,237.312
39,900,extDP,108.058
39,900,MILP,416.931
39,9000,stdDP,264.917
39,9000,extDP,107.203
39,9000,MILP,401.513
39,9300,stdDP,230.943
39,9300,extDP,105.493
39,9300,MILP,404.645
39,9600,stdDP,232.433
39,9600,extDP,111.511
39,9600,MILP,402.169
39,9900,stdDP,231.56
39,9900,extDP,109.796
39,9900,MILP,408.103
4,0,stdDP,140.573
4,0,extDP,375.611
4,0,MILP,511.131
4,1200,stdDP,260.915
4,1200,extDP,682.623
4,1200,MILP,517.387
4,1500,stdDP,160.596
4,1500,extDP,425.515
4,1500,MILP,491.133
4,1800,stdDP,142.205
4,1800,extDP,367.087
4,1800,MILP,555.464
4,2100,stdDP,175.694
4,2100,extDP,436.951
4,2100,MILP,509.256
4,2400,stdDP,149.89
4,2400,extDP,361.793
4,2400,MILP,533.482
4,2700,stdDP,157.203
4,2700,extDP,393.035
4,2700,MILP,751.719
4,300,stdDP,276.005
4,300,extDP,479.057
4,300,MILP,594.395
4,3000,stdDP,149.836
4,3000,extDP,438.4
4,3000,MILP,508.056
4,3300,stdDP,148.475
4,3300,extDP,727.27
4,3300,MILP,536.284
4,3600,stdDP,151.973
4,3600,extDP,404.642
4,3600,MILP,514.933
4,3900,stdDP,178.721
4,3900,extDP,350.728
4,3900,MILP,545.52
4,4200,stdDP,142.862
4,4200,extDP,548.933
4,4200,MILP,563.061
4,4500,stdDP,147.032
4,4500,extDP,367.318
4,4500,MILP,513.48
4,4800,stdDP,150.749
4,4800,extDP,394.962
4,4800,MILP,502.822
4,5100,stdDP,167.207
4,5100,extDP,376.299
4,5100,MILP,514.02
4,5400,stdDP,147.654
4,5400,extDP,386.609
4,5400,MILP,513.082
4,5700,stdDP,144.454
4,5700,extDP,357.289
4,5700,MILP,528.931
4,600,stdDP,145.174
4,600,extDP,352.228
4,600,MILP,496.426
4,6000,stdDP,151.54
4,6000,extDP,377.238
4,6000,MILP,647.107
4,6300,stdDP,252.643
4,6300,extDP,609.273
4,6300,MILP,680.794
4,6600,stdDP,303.968
4,6600,extDP,447.908
4,6600,MILP,657.816
4,6900,stdDP,282.147
4,6900,extDP,548.689
4,6900,MILP,533.532
4,7200,stdDP,144.051
4,7200,extDP,372.918
4,7200,MILP,778.808
4,7500,stdDP,158.799
4,7500,extDP,439.782
4,7500,MILP,492.418
4,7800,stdDP,141.666
4,7800,extDP,371.172
4,7800,MILP,731.955
4,8100,stdDP,145.03
4,8100,extDP,379.337
4,8100,MILP,514.96
4,8400,stdDP,143.933
4,8400,extDP,385.697
4,8400,MILP,504.354
4,8700,stdDP,152.965
4,8700,extDP,358.501
4,8700,MILP,565.68
4,900,stdDP,260.625
4,900,extDP,411.777
4,900,MILP,887.035
4,9000,stdDP,142.65
4,9000,extDP,411.596
4,9000,MILP,541.498
4,9300,stdDP,139.87
4,9300,extDP,390.248
4,9300,MILP,606.125
4,9600,stdDP,241.149
4,9600,extDP,563.36
4,9600,MILP,856.378
4,9900,stdDP,156.102
4,9900,extDP,384.528
4,9900,MILP,528.287
40,0,stdDP,218.942
40,0,extDP,383.932
40,0,MILP,734.067
40,1200,stdDP,273.687
40,1200,extDP,531.729
40,1200,MILP,525.007
40,1500,stdDP,139.88
40,1500,extDP,399.232
40,1500,MILP,505.121
40,1800,stdDP,227.724
40,1800,extDP,396.671
40,1800,MILP,528.628
40,2100,stdDP,136.884
40,2100,extDP,336.722
40,2100,MILP,496.605
40,2400,stdDP,139.086
40,2400,extDP,353.119
40,2400,MILP,618.916
40,2700,stdDP,134.934
40,2700,extDP,332.82
40,2700,MILP,508.982
40,300,stdDP,138.296
40,300,extDP,553.906
40,300,MILP,507.128
40,3000,stdDP,140.476
40,3000,extDP,363.804
40,3000,MILP,666.422
40,3300,stdDP,135.246
40,3300,extDP,347.277
40,3300,MILP,506.925
40,3600,stdDP,135.704
40,3600,extDP,345.033
40,3600,MILP,507.959
40,3900,stdDP,154.971
40,3900,extDP,334.619
40,3900,MILP,751.472
40,4200,stdDP,157.597
40,4200,extDP,386.847
40,4200,MILP,521.926
40,4500,stdDP,152.707
40,4500,extDP,331.212
40,4500,MILP,500.087
40,4800,stdDP,136.63
40,4800,extDP,380.434
40,4800,MILP,506.878
40,5100,stdDP,138.198
40,5100,extDP,405.229
40,5100,MILP,684.226
40,5400,stdDP,136.164
40,5400,extDP,612.189
40,5400,MILP,510.556
40,5700,stdDP,136.39
40,5700,extDP,334.75
40,5700,MILP,547.09
40,600,stdDP,135.214
40,600,extDP,341.225
40,600,MILP,507.506
40,6000,stdDP,136.851
40,6000,extDP,358.44
40,6000,MILP,498.249
40,6300,stdDP,135.149
40,6300,extDP,568.052
40,6300,MILP,515.086
40,6600,stdDP,138.936
40,6600,extDP,576.996
40,6600,MILP,583.777
40,6900,stdDP,134.953
40,6900,extDP,332.034
40,6900,MILP,501.508
40,7200,stdDP,142.476
40,7200,extDP,337.713
40,7200,MILP,527.391
40,7500,stdDP,136.496
40,7500,extDP,390.715
40,7500,MILP,873.681
40,7800,stdDP,296.386
40,7800,extDP,397.102
40,7800,MILP,584.128
40,8100,stdDP,150.593
40,8100,extDP,417.849
40,8100,MILP,543.61
40,8400,stdDP,260.707
40,8400,extDP,647.459
40,8400,MILP,532.751
40,8700,stdDP,150.086
40,8700,extDP,325.328
40,8700,MILP,505.251
40,900,stdDP,134.866
40,900,extDP,347.589
40,900,MILP,494.034
40,9000,stdDP,136.008
40,9000,extDP,340.57
40,9000,MILP,514.672
40,9300,stdDP,141.679
40,9300,extDP,332.639
40,9300,MILP,504.965
40,9600,stdDP,141.068
40,9600,extDP,335.723
40,9600,MILP,562.853
40,9900,stdDP,135.564
40,9900,extDP,333.498
40,9900,MILP,505.518
41,0,stdDP,152.657
41,0,extDP,352.427
41,0,MILP,506.456
41,1200,stdDP,150.916
41,1200,extDP,332.456
41,1200,MILP,492.624
41,1500,stdDP,161.842
41,1500,extDP,342.34
41,1500,MILP,494.245
41,1800,stdDP,156.21
41,1800,extDP,319.841
41,1800,MILP,496.262
41,2100,stdDP,160.528
41,2100,extDP,326.775
41,2100,MILP,534.69
41,2400,stdDP,280.604
41,2400,extDP,322.225
41,2400,MILP,498.449
41,2700,stdDP,162.186
41,2700,extDP,440.611
41,2700,MILP,684.209
41,300,stdDP,170.286
41,300,extDP,376.653
41,300,MILP,494.802
41,3000,stdDP,275.596
41,3000,extDP,417.237
41,3000,MILP,529.118
41,3300,stdDP,171.003
41,3300,extDP,686.263
41,3300,MILP,555.22
41,3600,stdDP,162.951
41,3600,extDP,334.039
41,3600,MILP,904.333
41,3900,stdDP,177.626
41,3900,extDP,457.047
41,3900,MILP,564.243
41,4200,stdDP,177.176
41,4200,extDP,410.444
41,4200,MILP,580.495
41,4500,stdDP,184.963
41,4500,extDP,391.628
41,4500,MILP,538.82
41,4800,stdDP,168.476
41,4800,extDP,341.432
41,4800,MILP,524.556
41,5100,stdDP,152.907
41,5100,extDP,339.913
41,5100,MILP,497.209
41,5400,stdDP,284.503
41,5400,extDP,653.802
41,5400,MILP,892.566
41,5700,stdDP,220.261
41,5700,extDP,390.197
41,5700,MILP,571.24
41,600,stdDP,176.723
41,600,extDP,367.732
41,600,MILP,555.744
41,6000,stdDP,174.345
41,6000,extDP,402.838
41,6000,MILP,599.21
41,6300,stdDP,175.038
41,6300,extDP,394.997
41,6300,MILP,554.465
41,6600,stdDP,174.113
41,6600,extDP,393.274
41,6600,MILP,579.369
41,6900,stdDP,186.178
41,6900,extDP,376.096
41,6900,MILP,553.039
41,7200,stdDP,233.449
41,7200,extDP,393.664
41,7200,MILP,633.92
41,7500,stdDP,181.501
41,7500,extDP,354.503
41,7500,MILP,513.444
41,7800,stdDP,184.195
41,7800,extDP,337.872
41,7800,MILP,506.305
41,8100,stdDP,162.34
41,8100,extDP,326.173
41,8100,MILP,684.075
41,8400,stdDP,154.341
41,8400,extDP,319.983
41,8400,MILP,483.354
41,8700,stdDP,161.726
41,8700,extDP,320.296
41,8700,MILP,491.483
41,900,stdDP,158.24
41,900,extDP,318.056
41,900,MILP,559.389
41,9000,stdDP,155.753
41,9000,extDP,321.184
41,9000,MILP,493.411
41,9300,stdDP,274.22
41,9300,extDP,347.499
41,9300,MILP,502.489
41,9600,stdDP,188.037
41,9600,extDP,356.911
41,9600,MILP,498.169
41,9900,stdDP,158.795
41,9900,extDP,319.102
41,9900,MILP,494.085
42,0,stdDP,231.541
42,0,extDP,148.367
42,0,MILP,611.843
42,1200,stdDP,242.41
42,1200,extDP,145.879
42,1200,MILP,446.995
42,1500,stdDP,220.313
42,1500,extDP,140.037
42,1500,MILP,423.65
42,1800,stdDP,389.648
42,1800,extDP,139.731
42,1800,MILP,514.87
42,2100,stdDP,251.085
42,2100,extDP,196.239
42,2100,MILP,495.768
42,2400,stdDP,261.392
42,2400,extDP,259.215
42,2400,MILP,589.865
42,2700,stdDP,262.78
42,2700,extDP,328.017
42,2700,MILP,476.511
42,300,stdDP,250.338
42,300,extDP,298.427
42,300,MILP,614.867
42,3000,stdDP,282.101
42,3000,extDP,150.222
42,3000,MILP,445.144
42,3300,stdDP,269.148
42,3300,extDP,200.996
42,3300,MILP,689.852
42,3600,stdDP,267.374
42,3600,extDP,165.109
42,3600,MILP,457.773
42,3900,stdDP,239.721
42,3900,extDP,147.766
42,3900,MILP,432.268
42,4200,stdDP,223.193
42,4200,extDP,263.076
42,4200,MILP,418.789
42,4500,stdDP,221.801
42,4500,extDP,142.769
42,4500,MILP,460.451
42,4800,stdDP,423.402
42,4800,extDP,274.059
42,4800,MILP,449.417
42,5100,stdDP,436.981
42,5100,extDP,147.441
42,5100,MILP,424.729
42,5400,stdDP,397.132
42,5400,extDP,142.06
42,5400,MILP,435.938
42,5700,stdDP,258.885
42,5700,extDP,153.003
42,5700,MILP,427.666
42,600,stdDP,284.045
42,600,extDP,141.876
42,600,MILP,426.833
42,6000,stdDP,230.164
42,6000,extDP,139.923
42,6000,MILP,426.313
42,6300,stdDP,226.745
42,6300,extDP,139.638
42,6300,MILP,412.333
42,6600,stdDP,228.625
42,6600,extDP,139.591
42,6600,MILP,466.902
42,6900,stdDP,226.304
42,6900,extDP,153.981
42,6900,MILP,422.38
42,7200,stdDP,225.662
42,7200,extDP,177.476
42,7200,MILP,422.05
42,7500,stdDP,226.634
42,7500,extDP,141.246
42,7500,MILP,434.188
42,7800,stdDP,286.124
42,7800,extDP,192.786
42,7800,MILP,542.356
42,8100,stdDP,221.818
42,8100,extDP,147.344
42,8100,MILP,416.521
42,8400,stdDP,469.148
42,8400,extDP,153.222
42,8400,MILP,471.443
42,8700,stdDP,257.671
42,8700,extDP,315.868
42,8700,MILP,467.952
42,900,stdDP,240.258
42,900,extDP,266.971
42,900,MILP,630.331
42,9000,stdDP,407.016
42,9000,extDP,156.936
42,9000,MILP,440.097
42,9300,stdDP,226.781
42,9300,extDP,147.651
42,9300,MILP,517.022
42,9600,stdDP,408.102
42,9600,extDP,281.542
42,9600,MILP,447.304
42,9900,stdDP,229.069
42,9900,extDP,248.473
42,9900,MILP,477.488
43,0,stdDP,314.504
43,0,extDP,249.655
43,0,MILP,476.202
43,1200,stdDP,175.619
43,1200,extDP,467.425
43,1200,MILP,520.965
43,1500,stdDP,183.544
43,1500,extDP,200.965
43,1500,MILP,489.772
43,1800,stdDP,178.41
43,1800,extDP,208.588
43,1800,MILP,492.493
43,2100,stdDP,375.456
43,2100,extDP,422.542
43,2100,MILP,658.192
43,2400,stdDP,207.885
43,2400,extDP,207.697
43,2400,MILP,511.715
43,2700,stdDP,266.548
43,2700,extDP,203.071
43,2700,MILP,469.491
43,300,stdDP,194.288
43,300,extDP,453.763
43,300,MILP,562.291
43,3000,stdDP,189.161
43,3000,extDP,297.339
43,3000,MILP,566.356
43,3300,stdDP,178.156
43,3300,extDP,271.232
43,3300,MILP,467.169
43,3600,stdDP,179.378
43,3600,extDP,208.14
43,3600,MILP,448.924
43,3900,stdDP,174.717
43,3900,extDP,202.248
43,3900,MILP,476.831
43,4200,stdDP,321.681
43,4200,extDP,253.551
43,4200,MILP,478.177
43,4500,stdDP,320.21
43,4500,extDP,198.55
43,4500,MILP,469.559
43,4800,stdDP,179.299
43,4800,extDP,201.14
43,4800,MILP,711.032
43,5100,stdDP,319.702
43,5100,extDP,390.653
43,5100,MILP,707.341
43,5400,stdDP,324.415
43,5400,extDP,380.814
43,5400,MILP,707.527
43,5700,stdDP,319.868
43,5700,extDP,426.965
43,5700,MILP,723.091
43,600,stdDP,319.086
43,600,extDP,380.695
43,600,MILP,767.07
43,6000,stdDP,352.579
43,6000,extDP,477.14
43,6000,MILP,816.567
43,6300,stdDP,371.68
43,6300,extDP,455.218
43,6300,MILP,793.208
43,6600,stdDP,523.499
43,6600,extDP,562.233
43,6600,MILP,1042.43
43,6900,stdDP,466.582
43,6900,extDP,631.793
43,6900,MILP,1031.39
43,7200,stdDP,465.473
43,7200,extDP,574.188
43,7200,MILP,1048.87
43,7500,stdDP,468.739
43,7500,extDP,602.622
43,7500,MILP,1121.58
43,7800,stdDP,511.074
43,7800,extDP,647.971
43,7800,MILP,1185.19
43,8100,stdDP,506.259
43,8100,extDP,662.98
43,8100,MILP,1049.73
43,8400,stdDP,505.873
43,8400,extDP,641.689
43,8400,MILP,1039.1
43,8700,stdDP,456.872
43,8700,extDP,585.153
43,8700,MILP,1120.9
43,900,stdDP,513.723
43,900,extDP,555.259
43,900,MILP,993.079
43,9000,stdDP,491.148
43,9000,extDP,631.304
43,9000,MILP,1072.24
43,9300,stdDP,190.191
43,9300,extDP,331.858
43,9300,MILP,633.001
43,9600,stdDP,193.976
43,9600,extDP,431.937
43,9600,MILP,627.901
43,9900,stdDP,239.241
43,9900,extDP,420.524
43,9900,MILP,539.971
44,0,stdDP,457.33
44,0,extDP,221.672
44,0,MILP,685.468
44,1200,stdDP,748.934
44,1200,extDP,424.821
44,1200,MILP,1012.76
44,1500,stdDP,601.471
44,1500,extDP,386.704
44,1500,MILP,935.564
44,1800,stdDP,618.688
44,1800,extDP,420.822
44,1800,MILP,916.729
44,2100,stdDP,660.463
44,2100,extDP,474.966
44,2100,MILP,970.333
44,2400,stdDP,659.017
44,2400,extDP,414.339
44,2400,MILP,1007.47
44,2700,stdDP,611.589
44,2700,extDP,381.52
44,2700,MILP,904.677
44,300,stdDP,618.428
44,300,extDP,487.313
44,300,MILP,961.109
44,3000,stdDP,653.432
44,3000,extDP,450.869
44,3000,MILP,937.476
44,3300,stdDP,663.571
44,3300,extDP,411.416
44,3300,MILP,899.059
44,3600,stdDP,616.302
44,3600,extDP,409.41
44,3600,MILP,967.095
44,3900,stdDP,683.892
44,3900,extDP,450.177
44,3900,MILP,1116.5
44,4200,stdDP,741.018
44,4200,extDP,518.06
44,4200,MILP,1001.01
44,4500,stdDP,628.609
44,4500,extDP,402.122
44,4500,MILP,982.76
44,4800,stdDP,645.277
44,4800,extDP,470.862
44,4800,MILP,1004.06
44,5100,stdDP,699.321
44,5100,extDP,437.482
44,5100,MILP,1019.74
44,5400,stdDP,727.774
44,5400,extDP,446.948
44,5400,MILP,954.062
44,5700,stdDP,619.278
44,5700,extDP,547.286
44,5700,MILP,989.05
44,600,stdDP,647.904
44,600,extDP,463.273
44,600,MILP,1013
44,6000,stdDP,693.04
44,6000,extDP,451.98
44,6000,MILP,1064.46
44,6300,stdDP,716.938
44,6300,extDP,453.127
44,6300,MILP,1014.76
44,6600,stdDP,628.185
44,6600,extDP,444.508
44,6600,MILP,992.449
44,6900,stdDP,262.622
44,6900,extDP,149.899
44,6900,MILP,459.419
44,7200,stdDP,265.609
44,7200,extDP,162.213
44,7200,MILP,433.961
44,7500,stdDP,236.291
44,7500,extDP,172.524
44,7500,MILP,514.971
44,7800,stdDP,255.938
44,7800,extDP,318.101
44,7800,MILP,441.784
44,8100,stdDP,445.668
44,8100,extDP,286.777
44,8100,MILP,722.488
44,8400,stdDP,439.592
44,8400,extDP,195.357
44,8400,MILP,591.618
44,8700,stdDP,280.65
44,8700,extDP,188.834
44,8700,MILP,490.751
44,900,stdDP,331.423
44,900,extDP,283.962
44,900,MILP,745.635
44,9000,stdDP,451.473
44,9000,extDP,307.87
44,9000,MILP,653.41
44,9300,stdDP,306.776
44,9300,extDP,296.151
44,9300,MILP,505.676
44,9600,stdDP,242.201
44,9600,extDP,159.829
44,9600,MILP,442.804
44,9900,stdDP,451.617
44,9900,extDP,297.356
44,9900,MILP,427.909
45,0,stdDP,351.27
45,0,extDP,403.582
45,0,MILP,571.699
45,1200,stdDP,215.138
45,1200,extDP,285.203
45,1200,MILP,520.574
45,1500,stdDP,200.455
45,1500,extDP,287.801
45,1500,MILP,641.9
45,1800,stdDP,218.567
45,1800,extDP,284.502
45,1800,MILP,603.227
45,2100,stdDP,365.589
45,2100,extDP,540.874
45,2100,MILP,743.841
45,2400,stdDP,386.875
45,2400,extDP,418.469
45,2400,MILP,873.132
45,2700,stdDP,227.549
45,2700,extDP,589.295
45,2700,MILP,621.96
45,300,stdDP,216.906
45,300,extDP,544.964
45,300,MILP,486.494
45,3000,stdDP,199.166
45,3000,extDP,274.151
45,3000,MILP,510.541
45,3300,stdDP,203.624
45,3300,extDP,586.796
45,3300,MILP,501.641
45,3600,stdDP,195.016
45,3600,extDP,306.277
45,3600,MILP,773.248
45,3900,stdDP,383.101
45,3900,extDP,595.206
45,3900,MILP,690.935
45,4200,stdDP,255.118
45,4200,extDP,490.602
45,4200,MILP,512.705
45,4500,stdDP,326.222
45,4500,extDP,320.739
45,4500,MILP,706.961
45,4800,stdDP,359.078
45,4800,extDP,324.038
45,4800,MILP,600.684
45,5100,stdDP,198.35
45,5100,extDP,336.663
45,5100,MILP,627.689
45,5400,stdDP,418.019
45,5400,extDP,607.334
45,5400,MILP,768.373
45,5700,stdDP,452.549
45,5700,extDP,493.188
45,5700,MILP,506.276
45,600,stdDP,219.295
45,600,extDP,505.967
45,600,MILP,806.221
45,6000,stdDP,419.071
45,6000,extDP,596.012
45,6000,MILP,934.533
45,6300,stdDP,485.535
45,6300,extDP,310.749
45,6300,MILP,500.436
45,6600,stdDP,212.309
45,6600,extDP,546.313
45,6600,MILP,609.805
45,6900,stdDP,241.926
45,6900,extDP,345.564
45,6900,MILP,634.629
45,7200,stdDP,237.038
45,7200,extDP,368.048
45,7200,MILP,791.861
45,7500,stdDP,399.973
45,7500,extDP,557.396
45,7500,MILP,887.537
45,7800,stdDP,397.544
45,7800,extDP,677.448
45,7800,MILP,593.344
45,8100,stdDP,233.772
45,8100,extDP,301.436
45,8100,MILP,483.035
45,8400,stdDP,183.805
45,8400,extDP,498.19
45,8400,MILP,543.185
45,8700,stdDP,190.368
45,8700,extDP,536.555
45,8700,MILP,511.448
45,900,stdDP,310.423
45,900,extDP,514.467
45,900,MILP,708.082
45,9000,stdDP,217.604
45,9000,extDP,280.578
45,9000,MILP,661.609
45,9300,stdDP,355.027
45,9300,extDP,516.632
45,9300,MILP,589.558
45,9600,stdDP,207.81
45,9600,extDP,489.912
45,9600,MILP,482.06
45,9900,stdDP,277.194
45,9900,extDP,424.083
45,9900,MILP,476.468
46,0,stdDP,231.751
46,0,extDP,107.777
46,0,MILP,429.078
46,1200,stdDP,243.258
46,1200,extDP,147.336
46,1200,MILP,432.389
46,1500,stdDP,258.761
46,1500,extDP,117.224
46,1500,MILP,635.795
46,1800,stdDP,497.117
46,1800,extDP,273.356
46,1800,MILP,1037.06
46,2100,stdDP,727.243
46,2100,extDP,360.376
46,2100,MILP,805.011
46,2400,stdDP,648.378
46,2400,extDP,267.142
46,2400,MILP,815.296
46,2700,stdDP,522.674
46,2700,extDP,259.184
46,2700,MILP,853.466
46,300,stdDP,513.426
46,300,extDP,252.089
46,300,MILP,758.186
46,3000,stdDP,505.698
46,3000,extDP,312.7
46,3000,MILP,721.812
46,3300,stdDP,517.527
46,3300,extDP,412.924
46,3300,MILP,1014.95
46,3600,stdDP,714.517
46,3600,extDP,436.012
46,3600,MILP,980.472
46,3900,stdDP,706.651
46,3900,extDP,441.651
46,3900,MILP,1008.95
46,4200,stdDP,733.541
46,4200,extDP,449.313
46,4200,MILP,1031
46,4500,stdDP,780.011
46,4500,extDP,349.492
46,4500,MILP,1068.59
46,4800,stdDP,719.131
46,4800,extDP,438.886
46,4800,MILP,1032.54
46,5100,stdDP,685.03
46,5100,extDP,321.338
46,5100,MILP,1004.11
46,5400,stdDP,664.416
46,5400,extDP,336.345
46,5400,MILP,1091.08
46,5700,stdDP,720.804
46,5700,extDP,291.218
46,5700,MILP,1052.82
46,600,stdDP,715.287
46,600,extDP,337.708
46,600,MILP,968.968
46,6000,stdDP,686.013
46,6000,extDP,329.976
46,6000,MILP,945.982
46,6300,stdDP,666.838
46,6300,extDP,390.39
46,6300,MILP,947.764
46,6600,stdDP,752.597
46,6600,extDP,345.086
46,6600,MILP,1454.69
46,6900,stdDP,723.692
46,6900,extDP,395.48
46,6900,MILP,1042.73
46,7200,stdDP,893.063
46,7200,extDP,350.909
46,7200,MILP,958.462
46,7500,stdDP,682.361
46,7500,extDP,451.012
46,7500,MILP,998.694
46,7800,stdDP,721.897
46,7800,extDP,466.93
46,7800,MILP,949.411
46,8100,stdDP,662.804
46,8100,extDP,306.133
46,8100,MILP,970.434
46,8400,stdDP,687.804
46,8400,extDP,336.869
46,8400,MILP,883.221
46,8700,stdDP,628.068
46,8700,extDP,372.989
46,8700,MILP,970.951
46,900,stdDP,722.737
46,900,extDP,415.97
46,900,MILP,1056.34
46,9000,stdDP,744.44
46,9000,extDP,345.437
46,9000,MILP,995.481
46,9300,stdDP,661.59
46,9300,extDP,361.183
46,9300,MILP,1006.94
46,9600,stdDP,753.169
46,9600,extDP,331.196
46,9600,MILP,954.346
46,9900,stdDP,577.898
46,9900,extDP,328.072
46,9900,MILP,878.112
47,0,stdDP,399.164
47,0,extDP,1021.35
47,0,MILP,1215.09
47,1200,stdDP,481.935
47,1200,extDP,1077.22
47,1200,MILP,1178.13
47,1500,stdDP,457.515
47,1500,extDP,1219.55
47,1500,MILP,541.465
47,1800,stdDP,152.634
47,1800,extDP,381.68
47,1800,MILP,847.365
47,2100,stdDP,199.844
47,2100,extDP,412.043
47,2100,MILP,829.023
47,2400,stdDP,311.881
47,2400,extDP,805.053
47,2400,MILP,951.826
47,2700,stdDP,336.746
47,2700,extDP,796.115
47,2700,MILP,906.543
47,300,stdDP,319.918
47,300,extDP,736.704
47,300,MILP,794.238
47,3000,stdDP,285.194
47,3000,extDP,687.975
47,3000,MILP,798.482
47,3300,stdDP,332.565
47,3300,extDP,732.227
47,3300,MILP,815.169
47,3600,stdDP,292.727
47,3600,extDP,698.528
47,3600,MILP,808.76
47,3900,stdDP,278.711
47,3900,extDP,723.104
47,3900,MILP,787.343
47,4200,stdDP,292.432
47,4200,extDP,811.604
47,4200,MILP,839.549
47,4500,stdDP,303.274
47,4500,extDP,784.019
47,4500,MILP,824.017
47,4800,stdDP,305.594
47,4800,extDP,719.5
47,4800,MILP,826.68
47,5100,stdDP,295.699
47,5100,extDP,697.123
47,5100,MILP,802.935
47,5400,stdDP,296.965
47,5400,extDP,705.682
47,5400,MILP,907.741
47,5700,stdDP,321.809
47,5700,extDP,769.376
47,5700,MILP,840.09
47,600,stdDP,313.093
47,600,extDP,791.26
47,600,MILP,878.591
47,6000,stdDP,353.501
47,6000,extDP,755.504
47,6000,MILP,873.639
47,6300,stdDP,319.091
47,6300,extDP,809.483
47,6300,MILP,919.495
47,6600,stdDP,369.353
47,6600,extDP,825.083
47,6600,MILP,921.373
47,6900,stdDP,317.128
47,6900,extDP,783.546
47,6900,MILP,887.725
47,7200,stdDP,286.51
47,7200,extDP,678.435
47,7200,MILP,827.561
47,7500,stdDP,301.8
47,7500,extDP,726.386
47,7500,MILP,822.858
47,7800,stdDP,283.428
47,7800,extDP,682.557
47,7800,MILP,819.384
47,8100,stdDP,295.083
47,8100,extDP,723.724
47,8100,MILP,882.307
47,8400,stdDP,314.531
47,8400,extDP,779.467
47,8400,MILP,894.591
47,8700,stdDP,304.909
47,8700,extDP,728.86
47,8700,MILP,854.922
47,900,stdDP,312.744
47,900,extDP,698.2
47,900,MILP,904.964
47,9000,stdDP,350.51
47,9000,extDP,799.704
47,9000,MILP,914.529
47,9300,stdDP,338.023
47,9300,extDP,744.739
47,9300,MILP,848.968
47,9600,stdDP,308.678
47,9600,extDP,721.341
47,9600,MILP,792.432
47,9900,stdDP,284.495
47,9900,extDP,694.011
47,9900,MILP,805.885
48,0,stdDP,476.691
48,0,extDP,297.993
48,0,MILP,747.449
48,1200,stdDP,531.228
48,1200,extDP,335.206
48,1200,MILP,714.478
48,1500,stdDP,475.924
48,1500,extDP,200.221
48,1500,MILP,473.79
48,1800,stdDP,503.848
48,1800,extDP,168.193
48,1800,MILP,467.367
48,2100,stdDP,468.998
48,2100,extDP,273.618
48,2100,MILP,682.316
48,2400,stdDP,516.143
48,2400,extDP,362.728
48,2400,MILP,580.69
48,2700,stdDP,287.263
48,2700,extDP,292.547
48,2700,MILP,492.473
48,300,stdDP,264.319
48,300,extDP,139.831
48,300,MILP,410.283
48,3000,stdDP,247.365
48,3000,extDP,199.901
48,3000,MILP,438.102
48,3300,stdDP,251.686
48,3300,extDP,140.018
48,3300,MILP,567.623
48,3600,stdDP,500.442
48,3600,extDP,289.676
48,3600,MILP,470.075
48,3900,stdDP,265.308
48,3900,extDP,152.303
48,3900,MILP,421.595
48,4200,stdDP,382.862
48,4200,extDP,193.446
48,4200,MILP,640.432
48,4500,stdDP,508.547
48,4500,extDP,157.231
48,4500,MILP,609.377
48,4800,stdDP,403.458
48,4800,extDP,201.977
48,4800,MILP,448.722
48,5100,stdDP,316.378
48,5100,extDP,306.7
48,5100,MILP,524.083
48,5400,stdDP,323.823
48,5400,extDP,151.885
48,5400,MILP,572.21
48,5700,stdDP,271.441
48,5700,extDP,194.579
48,5700,MILP,635.904
48,600,stdDP,462.263
48,600,extDP,375.995
48,600,MILP,886.579
48,6000,stdDP,631.802
48,6000,extDP,402.197
48,6000,MILP,427.063
48,6300,stdDP,262.045
48,6300,extDP,220.26
48,6300,MILP,449.323
48,6600,stdDP,279.356
48,6600,extDP,266.993
48,6600,MILP,476.329
48,6900,stdDP,460.617
48,6900,extDP,152.553
48,6900,MILP,532.275
48,7200,stdDP,266.586
48,7200,extDP,290.718
48,7200,MILP,555.756
48,7500,stdDP,511.525
48,7500,extDP,337.753
48,7500,MILP,821.177
48,7800,stdDP,534.559
48,7800,extDP,358.588
48,7800,MILP,735.129
48,8100,stdDP,301.184
48,8100,extDP,314.017
48,8100,MILP,715.603
48,8400,stdDP,266.138
48,8400,extDP,153.908
48,8400,MILP,775.589
48,8700,stdDP,789.642
48,8700,extDP,332.613
48,8700,MILP,574.822
48,900,stdDP,551.593
48,900,extDP,383.326
48,900,MILP,796.597
48,9000,stdDP,640.654
48,9000,extDP,397.065
48,9000,MILP,870.401
48,9300,stdDP,641.81
48,9300,extDP,429.677
48,9300,MILP,914.956
48,9600,stdDP,651.742
48,9600,extDP,383.106
48,9600,MILP,912.807
48,9900,stdDP,739.694
48,9900,extDP,424.281
48,9900,MILP,924.284
49,0,stdDP,522.672
49,0,extDP,444.445
49,0,MILP,1029.22
49,1200,stdDP,486.306
49,1200,extDP,448.919
49,1200,MILP,979.072
49,1500,stdDP,496.559
49,1500,extDP,431.846
49,1500,MILP,980.433
49,1800,stdDP,468.774
49,1800,extDP,456.561
49,1800,MILP,1004.68
49,2100,stdDP,487.672
49,2100,extDP,438.043
49,2100,MILP,988.616
49,2400,stdDP,531.843
49,2400,extDP,489.306
49,2400,MILP,1001.23
49,2700,stdDP,479.898
49,2700,extDP,435.76
49,2700,MILP,1003.59
49,300,stdDP,491.417
49,300,extDP,405.151
49,300,MILP,984.631
49,3000,stdDP,485.231
49,3000,extDP,443.547
49,3000,MILP,987.549
49,3300,stdDP,472.193
49,3300,extDP,450.25
49,3300,MILP,947.906
49,3600,stdDP,470.89
49,3600,extDP,446.745
49,3600,MILP,1048.96
49,3900,stdDP,514.438
49,3900,extDP,436.963
49,3900,MILP,1015.81
49,4200,stdDP,490.072
49,4200,extDP,457.263
49,4200,MILP,961.89
49,4500,stdDP,515.02
49,4500,extDP,490.548
49,4500,MILP,965.248
49,4800,stdDP,485.818
49,4800,extDP,418.185
49,4800,MILP,1008.61
49,5100,stdDP,495.599
49,5100,extDP,460.918
49,5100,MILP,975.571
49,5400,stdDP,518.531
49,5400,extDP,498.488
49,5400,MILP,1057.5
49,5700,stdDP,491.991
49,5700,extDP,418.399
49,5700,MILP,1010.18
49,600,stdDP,504.298
49,600,extDP,444.739
49,600,MILP,1025.4
49,6000,stdDP,622.508
49,6000,extDP,473.115
49,6000,MILP,1025.55
49,6300,stdDP,484.311
49,6300,extDP,484.07
49,6300,MILP,1047.74
49,6600,stdDP,497.081
49,6600,extDP,441.95
49,6600,MILP,1024.38
49,6900,stdDP,496.44
49,6900,extDP,450.506
49,6900,MILP,1028.81
49,7200,stdDP,495.805
49,7200,extDP,440.991
49,7200,MILP,1009.72
49,7500,stdDP,493.61
49,7500,extDP,466.325
49,7500,MILP,1032.88
49,7800,stdDP,488.866
49,7800,extDP,444.09
49,7800,MILP,1019.85
49,8100,stdDP,523.177
49,8100,extDP,464.304
49,8100,MILP,1131.72
49,8400,stdDP,514.669
49,8400,extDP,484.611
49,8400,MILP,1088.87
49,8700,stdDP,549.465
49,8700,extDP,509.475
49,8700,MILP,1010.95
49,900,stdDP,509.734
49,900,extDP,446.727
49,900,MILP,1056.45
49,9000,stdDP,498.938
49,9000,extDP,486.161
49,9000,MILP,1014.67
49,9300,stdDP,565.721
49,9300,extDP,449.897
49,9300,MILP,1033.78
49,9600,stdDP,490.914
49,9600,extDP,481.426
49,9600,MILP,1068.94
49,9900,stdDP,530.572
49,9900,extDP,459.37
49,9900,MILP,1027.46
5,0,stdDP,388.49
5,0,extDP,1277.76
5,0,MILP,1203.18
5,1200,stdDP,368.927
5,1200,extDP,1297.71
5,1200,MILP,1256.06
5,1500,stdDP,382.03
5,1500,extDP,1294.45
5,1500,MILP,1209.57
5,1800,stdDP,385.713
5,1800,extDP,1326.15
5,1800,MILP,1227.89
5,2100,stdDP,380.938
5,2100,extDP,1306.35
5,2100,MILP,1283.96
5,2400,stdDP,441.292
5,2400,extDP,1303.07
5,2400,MILP,1248.23
5,2700,stdDP,424.246
5,2700,extDP,1526.44
5,2700,MILP,1300.91
5,300,stdDP,411.437
5,300,extDP,1513.27
5,300,MILP,1305.09
5,3000,stdDP,408.625
5,3000,extDP,1379.58
5,3000,MILP,1291.69
5,3300,stdDP,408.776
5,3300,extDP,1407.83
5,3300,MILP,1262.62
5,3600,stdDP,410.167
5,3600,extDP,1430.72
5,3600,MILP,1342.87
5,3900,stdDP,425.523
5,3900,extDP,1507.51
5,3900,MILP,1336.07
5,4200,stdDP,441.273
5,4200,extDP,1413.8
5,4200,MILP,1287.38
5,4500,stdDP,399.42
5,4500,extDP,1380.19
5,4500,MILP,1285.94
5,4800,stdDP,390.56
5,4800,extDP,1404.87
5,4800,MILP,1315.09
5,5100,stdDP,441.409
5,5100,extDP,1442.06
5,5100,MILP,1330.94
5,5400,stdDP,441.504
5,5400,extDP,1355.14
5,5400,MILP,1280
5,5700,stdDP,418.534
5,5700,extDP,1422.03
5,5700,MILP,1323.52
5,600,stdDP,400.027
5,600,extDP,1409.16
5,600,MILP,1293.27
5,6000,stdDP,454.138
5,6000,extDP,1415.25
5,6000,MILP,1300.6
5,6300,stdDP,405.743
5,6300,extDP,1318.03
5,6300,MILP,1268.87
5,6600,stdDP,407.154
5,6600,extDP,1389.81
5,6600,MILP,1331.41
5,6900,stdDP,436.302
5,6900,extDP,1473.31
5,6900,MILP,1335.6
5,7200,stdDP,409.143
5,7200,extDP,1392.65
5,7200,MILP,1280.46
5,7500,stdDP,401.336
5,7500,extDP,1336.24
5,7500,MILP,1254.84
5,7800,stdDP,469.284
5,7800,extDP,1516.93
5,7800,MILP,1303.75
5,8100,stdDP,426.656
5,8100,extDP,1356.48
5,8100,MILP,1264.47
5,8400,stdDP,394.531
5,8400,extDP,1362.34
5,8400,MILP,621.461
5,8700,stdDP,161.007
5,8700,extDP,590.781
5,8700,MILP,609.463
5,900,stdDP,161.331
5,900,extDP,583.509
5,900,MILP,629.671
5,9000,stdDP,265.417
5,9000,extDP,804.509
5,9000,MILP,603.188
5,9300,stdDP,161.14
5,9300,extDP,669.425
5,9300,MILP,1064.32
5,9600,stdDP,255.593
5,9600,extDP,622.806
5,9600,MILP,597.872
5,9900,stdDP,290.225
5,9900,extDP,579.48
5,9900,MILP,622.654
6,0,stdDP,145.611
6,0,extDP,532.393
6,0,MILP,602.469
6,1200,stdDP,224.95
6,1200,extDP,546.891
6,1200,MILP,660.414
6,1500,stdDP,142.528
6,1500,extDP,495.242
6,1500,MILP,605.405
6,1800,stdDP,139.632
6,1800,extDP,888.845
6,1800,MILP,655.831
6,2100,stdDP,165.011
6,2100,extDP,584.365
6,2100,MILP,696.305
6,2400,stdDP,210.281
6,2400,extDP,613.297
6,2400,MILP,948.046
6,2700,stdDP,263.482
6,2700,extDP,926.352
6,2700,MILP,938.216
6,300,stdDP,262.233
6,300,extDP,919.89
6,300,MILP,947.387
6,3000,stdDP,262.317
6,3000,extDP,906.592
6,3000,MILP,929.634
6,3300,stdDP,258.744
6,3300,extDP,912.848
6,3300,MILP,962.162
6,3600,stdDP,266.769
6,3600,extDP,937.239
6,3600,MILP,1029.05
6,3900,stdDP,286.361
6,3900,extDP,943.958
6,3900,MILP,1006.56
6,4200,stdDP,268.883
6,4200,extDP,933.492
6,4200,MILP,1016
6,4500,stdDP,285.24
6,4500,extDP,994.916
6,4500,MILP,1082.86
6,4800,stdDP,279.117
6,4800,extDP,944.602
6,4800,MILP,1016.75
6,5100,stdDP,327.61
6,5100,extDP,1031.42
6,5100,MILP,1177.72
6,5400,stdDP,304.042
6,5400,extDP,1144.22
6,5400,MILP,1076.21
6,5700,stdDP,303.77
6,5700,extDP,1046.49
6,5700,MILP,1064.25
6,600,stdDP,308.958
6,600,extDP,1011.93
6,600,MILP,1081.73
6,6000,stdDP,269.692
6,6000,extDP,1004.95
6,6000,MILP,1040.35
6,6300,stdDP,271.831
6,6300,extDP,970.939
6,6300,MILP,1028.43
6,6600,stdDP,275.89
6,6600,extDP,969.232
6,6600,MILP,1025.61
6,6900,stdDP,275.683
6,6900,extDP,960.963
6,6900,MILP,1029.94
6,7200,stdDP,283.37
6,7200,extDP,987.498
6,7200,MILP,998.087
6,7500,stdDP,277.945
6,7500,extDP,1042.5
6,7500,MILP,1055.92
6,7800,stdDP,288.022
6,7800,extDP,996.761
6,7800,MILP,1069.17
6,8100,stdDP,286.581
6,8100,extDP,1007.72
6,8100,MILP,1076.83
6,8400,stdDP,292.554
6,8400,extDP,974.935
6,8400,MILP,1036.17
6,8700,stdDP,273.648
6,8700,extDP,1070.07
6,8700,MILP,1080.19
6,900,stdDP,291.601
6,900,extDP,1029.23
6,900,MILP,1513.79
6,9000,stdDP,389.343
6,9000,extDP,1428.45
6,9000,MILP,1432.07
6,9300,stdDP,389.382
6,9300,extDP,1465.74
6,9300,MILP,1446.24
6,9600,stdDP,510.422
6,9600,extDP,1509.91
6,9600,MILP,1570.53
6,9900,stdDP,454.526
6,9900,extDP,1507.71
6,9900,MILP,1493.5
7,0,stdDP,669.143
7,0,extDP,919.407
7,0,MILP,1255.38
7,1200,stdDP,648.328
7,1200,extDP,877.794
7,1200,MILP,1169.73
7,1500,stdDP,662.753
7,1500,extDP,878.389
7,1500,MILP,1192.63
7,1800,stdDP,667.495
7,1800,extDP,1042.69
7,1800,MILP,1178.75
7,2100,stdDP,711.462
7,2100,extDP,1012.69
7,2100,MILP,1173.03
7,2400,stdDP,663.903
7,2400,extDP,867.206
7,2400,MILP,1273
7,2700,stdDP,696.092
7,2700,extDP,985.756
7,2700,MILP,1216.95
7,300,stdDP,689.091
7,300,extDP,989.472
7,300,MILP,1826.83
7,3000,stdDP,782.588
7,3000,extDP,1012.93
7,3000,MILP,1032.03
7,3300,stdDP,528.929
7,3300,extDP,715.74
7,3300,MILP,988.258
7,3600,stdDP,565.858
7,3600,extDP,745.334
7,3600,MILP,862.297
7,3900,stdDP,528.876
7,3900,extDP,568.751
7,3900,MILP,880.637
7,4200,stdDP,655.292
7,4200,extDP,1082.19
7,4200,MILP,1174.82
7,4500,stdDP,658.069
7,4500,extDP,907.343
7,4500,MILP,1229.45
7,4800,stdDP,750.852
7,4800,extDP,1050.36
7,4800,MILP,1329.56
7,5100,stdDP,744.22
7,5100,extDP,1064.47
7,5100,MILP,1378.27
7,5400,stdDP,870.409
7,5400,extDP,1222.59
7,5400,MILP,1519.59
7,5700,stdDP,907.477
7,5700,extDP,1315.31
7,5700,MILP,1644.22
7,600,stdDP,942.504
7,600,extDP,1459.12
7,600,MILP,1786.69
7,6000,stdDP,936.813
7,6000,extDP,1282.39
7,6000,MILP,1614.13
7,6300,stdDP,904.051
7,6300,extDP,1237.53
7,6300,MILP,1658.61
7,6600,stdDP,929.277
7,6600,extDP,1210.72
7,6600,MILP,1603.16
7,6900,stdDP,937.516
7,6900,extDP,1327.59
7,6900,MILP,1679.97
7,7200,stdDP,956.904
7,7200,extDP,1266.86
7,7200,MILP,1410.38
7,7500,stdDP,478.106
7,7500,extDP,491.543
7,7500,MILP,870.489
7,7800,stdDP,382.57
7,7800,extDP,522.12
7,7800,MILP,1209.67
7,8100,stdDP,388.462
7,8100,extDP,734.464
7,8100,MILP,951.035
7,8400,stdDP,392.725
7,8400,extDP,927.099
7,8400,MILP,858.111
7,8700,stdDP,404.367
7,8700,extDP,495.997
7,8700,MILP,952.522
7,900,stdDP,607.99
7,900,extDP,478.637
7,900,MILP,1230.92
7,9000,stdDP,389.448
7,9000,extDP,833.923
7,9000,MILP,771.446
7,9300,stdDP,384.501
7,9300,extDP,588.204
7,9300,MILP,1204.66
7,9600,stdDP,680.354
7,9600,extDP,497.964
7,9600,MILP,1306.35
7,9900,stdDP,927.42
7,9900,extDP,1273.71
7,9900,MILP,1635.59
8,0,stdDP,720.933
8,0,extDP,2667.17
8,0,MILP,2265.89
8,1200,stdDP,731.156
8,1200,extDP,2626.33
8,1200,MILP,2425
8,1500,stdDP,768.068
8,1500,extDP,2574.5
8,1500,MILP,2470.03
8,1800,stdDP,716.191
8,1800,extDP,1918.4
8,1800,MILP,1830.3
8,2100,stdDP,309.537
8,2100,extDP,2090.53
8,2100,MILP,1527.92
8,2400,stdDP,504.91
8,2400,extDP,2042.03
8,2400,MILP,1653.83
8,2700,stdDP,568.477
8,2700,extDP,2039.06
8,2700,MILP,1171.44
8,300,stdDP,385.191
8,300,extDP,1209.08
8,300,MILP,1221.6
8,3000,stdDP,458.764
8,3000,extDP,1209.94
8,3000,MILP,1134.8
8,3300,stdDP,324.679
8,3300,extDP,1430.22
8,3300,MILP,1256.93
8,3600,stdDP,718.005
8,3600,extDP,2363.41
8,3600,MILP,2278.42
8,3900,stdDP,725.852
8,3900,extDP,2577.5
8,3900,MILP,1784.98
8,4200,stdDP,727.234
8,4200,extDP,2799.04
8,4200,MILP,2368.49
8,4500,stdDP,886.886
8,4500,extDP,3200.76
8,4500,MILP,2710.27
8,4800,stdDP,1022.51
8,4800,extDP,4215.9
8,4800,MILP,3114.73
8,5100,stdDP,1020.42
8,5100,extDP,3676.7
8,5100,MILP,3502.15
8,5400,stdDP,1059.89
8,5400,extDP,3843.04
8,5400,MILP,3372.41
8,5700,stdDP,1112.16
8,5700,extDP,4292.94
8,5700,MILP,3861.78
8,600,stdDP,1092.84
8,600,extDP,4999.49
8,600,MILP,4399.74
8,6000,stdDP,1607.26
8,6000,extDP,6010.3
8,6000,MILP,4538.59
8,6300,stdDP,1421.71
8,6300,extDP,8346.12
8,6300,MILP,9466.64
8,6600,stdDP,4328.94
8,6600,extDP,10374.4
8,6600,MILP,3732.37
8,6900,stdDP,1209.35
8,6900,extDP,4116.87
8,6900,MILP,3488.83
8,7200,stdDP,1187.78
8,7200,extDP,8671.23
8,7200,MILP,6631.15
8,7500,stdDP,977.426
8,7500,extDP,7021.45
8,7500,MILP,6158.16
8,7800,stdDP,673.583
8,7800,extDP,6654.36
8,7800,MILP,7840.83
8,8100,stdDP,617.79
8,8100,extDP,2492.56
8,8100,MILP,1985.49
8,8400,stdDP,640.971
8,8400,extDP,2681.96
8,8400,MILP,2606.94
8,8700,stdDP,705.163
8,8700,extDP,3311.03
8,8700,MILP,2159.17
8,900,stdDP,746.887
8,900,extDP,2535.73
8,900,MILP,4959.74
8,9000,stdDP,953.64
8,9000,extDP,4746.55
8,9000,MILP,5961.84
8,9300,stdDP,471.162
8,9300,extDP,2361.24
8,9300,MILP,1619.41
8,9600,stdDP,430.954
8,9600,extDP,1600.46
8,9600,MILP,1427.28
8,9900,stdDP,424.701
8,9900,extDP,1537.32
8,9900,MILP,1354.55
9,0,stdDP,399.89
9,0,extDP,1079.88
9,0,MILP,1081.72
9,1200,stdDP,391.009
9,1200,extDP,1093.84
9,1200,MILP,1034.89
9,1500,stdDP,377.314
9,1500,extDP,2137.05
9,1500,MILP,993.209
9,1800,stdDP,395.168
9,1800,extDP,1127.67
9,1800,MILP,1012.38
9,2100,stdDP,361.93
9,2100,extDP,1019.27
9,2100,MILP,1014.19
9,2400,stdDP,369.37
9,2400,extDP,1074.26
9,2400,MILP,1054.74
9,2700,stdDP,384.989
9,2700,extDP,1097.44
9,2700,MILP,983.332
9,300,stdDP,363.613
9,300,extDP,1071.09
9,300,MILP,997.818
9,3000,stdDP,364.246
9,3000,extDP,1049.38
9,3000,MILP,3911.54
9,3300,stdDP,418.157
9,3300,extDP,2115.04
9,3300,MILP,1064.21
9,3600,stdDP,350.993
9,3600,extDP,1068.21
9,3600,MILP,1008.24
9,3900,stdDP,371.281
9,3900,extDP,1131.66
9,3900,MILP,1011.12
9,4200,stdDP,353.771
9,4200,extDP,1177.19
9,4200,MILP,988.853
9,4500,stdDP,368.367
9,4500,extDP,1060.39
9,4500,MILP,962.488
9,4800,stdDP,336.77
9,4800,extDP,1001.24
9,4800,MILP,1165.22
9,5100,stdDP,342.488
9,5100,extDP,844.125
9,5100,MILP,840.716
9,5400,stdDP,319.937
9,5400,extDP,827.687
9,5400,MILP,827.038
9,5700,stdDP,301.327
9,5700,extDP,922.175
9,5700,MILP,935.275
9,600,stdDP,321.101
9,600,extDP,924.017
9,600,MILP,931.827
9,6000,stdDP,375.348
9,6000,extDP,1055.24
9,6000,MILP,1229.66
9,6300,stdDP,334.888
9,6300,extDP,1100.69
9,6300,MILP,1089.73
9,6600,stdDP,418.985
9,6600,extDP,1061.26
9,6600,MILP,1103.89
9,6900,stdDP,394.002
9,6900,extDP,1076.16
9,6900,MILP,1015.72
9,7200,stdDP,361.074
9,7200,extDP,1153.21
9,7200,MILP,967.317
9,7500,stdDP,336.912
9,7500,extDP,889.168
9,7500,MILP,880.271
9,7800,stdDP,348.11
9,7800,extDP,1044.03
9,7800,MILP,888.052
9,8100,stdDP,318.466
9,8100,extDP,1187.07
9,8100,MILP,888.875
9,8400,stdDP,305.336
9,8400,extDP,866.139
9,8400,MILP,868.951
9,8700,stdDP,325.004
9,8700,extDP,859.224
9,8700,MILP,866.158
9,900,stdDP,302.173
9,900,extDP,912.767
9,900,MILP,851.052
9,9000,stdDP,308.293
9,9000,extDP,932.033
9,9000,MILP,889.374
9,9300,stdDP,329.202
9,9300,extDP,1021.11
9,9300,MILP,832.559
9,9600,stdDP,365.477
9,9600,extDP,843.481
9,9600,MILP,816.136
9,9900,stdDP,301.982
9,9900,extDP,768.836
9,9900,MILP,804.337
